/var/spool/sge/scc-213/job_scripts/4206526: line 14: /etc/profile.d/modules.sh: No such file or directory
/share/pkg.8/miniconda/25.3.1/install/etc/profile.d/mamba.sh: line 30: export: mamba: not a function
/share/pkg.8/miniconda/25.3.1/install/etc/profile.d/mamba.sh: line 31: export: __mamba_exe: not a function
Warning: You are sending unauthenticated requests to the HF Hub. Please set a HF_TOKEN to enable higher rate limits and faster downloads.

============================================================
BPL RAG Ingestion Pipeline
  Full-text dir  : data/fulltext
  Metadata file  : data/metadata/metadata.jsonl
  Batch size     : 64
============================================================


── Pass 2: Metadata-only records ──────────────────────────
  Reading metadata JSONL: metadata.jsonl ...
Loading BGE-M3 model on cuda
Fetching 30 files:   0%|          | 0/30 [00:00<?, ?it/s]Fetching 30 files: 100%|██████████| 30/30 [00:00<00:00, 11329.83it/s]
Loading weights:   0%|          | 0/391 [00:00<?, ?it/s]Loading weights: 100%|██████████| 391/391 [00:00<00:00, 44805.55it/s]
loading existing colbert_linear and sparse_linear---------
  Flushed 64 docs | 0 chunks | totals → 64 docs / 0 chunks
  Flushed 64 docs | 0 chunks | totals → 128 docs / 0 chunks
  Flushed 64 docs | 0 chunks | totals → 192 docs / 0 chunks
  Flushed 64 docs | 0 chunks | totals → 256 docs / 0 chunks
  Flushed 64 docs | 0 chunks | totals → 320 docs / 0 chunks
  Flushed 64 docs | 0 chunks | totals → 384 docs / 0 chunks
  Flushed 64 docs | 0 chunks | totals → 448 docs / 0 chunks
  Flushed 64 docs | 0 chunks | totals → 512 docs / 0 chunks
  Flushed 64 docs | 0 chunks | totals → 576 docs / 0 chunks
  Flushed 64 docs | 0 chunks | totals → 640 docs / 0 chunks
  Flushed 64 docs | 0 chunks | totals → 704 docs / 0 chunks
  Flushed 64 docs | 0 chunks | totals → 768 docs / 0 chunks
  Flushed 64 docs | 0 chunks | totals → 832 docs / 0 chunks
  Flushed 64 docs | 0 chunks | totals → 896 docs / 0 chunks
  Flushed 64 docs | 0 chunks | totals → 960 docs / 0 chunks
  Flushed 64 docs | 0 chunks | totals → 1024 docs / 0 chunks
  Flushed 64 docs | 0 chunks | totals → 1088 docs / 0 chunks
  Flushed 64 docs | 0 chunks | totals → 1152 docs / 0 chunks
  Flushed 64 docs | 0 chunks | totals → 1216 docs / 0 chunks
  Flushed 64 docs | 0 chunks | totals → 1280 docs / 0 chunks
  Flushed 64 docs | 0 chunks | totals → 1344 docs / 0 chunks
  Flushed 64 docs | 0 chunks | totals → 1408 docs / 0 chunks
  Flushed 64 docs | 0 chunks | totals → 1472 docs / 0 chunks
  Flushed 64 docs | 0 chunks | totals → 1536 docs / 0 chunks
  Flushed 64 docs | 0 chunks | totals → 1600 docs / 0 chunks
  Flushed 64 docs | 0 chunks | totals → 1664 docs / 0 chunks
  Flushed 64 docs | 0 chunks | totals → 1728 docs / 0 chunks
  Flushed 64 docs | 0 chunks | totals → 1792 docs / 0 chunks
  Flushed 64 docs | 0 chunks | totals → 1856 docs / 0 chunks
  Flushed 64 docs | 0 chunks | totals → 1920 docs / 0 chunks
  Flushed 64 docs | 0 chunks | totals → 1984 docs / 0 chunks
  Flushed 64 docs | 0 chunks | totals → 2048 docs / 0 chunks
  Flushed 64 docs | 0 chunks | totals → 2112 docs / 0 chunks
  Flushed 64 docs | 0 chunks | totals → 2176 docs / 0 chunks
  Flushed 64 docs | 0 chunks | totals → 2240 docs / 0 chunks
  Flushed 64 docs | 0 chunks | totals → 2304 docs / 0 chunks
  Flushed 64 docs | 0 chunks | totals → 2368 docs / 0 chunks
  Flushed 64 docs | 0 chunks | totals → 2432 docs / 0 chunks
  Flushed 64 docs | 0 chunks | totals → 2496 docs / 0 chunks
  Flushed 64 docs | 0 chunks | totals → 2560 docs / 0 chunks
  Flushed 64 docs | 0 chunks | totals → 2624 docs / 0 chunks
  Flushed 64 docs | 0 chunks | totals → 2688 docs / 0 chunks
  Flushed 64 docs | 0 chunks | totals → 2752 docs / 0 chunks
  Flushed 64 docs | 0 chunks | totals → 2816 docs / 0 chunks
  Flushed 64 docs | 0 chunks | totals → 2880 docs / 0 chunks
  Flushed 64 docs | 0 chunks | totals → 2944 docs / 0 chunks
  Flushed 64 docs | 0 chunks | totals → 3008 docs / 0 chunks
  Flushed 64 docs | 0 chunks | totals → 3072 docs / 0 chunks
  Flushed 64 docs | 0 chunks | totals → 3136 docs / 0 chunks
  Flushed 64 docs | 0 chunks | totals → 3200 docs / 0 chunks
  Flushed 64 docs | 0 chunks | totals → 3264 docs / 0 chunks
  Flushed 64 docs | 0 chunks | totals → 3328 docs / 0 chunks
  Flushed 64 docs | 0 chunks | totals → 3392 docs / 0 chunks
  Flushed 64 docs | 0 chunks | totals → 3456 docs / 0 chunks
  Flushed 64 docs | 0 chunks | totals → 3520 docs / 0 chunks
  Flushed 64 docs | 0 chunks | totals → 3584 docs / 0 chunks
  Flushed 64 docs | 0 chunks | totals → 3648 docs / 0 chunks
  Flushed 64 docs | 0 chunks | totals → 3712 docs / 0 chunks
  Flushed 64 docs | 0 chunks | totals → 3776 docs / 0 chunks
  Flushed 64 docs | 0 chunks | totals → 3840 docs / 0 chunks
  Flushed 64 docs | 0 chunks | totals → 3904 docs / 0 chunks
  Flushed 64 docs | 0 chunks | totals → 3968 docs / 0 chunks
  Flushed 64 docs | 0 chunks | totals → 4032 docs / 0 chunks
  Flushed 64 docs | 0 chunks | totals → 4096 docs / 0 chunks
  Flushed 64 docs | 0 chunks | totals → 4160 docs / 0 chunks
  Flushed 64 docs | 0 chunks | totals → 4224 docs / 0 chunks
  Flushed 64 docs | 0 chunks | totals → 4288 docs / 0 chunks
  Flushed 64 docs | 0 chunks | totals → 4352 docs / 0 chunks
  Flushed 64 docs | 0 chunks | totals → 4416 docs / 0 chunks
  Flushed 64 docs | 0 chunks | totals → 4480 docs / 0 chunks
  Flushed 64 docs | 0 chunks | totals → 4544 docs / 0 chunks
  Flushed 64 docs | 0 chunks | totals → 4608 docs / 0 chunks
  Flushed 64 docs | 0 chunks | totals → 4672 docs / 0 chunks
  Flushed 64 docs | 0 chunks | totals → 4736 docs / 0 chunks
  Flushed 64 docs | 0 chunks | totals → 4800 docs / 0 chunks
  Flushed 64 docs | 0 chunks | totals → 4864 docs / 0 chunks
  Flushed 64 docs | 0 chunks | totals → 4928 docs / 0 chunks
  Flushed 64 docs | 0 chunks | totals → 4992 docs / 0 chunks
  Flushed 64 docs | 0 chunks | totals → 5056 docs / 0 chunks
  Flushed 64 docs | 0 chunks | totals → 5120 docs / 0 chunks
  Flushed 64 docs | 0 chunks | totals → 5184 docs / 0 chunks
  Flushed 64 docs | 0 chunks | totals → 5248 docs / 0 chunks
  Flushed 64 docs | 0 chunks | totals → 5312 docs / 0 chunks
  Flushed 64 docs | 0 chunks | totals → 5376 docs / 0 chunks
  Flushed 64 docs | 0 chunks | totals → 5440 docs / 0 chunks
  Flushed 64 docs | 0 chunks | totals → 5504 docs / 0 chunks
  Flushed 64 docs | 0 chunks | totals → 5568 docs / 0 chunks
  Flushed 64 docs | 0 chunks | totals → 5632 docs / 0 chunks
  Flushed 64 docs | 0 chunks | totals → 5696 docs / 0 chunks
  Flushed 64 docs | 0 chunks | totals → 5760 docs / 0 chunks
  Flushed 64 docs | 0 chunks | totals → 5824 docs / 0 chunks
  Flushed 64 docs | 0 chunks | totals → 5888 docs / 0 chunks
  Flushed 64 docs | 0 chunks | totals → 5952 docs / 0 chunks
  Flushed 64 docs | 0 chunks | totals → 6016 docs / 0 chunks
  Flushed 64 docs | 0 chunks | totals → 6080 docs / 0 chunks
  Flushed 64 docs | 0 chunks | totals → 6144 docs / 0 chunks
  Flushed 64 docs | 0 chunks | totals → 6208 docs / 0 chunks
  Flushed 64 docs | 0 chunks | totals → 6272 docs / 0 chunks
  Flushed 64 docs | 0 chunks | totals → 6336 docs / 0 chunks
  Flushed 64 docs | 0 chunks | totals → 6400 docs / 0 chunks
  Flushed 64 docs | 0 chunks | totals → 6464 docs / 0 chunks
  Flushed 64 docs | 0 chunks | totals → 6528 docs / 0 chunks
  Flushed 64 docs | 0 chunks | totals → 6592 docs / 0 chunks
  Flushed 64 docs | 0 chunks | totals → 6656 docs / 0 chunks
  Flushed 64 docs | 0 chunks | totals → 6720 docs / 0 chunks
  Flushed 64 docs | 0 chunks | totals → 6784 docs / 0 chunks
  Flushed 64 docs | 0 chunks | totals → 6848 docs / 0 chunks
  Flushed 64 docs | 0 chunks | totals → 6912 docs / 0 chunks
  Flushed 64 docs | 0 chunks | totals → 6976 docs / 0 chunks
  Flushed 64 docs | 0 chunks | totals → 7040 docs / 0 chunks
  Flushed 64 docs | 0 chunks | totals → 7104 docs / 0 chunks
  Flushed 64 docs | 0 chunks | totals → 7168 docs / 0 chunks
  Flushed 64 docs | 0 chunks | totals → 7232 docs / 0 chunks
  Flushed 64 docs | 0 chunks | totals → 7296 docs / 0 chunks
  Flushed 64 docs | 0 chunks | totals → 7360 docs / 0 chunks
  Flushed 64 docs | 0 chunks | totals → 7424 docs / 0 chunks
  Flushed 64 docs | 0 chunks | totals → 7488 docs / 0 chunks
  Flushed 64 docs | 0 chunks | totals → 7552 docs / 0 chunks
  Flushed 64 docs | 0 chunks | totals → 7616 docs / 0 chunks
  Flushed 64 docs | 0 chunks | totals → 7680 docs / 0 chunks
  Flushed 64 docs | 0 chunks | totals → 7744 docs / 0 chunks
  Flushed 64 docs | 0 chunks | totals → 7808 docs / 0 chunks
  Flushed 64 docs | 0 chunks | totals → 7872 docs / 0 chunks
  Flushed 64 docs | 0 chunks | totals → 7936 docs / 0 chunks
  Flushed 64 docs | 0 chunks | totals → 8000 docs / 0 chunks
  Flushed 64 docs | 0 chunks | totals → 8064 docs / 0 chunks
  Flushed 64 docs | 0 chunks | totals → 8128 docs / 0 chunks
  Flushed 64 docs | 0 chunks | totals → 8192 docs / 0 chunks
  Flushed 64 docs | 0 chunks | totals → 8256 docs / 0 chunks
  Flushed 64 docs | 0 chunks | totals → 8320 docs / 0 chunks
  Flushed 64 docs | 0 chunks | totals → 8384 docs / 0 chunks
  Flushed 64 docs | 0 chunks | totals → 8448 docs / 0 chunks
  Flushed 64 docs | 0 chunks | totals → 8512 docs / 0 chunks
  Flushed 64 docs | 0 chunks | totals → 8576 docs / 0 chunks
  Flushed 64 docs | 0 chunks | totals → 8640 docs / 0 chunks
  Flushed 64 docs | 0 chunks | totals → 8704 docs / 0 chunks
  Flushed 64 docs | 0 chunks | totals → 8768 docs / 0 chunks
  Flushed 64 docs | 0 chunks | totals → 8832 docs / 0 chunks
  Flushed 64 docs | 0 chunks | totals → 8896 docs / 0 chunks
  Flushed 64 docs | 0 chunks | totals → 8960 docs / 0 chunks
  Flushed 64 docs | 0 chunks | totals → 9024 docs / 0 chunks
  Flushed 64 docs | 0 chunks | totals → 9088 docs / 0 chunks
  Flushed 64 docs | 0 chunks | totals → 9152 docs / 0 chunks
  Flushed 64 docs | 0 chunks | totals → 9216 docs / 0 chunks
  Flushed 64 docs | 0 chunks | totals → 9280 docs / 0 chunks
  Flushed 64 docs | 0 chunks | totals → 9344 docs / 0 chunks
  Flushed 64 docs | 0 chunks | totals → 9408 docs / 0 chunks
  Flushed 64 docs | 0 chunks | totals → 9472 docs / 0 chunks
  Flushed 64 docs | 0 chunks | totals → 9536 docs / 0 chunks
  Flushed 64 docs | 0 chunks | totals → 9600 docs / 0 chunks
  Flushed 64 docs | 0 chunks | totals → 9664 docs / 0 chunks
  Flushed 64 docs | 0 chunks | totals → 9728 docs / 0 chunks
  Flushed 64 docs | 0 chunks | totals → 9792 docs / 0 chunks
  Flushed 64 docs | 0 chunks | totals → 9856 docs / 0 chunks
  Flushed 64 docs | 0 chunks | totals → 9920 docs / 0 chunks
  Flushed 64 docs | 0 chunks | totals → 9984 docs / 0 chunks
  Flushed 64 docs | 0 chunks | totals → 10048 docs / 0 chunks
  Flushed 64 docs | 0 chunks | totals → 10112 docs / 0 chunks
  Flushed 64 docs | 0 chunks | totals → 10176 docs / 0 chunks
  Flushed 64 docs | 0 chunks | totals → 10240 docs / 0 chunks
  Flushed 64 docs | 0 chunks | totals → 10304 docs / 0 chunks
  Flushed 64 docs | 0 chunks | totals → 10368 docs / 0 chunks
  Flushed 64 docs | 0 chunks | totals → 10432 docs / 0 chunks
  Flushed 64 docs | 0 chunks | totals → 10496 docs / 0 chunks
  Flushed 64 docs | 0 chunks | totals → 10560 docs / 0 chunks
  Flushed 64 docs | 0 chunks | totals → 10624 docs / 0 chunks
  Flushed 64 docs | 0 chunks | totals → 10688 docs / 0 chunks
  Flushed 64 docs | 0 chunks | totals → 10752 docs / 0 chunks
  Flushed 64 docs | 0 chunks | totals → 10816 docs / 0 chunks
  Flushed 64 docs | 0 chunks | totals → 10880 docs / 0 chunks
  Flushed 64 docs | 0 chunks | totals → 10944 docs / 0 chunks
  Flushed 64 docs | 0 chunks | totals → 11008 docs / 0 chunks
  Flushed 64 docs | 0 chunks | totals → 11072 docs / 0 chunks
  Flushed 64 docs | 0 chunks | totals → 11136 docs / 0 chunks
  Flushed 64 docs | 0 chunks | totals → 11200 docs / 0 chunks
  Flushed 64 docs | 0 chunks | totals → 11264 docs / 0 chunks
  Flushed 64 docs | 0 chunks | totals → 11328 docs / 0 chunks
  Flushed 64 docs | 0 chunks | totals → 11392 docs / 0 chunks
  Flushed 64 docs | 0 chunks | totals → 11456 docs / 0 chunks
  Flushed 64 docs | 0 chunks | totals → 11520 docs / 0 chunks
  Flushed 64 docs | 0 chunks | totals → 11584 docs / 0 chunks
  Flushed 64 docs | 0 chunks | totals → 11648 docs / 0 chunks
  Flushed 64 docs | 0 chunks | totals → 11712 docs / 0 chunks
  Flushed 64 docs | 0 chunks | totals → 11776 docs / 0 chunks
  Flushed 64 docs | 0 chunks | totals → 11840 docs / 0 chunks
  Flushed 64 docs | 0 chunks | totals → 11904 docs / 0 chunks
  Flushed 64 docs | 0 chunks | totals → 11968 docs / 0 chunks
  Flushed 64 docs | 0 chunks | totals → 12032 docs / 0 chunks
  Flushed 64 docs | 0 chunks | totals → 12096 docs / 0 chunks
  Flushed 64 docs | 0 chunks | totals → 12160 docs / 0 chunks
  Flushed 64 docs | 0 chunks | totals → 12224 docs / 0 chunks
  Flushed 64 docs | 0 chunks | totals → 12288 docs / 0 chunks
  Flushed 64 docs | 0 chunks | totals → 12352 docs / 0 chunks
  Flushed 64 docs | 0 chunks | totals → 12416 docs / 0 chunks
  Flushed 64 docs | 0 chunks | totals → 12480 docs / 0 chunks
  Flushed 64 docs | 0 chunks | totals → 12544 docs / 0 chunks
  Flushed 64 docs | 0 chunks | totals → 12608 docs / 0 chunks
  Flushed 64 docs | 0 chunks | totals → 12672 docs / 0 chunks
  Flushed 64 docs | 0 chunks | totals → 12736 docs / 0 chunks
  Flushed 64 docs | 0 chunks | totals → 12800 docs / 0 chunks
  Flushed 64 docs | 0 chunks | totals → 12864 docs / 0 chunks
  Flushed 64 docs | 0 chunks | totals → 12928 docs / 0 chunks
  Flushed 64 docs | 0 chunks | totals → 12992 docs / 0 chunks
  Flushed 64 docs | 0 chunks | totals → 13056 docs / 0 chunks
  Flushed 64 docs | 0 chunks | totals → 13120 docs / 0 chunks
  Flushed 64 docs | 0 chunks | totals → 13184 docs / 0 chunks
  Flushed 64 docs | 0 chunks | totals → 13248 docs / 0 chunks
  Flushed 64 docs | 0 chunks | totals → 13312 docs / 0 chunks
  Flushed 64 docs | 0 chunks | totals → 13376 docs / 0 chunks
  Flushed 64 docs | 0 chunks | totals → 13440 docs / 0 chunks
  Flushed 64 docs | 0 chunks | totals → 13504 docs / 0 chunks
  Flushed 64 docs | 0 chunks | totals → 13568 docs / 0 chunks
  Flushed 64 docs | 0 chunks | totals → 13632 docs / 0 chunks
  Flushed 64 docs | 0 chunks | totals → 13696 docs / 0 chunks
  Flushed 64 docs | 0 chunks | totals → 13760 docs / 0 chunks
  Flushed 64 docs | 0 chunks | totals → 13824 docs / 0 chunks
  Flushed 64 docs | 0 chunks | totals → 13888 docs / 0 chunks
  Flushed 64 docs | 0 chunks | totals → 13952 docs / 0 chunks
  Flushed 64 docs | 0 chunks | totals → 14016 docs / 0 chunks
  Flushed 64 docs | 0 chunks | totals → 14080 docs / 0 chunks
  Flushed 64 docs | 0 chunks | totals → 14144 docs / 0 chunks
  Flushed 64 docs | 0 chunks | totals → 14208 docs / 0 chunks
  Flushed 64 docs | 0 chunks | totals → 14272 docs / 0 chunks
  Flushed 64 docs | 0 chunks | totals → 14336 docs / 0 chunks
  Flushed 64 docs | 0 chunks | totals → 14400 docs / 0 chunks
  Flushed 64 docs | 0 chunks | totals → 14464 docs / 0 chunks
  Flushed 64 docs | 0 chunks | totals → 14528 docs / 0 chunks
  Flushed 64 docs | 0 chunks | totals → 14592 docs / 0 chunks
  Flushed 64 docs | 0 chunks | totals → 14656 docs / 0 chunks
  Flushed 64 docs | 0 chunks | totals → 14720 docs / 0 chunks
  Flushed 64 docs | 0 chunks | totals → 14784 docs / 0 chunks
  Flushed 64 docs | 0 chunks | totals → 14848 docs / 0 chunks
  Flushed 64 docs | 0 chunks | totals → 14912 docs / 0 chunks
  Flushed 64 docs | 0 chunks | totals → 14976 docs / 0 chunks
  Flushed 64 docs | 0 chunks | totals → 15040 docs / 0 chunks
  Flushed 64 docs | 0 chunks | totals → 15104 docs / 0 chunks
  Flushed 64 docs | 0 chunks | totals → 15168 docs / 0 chunks
  Flushed 64 docs | 0 chunks | totals → 15232 docs / 0 chunks
  Flushed 64 docs | 0 chunks | totals → 15296 docs / 0 chunks
  Flushed 64 docs | 0 chunks | totals → 15360 docs / 0 chunks
  Flushed 64 docs | 0 chunks | totals → 15424 docs / 0 chunks
  Flushed 64 docs | 0 chunks | totals → 15488 docs / 0 chunks
  Flushed 64 docs | 0 chunks | totals → 15552 docs / 0 chunks
  Flushed 64 docs | 0 chunks | totals → 15616 docs / 0 chunks
  Flushed 64 docs | 0 chunks | totals → 15680 docs / 0 chunks
  Flushed 64 docs | 0 chunks | totals → 15744 docs / 0 chunks
  Flushed 64 docs | 0 chunks | totals → 15808 docs / 0 chunks
  Flushed 64 docs | 0 chunks | totals → 15872 docs / 0 chunks
  Flushed 64 docs | 0 chunks | totals → 15936 docs / 0 chunks
  Flushed 64 docs | 0 chunks | totals → 16000 docs / 0 chunks
  Flushed 64 docs | 0 chunks | totals → 16064 docs / 0 chunks
  Flushed 64 docs | 0 chunks | totals → 16128 docs / 0 chunks
  Flushed 64 docs | 0 chunks | totals → 16192 docs / 0 chunks
  Flushed 64 docs | 0 chunks | totals → 16256 docs / 0 chunks
  Flushed 64 docs | 0 chunks | totals → 16320 docs / 0 chunks
  Flushed 64 docs | 0 chunks | totals → 16384 docs / 0 chunks
  Flushed 64 docs | 0 chunks | totals → 16448 docs / 0 chunks
  Flushed 64 docs | 0 chunks | totals → 16512 docs / 0 chunks
  Flushed 64 docs | 0 chunks | totals → 16576 docs / 0 chunks
  Flushed 64 docs | 0 chunks | totals → 16640 docs / 0 chunks
  Flushed 64 docs | 0 chunks | totals → 16704 docs / 0 chunks
  Flushed 64 docs | 0 chunks | totals → 16768 docs / 0 chunks
  Flushed 64 docs | 0 chunks | totals → 16832 docs / 0 chunks
  Flushed 64 docs | 0 chunks | totals → 16896 docs / 0 chunks
  Flushed 64 docs | 0 chunks | totals → 16960 docs / 0 chunks
  Flushed 64 docs | 0 chunks | totals → 17024 docs / 0 chunks
  Flushed 64 docs | 0 chunks | totals → 17088 docs / 0 chunks
  Flushed 64 docs | 0 chunks | totals → 17152 docs / 0 chunks
  Flushed 64 docs | 0 chunks | totals → 17216 docs / 0 chunks
  Flushed 64 docs | 0 chunks | totals → 17280 docs / 0 chunks
  Flushed 64 docs | 0 chunks | totals → 17344 docs / 0 chunks
  Flushed 64 docs | 0 chunks | totals → 17408 docs / 0 chunks
  Flushed 64 docs | 0 chunks | totals → 17472 docs / 0 chunks
  Flushed 64 docs | 0 chunks | totals → 17536 docs / 0 chunks
  Flushed 64 docs | 0 chunks | totals → 17600 docs / 0 chunks
  Flushed 64 docs | 0 chunks | totals → 17664 docs / 0 chunks
  Flushed 64 docs | 0 chunks | totals → 17728 docs / 0 chunks
  Flushed 64 docs | 0 chunks | totals → 17792 docs / 0 chunks
  Flushed 64 docs | 0 chunks | totals → 17856 docs / 0 chunks
  Flushed 64 docs | 0 chunks | totals → 17920 docs / 0 chunks
  Flushed 64 docs | 0 chunks | totals → 17984 docs / 0 chunks
  Flushed 64 docs | 0 chunks | totals → 18048 docs / 0 chunks
  Flushed 64 docs | 0 chunks | totals → 18112 docs / 0 chunks
  Flushed 64 docs | 0 chunks | totals → 18176 docs / 0 chunks
  Flushed 64 docs | 0 chunks | totals → 18240 docs / 0 chunks
  Flushed 64 docs | 0 chunks | totals → 18304 docs / 0 chunks
  Flushed 64 docs | 0 chunks | totals → 18368 docs / 0 chunks
  Flushed 64 docs | 0 chunks | totals → 18432 docs / 0 chunks
  Flushed 64 docs | 0 chunks | totals → 18496 docs / 0 chunks
  Flushed 64 docs | 0 chunks | totals → 18560 docs / 0 chunks
  Flushed 64 docs | 0 chunks | totals → 18624 docs / 0 chunks
  Flushed 64 docs | 0 chunks | totals → 18688 docs / 0 chunks
  Flushed 64 docs | 0 chunks | totals → 18752 docs / 0 chunks
  Flushed 64 docs | 0 chunks | totals → 18816 docs / 0 chunks
  Flushed 64 docs | 0 chunks | totals → 18880 docs / 0 chunks
  Flushed 64 docs | 0 chunks | totals → 18944 docs / 0 chunks
  Flushed 64 docs | 0 chunks | totals → 19008 docs / 0 chunks
  Flushed 64 docs | 0 chunks | totals → 19072 docs / 0 chunks
  Flushed 64 docs | 0 chunks | totals → 19136 docs / 0 chunks
  Flushed 64 docs | 0 chunks | totals → 19200 docs / 0 chunks
  Flushed 64 docs | 0 chunks | totals → 19264 docs / 0 chunks
  Flushed 64 docs | 0 chunks | totals → 19328 docs / 0 chunks
  Flushed 64 docs | 0 chunks | totals → 19392 docs / 0 chunks
  Flushed 64 docs | 0 chunks | totals → 19456 docs / 0 chunks
  Flushed 64 docs | 0 chunks | totals → 19520 docs / 0 chunks
  Flushed 64 docs | 0 chunks | totals → 19584 docs / 0 chunks
  Flushed 64 docs | 0 chunks | totals → 19648 docs / 0 chunks
  Flushed 64 docs | 0 chunks | totals → 19712 docs / 0 chunks
  Flushed 64 docs | 0 chunks | totals → 19776 docs / 0 chunks
  Flushed 64 docs | 0 chunks | totals → 19840 docs / 0 chunks
  Flushed 64 docs | 0 chunks | totals → 19904 docs / 0 chunks
  Flushed 64 docs | 0 chunks | totals → 19968 docs / 0 chunks
  Flushed 64 docs | 0 chunks | totals → 20032 docs / 0 chunks
  Flushed 64 docs | 0 chunks | totals → 20096 docs / 0 chunks
  Flushed 64 docs | 0 chunks | totals → 20160 docs / 0 chunks
  Flushed 64 docs | 0 chunks | totals → 20224 docs / 0 chunks
  Flushed 64 docs | 0 chunks | totals → 20288 docs / 0 chunks
  Flushed 64 docs | 0 chunks | totals → 20352 docs / 0 chunks
  Flushed 64 docs | 0 chunks | totals → 20416 docs / 0 chunks
  Flushed 64 docs | 0 chunks | totals → 20480 docs / 0 chunks
  Flushed 64 docs | 0 chunks | totals → 20544 docs / 0 chunks
  Flushed 64 docs | 0 chunks | totals → 20608 docs / 0 chunks
  Flushed 64 docs | 0 chunks | totals → 20672 docs / 0 chunks
  Flushed 64 docs | 0 chunks | totals → 20736 docs / 0 chunks
  Flushed 64 docs | 0 chunks | totals → 20800 docs / 0 chunks
  Flushed 64 docs | 0 chunks | totals → 20864 docs / 0 chunks
  Flushed 64 docs | 0 chunks | totals → 20928 docs / 0 chunks
  Flushed 64 docs | 0 chunks | totals → 20992 docs / 0 chunks
  Flushed 64 docs | 0 chunks | totals → 21056 docs / 0 chunks
  Flushed 64 docs | 0 chunks | totals → 21120 docs / 0 chunks
  Flushed 64 docs | 0 chunks | totals → 21184 docs / 0 chunks
  Flushed 64 docs | 0 chunks | totals → 21248 docs / 0 chunks
  Flushed 64 docs | 0 chunks | totals → 21312 docs / 0 chunks
  Flushed 64 docs | 0 chunks | totals → 21376 docs / 0 chunks
  Flushed 64 docs | 0 chunks | totals → 21440 docs / 0 chunks
  Flushed 64 docs | 0 chunks | totals → 21504 docs / 0 chunks
  Flushed 64 docs | 0 chunks | totals → 21568 docs / 0 chunks
  Flushed 64 docs | 0 chunks | totals → 21632 docs / 0 chunks
  Flushed 64 docs | 0 chunks | totals → 21696 docs / 0 chunks
  Flushed 64 docs | 0 chunks | totals → 21760 docs / 0 chunks
  Flushed 64 docs | 0 chunks | totals → 21824 docs / 0 chunks
  Flushed 64 docs | 0 chunks | totals → 21888 docs / 0 chunks
  Flushed 64 docs | 0 chunks | totals → 21952 docs / 0 chunks
  Flushed 64 docs | 0 chunks | totals → 22016 docs / 0 chunks
  Flushed 64 docs | 0 chunks | totals → 22080 docs / 0 chunks
  Flushed 64 docs | 0 chunks | totals → 22144 docs / 0 chunks
  Flushed 64 docs | 0 chunks | totals → 22208 docs / 0 chunks
  Flushed 64 docs | 0 chunks | totals → 22272 docs / 0 chunks
  Flushed 64 docs | 0 chunks | totals → 22336 docs / 0 chunks
  Flushed 64 docs | 0 chunks | totals → 22400 docs / 0 chunks
  Flushed 64 docs | 0 chunks | totals → 22464 docs / 0 chunks
  Flushed 64 docs | 0 chunks | totals → 22528 docs / 0 chunks
  Flushed 64 docs | 0 chunks | totals → 22592 docs / 0 chunks
  Flushed 64 docs | 0 chunks | totals → 22656 docs / 0 chunks
  Flushed 64 docs | 0 chunks | totals → 22720 docs / 0 chunks
  Flushed 64 docs | 0 chunks | totals → 22784 docs / 0 chunks
  Flushed 64 docs | 0 chunks | totals → 22848 docs / 0 chunks
  Flushed 64 docs | 0 chunks | totals → 22912 docs / 0 chunks
  Flushed 64 docs | 0 chunks | totals → 22976 docs / 0 chunks
  Flushed 64 docs | 0 chunks | totals → 23040 docs / 0 chunks
  Flushed 64 docs | 0 chunks | totals → 23104 docs / 0 chunks
  Flushed 64 docs | 0 chunks | totals → 23168 docs / 0 chunks
  Flushed 64 docs | 0 chunks | totals → 23232 docs / 0 chunks
  Flushed 64 docs | 0 chunks | totals → 23296 docs / 0 chunks
  Flushed 64 docs | 0 chunks | totals → 23360 docs / 0 chunks
  Flushed 64 docs | 0 chunks | totals → 23424 docs / 0 chunks
  Flushed 64 docs | 0 chunks | totals → 23488 docs / 0 chunks
  Flushed 64 docs | 0 chunks | totals → 23552 docs / 0 chunks
  Flushed 64 docs | 0 chunks | totals → 23616 docs / 0 chunks
  Flushed 64 docs | 0 chunks | totals → 23680 docs / 0 chunks
  Flushed 64 docs | 0 chunks | totals → 23744 docs / 0 chunks
  Flushed 64 docs | 0 chunks | totals → 23808 docs / 0 chunks
  Flushed 64 docs | 0 chunks | totals → 23872 docs / 0 chunks
  Flushed 64 docs | 0 chunks | totals → 23936 docs / 0 chunks
  Flushed 64 docs | 0 chunks | totals → 24000 docs / 0 chunks
  Flushed 64 docs | 0 chunks | totals → 24064 docs / 0 chunks
  Flushed 64 docs | 0 chunks | totals → 24128 docs / 0 chunks
  Flushed 64 docs | 0 chunks | totals → 24192 docs / 0 chunks
  Flushed 64 docs | 0 chunks | totals → 24256 docs / 0 chunks
  Flushed 64 docs | 0 chunks | totals → 24320 docs / 0 chunks
  Flushed 64 docs | 0 chunks | totals → 24384 docs / 0 chunks
  Flushed 64 docs | 0 chunks | totals → 24448 docs / 0 chunks
  Flushed 64 docs | 0 chunks | totals → 24512 docs / 0 chunks
  Flushed 64 docs | 0 chunks | totals → 24576 docs / 0 chunks
  Flushed 64 docs | 0 chunks | totals → 24640 docs / 0 chunks
  Flushed 64 docs | 0 chunks | totals → 24704 docs / 0 chunks
  Flushed 64 docs | 0 chunks | totals → 24768 docs / 0 chunks
  Flushed 64 docs | 0 chunks | totals → 24832 docs / 0 chunks
  Flushed 64 docs | 0 chunks | totals → 24896 docs / 0 chunks
  Flushed 64 docs | 0 chunks | totals → 24960 docs / 0 chunks
  Flushed 64 docs | 0 chunks | totals → 25024 docs / 0 chunks
  Flushed 64 docs | 0 chunks | totals → 25088 docs / 0 chunks
  Flushed 64 docs | 0 chunks | totals → 25152 docs / 0 chunks
  Flushed 64 docs | 0 chunks | totals → 25216 docs / 0 chunks
  Flushed 64 docs | 0 chunks | totals → 25280 docs / 0 chunks
  Flushed 64 docs | 0 chunks | totals → 25344 docs / 0 chunks
  Flushed 64 docs | 0 chunks | totals → 25408 docs / 0 chunks
  Flushed 64 docs | 0 chunks | totals → 25472 docs / 0 chunks
  Flushed 64 docs | 0 chunks | totals → 25536 docs / 0 chunks
  Flushed 64 docs | 0 chunks | totals → 25600 docs / 0 chunks
  Flushed 64 docs | 0 chunks | totals → 25664 docs / 0 chunks
  Flushed 64 docs | 0 chunks | totals → 25728 docs / 0 chunks
  Flushed 64 docs | 0 chunks | totals → 25792 docs / 0 chunks
  Flushed 64 docs | 0 chunks | totals → 25856 docs / 0 chunks
  Flushed 64 docs | 0 chunks | totals → 25920 docs / 0 chunks
  Flushed 64 docs | 0 chunks | totals → 25984 docs / 0 chunks
  Flushed 64 docs | 0 chunks | totals → 26048 docs / 0 chunks
  Flushed 64 docs | 0 chunks | totals → 26112 docs / 0 chunks
  Flushed 64 docs | 0 chunks | totals → 26176 docs / 0 chunks
  Flushed 64 docs | 0 chunks | totals → 26240 docs / 0 chunks
  Flushed 64 docs | 0 chunks | totals → 26304 docs / 0 chunks
  Flushed 64 docs | 0 chunks | totals → 26368 docs / 0 chunks
  Flushed 64 docs | 0 chunks | totals → 26432 docs / 0 chunks
  Flushed 64 docs | 0 chunks | totals → 26496 docs / 0 chunks
  Flushed 64 docs | 0 chunks | totals → 26560 docs / 0 chunks
  Flushed 64 docs | 0 chunks | totals → 26624 docs / 0 chunks
  Flushed 64 docs | 0 chunks | totals → 26688 docs / 0 chunks
  Flushed 64 docs | 0 chunks | totals → 26752 docs / 0 chunks
  Flushed 64 docs | 0 chunks | totals → 26816 docs / 0 chunks
  Flushed 64 docs | 0 chunks | totals → 26880 docs / 0 chunks
  Flushed 64 docs | 0 chunks | totals → 26944 docs / 0 chunks
  Flushed 64 docs | 0 chunks | totals → 27008 docs / 0 chunks
  Flushed 64 docs | 0 chunks | totals → 27072 docs / 0 chunks
  Flushed 64 docs | 0 chunks | totals → 27136 docs / 0 chunks
  Flushed 64 docs | 0 chunks | totals → 27200 docs / 0 chunks
  Flushed 64 docs | 0 chunks | totals → 27264 docs / 0 chunks
  Flushed 64 docs | 0 chunks | totals → 27328 docs / 0 chunks
  Flushed 64 docs | 0 chunks | totals → 27392 docs / 0 chunks
  Flushed 64 docs | 0 chunks | totals → 27456 docs / 0 chunks
  Flushed 64 docs | 0 chunks | totals → 27520 docs / 0 chunks
  Flushed 64 docs | 0 chunks | totals → 27584 docs / 0 chunks
  Flushed 64 docs | 0 chunks | totals → 27648 docs / 0 chunks
  Flushed 64 docs | 0 chunks | totals → 27712 docs / 0 chunks
  Flushed 64 docs | 0 chunks | totals → 27776 docs / 0 chunks
  Flushed 64 docs | 0 chunks | totals → 27840 docs / 0 chunks
  Flushed 64 docs | 0 chunks | totals → 27904 docs / 0 chunks
  Flushed 64 docs | 0 chunks | totals → 27968 docs / 0 chunks
  Flushed 64 docs | 0 chunks | totals → 28032 docs / 0 chunks
  Flushed 64 docs | 0 chunks | totals → 28096 docs / 0 chunks
  Flushed 64 docs | 0 chunks | totals → 28160 docs / 0 chunks
  Flushed 64 docs | 0 chunks | totals → 28224 docs / 0 chunks
  Flushed 64 docs | 0 chunks | totals → 28288 docs / 0 chunks
  Flushed 64 docs | 0 chunks | totals → 28352 docs / 0 chunks
  Flushed 64 docs | 0 chunks | totals → 28416 docs / 0 chunks
  Flushed 64 docs | 0 chunks | totals → 28480 docs / 0 chunks
  Flushed 64 docs | 0 chunks | totals → 28544 docs / 0 chunks
  Flushed 64 docs | 0 chunks | totals → 28608 docs / 0 chunks
  Flushed 64 docs | 0 chunks | totals → 28672 docs / 0 chunks
  Flushed 64 docs | 0 chunks | totals → 28736 docs / 0 chunks
  Flushed 64 docs | 0 chunks | totals → 28800 docs / 0 chunks
  Flushed 64 docs | 0 chunks | totals → 28864 docs / 0 chunks
  Flushed 64 docs | 0 chunks | totals → 28928 docs / 0 chunks
  Flushed 64 docs | 0 chunks | totals → 28992 docs / 0 chunks
  Flushed 64 docs | 0 chunks | totals → 29056 docs / 0 chunks
  Flushed 64 docs | 0 chunks | totals → 29120 docs / 0 chunks
  Flushed 64 docs | 0 chunks | totals → 29184 docs / 0 chunks
  Flushed 64 docs | 0 chunks | totals → 29248 docs / 0 chunks
  Flushed 64 docs | 0 chunks | totals → 29312 docs / 0 chunks
  Flushed 64 docs | 0 chunks | totals → 29376 docs / 0 chunks
  Flushed 64 docs | 0 chunks | totals → 29440 docs / 0 chunks
  Flushed 64 docs | 0 chunks | totals → 29504 docs / 0 chunks
  Flushed 64 docs | 0 chunks | totals → 29568 docs / 0 chunks
  Flushed 64 docs | 0 chunks | totals → 29632 docs / 0 chunks
  Flushed 64 docs | 0 chunks | totals → 29696 docs / 0 chunks
  Flushed 64 docs | 0 chunks | totals → 29760 docs / 0 chunks
  Flushed 64 docs | 0 chunks | totals → 29824 docs / 0 chunks
  Flushed 64 docs | 0 chunks | totals → 29888 docs / 0 chunks
  Flushed 64 docs | 0 chunks | totals → 29952 docs / 0 chunks
  Flushed 64 docs | 0 chunks | totals → 30016 docs / 0 chunks
  Flushed 64 docs | 0 chunks | totals → 30080 docs / 0 chunks
  Flushed 64 docs | 0 chunks | totals → 30144 docs / 0 chunks
  Flushed 64 docs | 0 chunks | totals → 30208 docs / 0 chunks
  Flushed 64 docs | 0 chunks | totals → 30272 docs / 0 chunks
  Flushed 64 docs | 0 chunks | totals → 30336 docs / 0 chunks
  Flushed 64 docs | 0 chunks | totals → 30400 docs / 0 chunks
  Flushed 64 docs | 0 chunks | totals → 30464 docs / 0 chunks
  Flushed 64 docs | 0 chunks | totals → 30528 docs / 0 chunks
  Flushed 64 docs | 0 chunks | totals → 30592 docs / 0 chunks
  Flushed 64 docs | 0 chunks | totals → 30656 docs / 0 chunks
  Flushed 64 docs | 0 chunks | totals → 30720 docs / 0 chunks
  Flushed 64 docs | 0 chunks | totals → 30784 docs / 0 chunks
  Flushed 64 docs | 0 chunks | totals → 30848 docs / 0 chunks
  Flushed 64 docs | 0 chunks | totals → 30912 docs / 0 chunks
  Flushed 64 docs | 0 chunks | totals → 30976 docs / 0 chunks
  Flushed 64 docs | 0 chunks | totals → 31040 docs / 0 chunks
  Flushed 64 docs | 0 chunks | totals → 31104 docs / 0 chunks
  Flushed 64 docs | 0 chunks | totals → 31168 docs / 0 chunks
  Flushed 64 docs | 0 chunks | totals → 31232 docs / 0 chunks
  Flushed 64 docs | 0 chunks | totals → 31296 docs / 0 chunks
  Flushed 64 docs | 0 chunks | totals → 31360 docs / 0 chunks
  Flushed 64 docs | 0 chunks | totals → 31424 docs / 0 chunks
  Flushed 64 docs | 0 chunks | totals → 31488 docs / 0 chunks
  Flushed 64 docs | 0 chunks | totals → 31552 docs / 0 chunks
  Flushed 64 docs | 0 chunks | totals → 31616 docs / 0 chunks
  Flushed 64 docs | 0 chunks | totals → 31680 docs / 0 chunks
  Flushed 64 docs | 0 chunks | totals → 31744 docs / 0 chunks
  Flushed 64 docs | 0 chunks | totals → 31808 docs / 0 chunks
  Flushed 64 docs | 0 chunks | totals → 31872 docs / 0 chunks
  Flushed 64 docs | 0 chunks | totals → 31936 docs / 0 chunks
  Flushed 64 docs | 0 chunks | totals → 32000 docs / 0 chunks
  Flushed 64 docs | 0 chunks | totals → 32064 docs / 0 chunks
  Flushed 64 docs | 0 chunks | totals → 32128 docs / 0 chunks
  Flushed 64 docs | 0 chunks | totals → 32192 docs / 0 chunks
  Flushed 64 docs | 0 chunks | totals → 32256 docs / 0 chunks
  Flushed 64 docs | 0 chunks | totals → 32320 docs / 0 chunks
  Flushed 64 docs | 0 chunks | totals → 32384 docs / 0 chunks
  Flushed 64 docs | 0 chunks | totals → 32448 docs / 0 chunks
  Flushed 64 docs | 0 chunks | totals → 32512 docs / 0 chunks
  Flushed 64 docs | 0 chunks | totals → 32576 docs / 0 chunks
  Flushed 64 docs | 0 chunks | totals → 32640 docs / 0 chunks
  Flushed 64 docs | 0 chunks | totals → 32704 docs / 0 chunks
  Flushed 64 docs | 0 chunks | totals → 32768 docs / 0 chunks
  Flushed 64 docs | 0 chunks | totals → 32832 docs / 0 chunks
  Flushed 64 docs | 0 chunks | totals → 32896 docs / 0 chunks
  Flushed 64 docs | 0 chunks | totals → 32960 docs / 0 chunks
  Flushed 64 docs | 0 chunks | totals → 33024 docs / 0 chunks
  Flushed 64 docs | 0 chunks | totals → 33088 docs / 0 chunks
  Flushed 64 docs | 0 chunks | totals → 33152 docs / 0 chunks
  Flushed 64 docs | 0 chunks | totals → 33216 docs / 0 chunks
  Flushed 64 docs | 0 chunks | totals → 33280 docs / 0 chunks
  Flushed 64 docs | 0 chunks | totals → 33344 docs / 0 chunks
  Flushed 64 docs | 0 chunks | totals → 33408 docs / 0 chunks
  Flushed 64 docs | 0 chunks | totals → 33472 docs / 0 chunks
  Flushed 64 docs | 0 chunks | totals → 33536 docs / 0 chunks
  Flushed 64 docs | 0 chunks | totals → 33600 docs / 0 chunks
  Flushed 64 docs | 0 chunks | totals → 33664 docs / 0 chunks
  Flushed 64 docs | 0 chunks | totals → 33728 docs / 0 chunks
  Flushed 64 docs | 0 chunks | totals → 33792 docs / 0 chunks
  Flushed 64 docs | 0 chunks | totals → 33856 docs / 0 chunks
  Flushed 64 docs | 0 chunks | totals → 33920 docs / 0 chunks
  Flushed 64 docs | 0 chunks | totals → 33984 docs / 0 chunks
  Flushed 64 docs | 0 chunks | totals → 34048 docs / 0 chunks
  Flushed 64 docs | 0 chunks | totals → 34112 docs / 0 chunks
  Flushed 64 docs | 0 chunks | totals → 34176 docs / 0 chunks
  Flushed 64 docs | 0 chunks | totals → 34240 docs / 0 chunks
  Flushed 64 docs | 0 chunks | totals → 34304 docs / 0 chunks
  Flushed 64 docs | 0 chunks | totals → 34368 docs / 0 chunks
  Flushed 64 docs | 0 chunks | totals → 34432 docs / 0 chunks
  Flushed 64 docs | 0 chunks | totals → 34496 docs / 0 chunks
  Flushed 64 docs | 0 chunks | totals → 34560 docs / 0 chunks
  Flushed 64 docs | 0 chunks | totals → 34624 docs / 0 chunks
  Flushed 64 docs | 0 chunks | totals → 34688 docs / 0 chunks
  Flushed 64 docs | 0 chunks | totals → 34752 docs / 0 chunks
  Flushed 64 docs | 0 chunks | totals → 34816 docs / 0 chunks
  Flushed 64 docs | 0 chunks | totals → 34880 docs / 0 chunks
  Flushed 64 docs | 0 chunks | totals → 34944 docs / 0 chunks
  Flushed 64 docs | 0 chunks | totals → 35008 docs / 0 chunks
  Flushed 64 docs | 0 chunks | totals → 35072 docs / 0 chunks
  Flushed 64 docs | 0 chunks | totals → 35136 docs / 0 chunks
  Flushed 64 docs | 0 chunks | totals → 35200 docs / 0 chunks
  Flushed 64 docs | 0 chunks | totals → 35264 docs / 0 chunks
  Flushed 64 docs | 0 chunks | totals → 35328 docs / 0 chunks
  Flushed 64 docs | 0 chunks | totals → 35392 docs / 0 chunks
  Flushed 64 docs | 0 chunks | totals → 35456 docs / 0 chunks
  Flushed 64 docs | 0 chunks | totals → 35520 docs / 0 chunks
  Flushed 64 docs | 0 chunks | totals → 35584 docs / 0 chunks
  Flushed 64 docs | 0 chunks | totals → 35648 docs / 0 chunks
  Flushed 64 docs | 0 chunks | totals → 35712 docs / 0 chunks
  Flushed 64 docs | 0 chunks | totals → 35776 docs / 0 chunks
  Flushed 64 docs | 0 chunks | totals → 35840 docs / 0 chunks
  Flushed 64 docs | 0 chunks | totals → 35904 docs / 0 chunks
  Flushed 64 docs | 0 chunks | totals → 35968 docs / 0 chunks
  Flushed 64 docs | 0 chunks | totals → 36032 docs / 0 chunks
  Flushed 64 docs | 0 chunks | totals → 36096 docs / 0 chunks
  Flushed 64 docs | 0 chunks | totals → 36160 docs / 0 chunks
  Flushed 64 docs | 0 chunks | totals → 36224 docs / 0 chunks
  Flushed 64 docs | 0 chunks | totals → 36288 docs / 0 chunks
  Flushed 64 docs | 0 chunks | totals → 36352 docs / 0 chunks
  Flushed 64 docs | 0 chunks | totals → 36416 docs / 0 chunks
  Flushed 64 docs | 0 chunks | totals → 36480 docs / 0 chunks
  Flushed 64 docs | 0 chunks | totals → 36544 docs / 0 chunks
  Flushed 64 docs | 0 chunks | totals → 36608 docs / 0 chunks
  Flushed 64 docs | 0 chunks | totals → 36672 docs / 0 chunks
  Flushed 64 docs | 0 chunks | totals → 36736 docs / 0 chunks
  Flushed 64 docs | 0 chunks | totals → 36800 docs / 0 chunks
  Flushed 64 docs | 0 chunks | totals → 36864 docs / 0 chunks
  Flushed 64 docs | 0 chunks | totals → 36928 docs / 0 chunks
  Flushed 64 docs | 0 chunks | totals → 36992 docs / 0 chunks
  Flushed 64 docs | 0 chunks | totals → 37056 docs / 0 chunks
  Flushed 64 docs | 0 chunks | totals → 37120 docs / 0 chunks
  Flushed 64 docs | 0 chunks | totals → 37184 docs / 0 chunks
  Flushed 64 docs | 0 chunks | totals → 37248 docs / 0 chunks
  Flushed 64 docs | 0 chunks | totals → 37312 docs / 0 chunks
  Flushed 64 docs | 0 chunks | totals → 37376 docs / 0 chunks
  Flushed 64 docs | 0 chunks | totals → 37440 docs / 0 chunks
  Flushed 64 docs | 0 chunks | totals → 37504 docs / 0 chunks
  Flushed 64 docs | 0 chunks | totals → 37568 docs / 0 chunks
  Flushed 64 docs | 0 chunks | totals → 37632 docs / 0 chunks
  Flushed 64 docs | 0 chunks | totals → 37696 docs / 0 chunks
  Flushed 64 docs | 0 chunks | totals → 37760 docs / 0 chunks
  Flushed 64 docs | 0 chunks | totals → 37824 docs / 0 chunks
  Flushed 64 docs | 0 chunks | totals → 37888 docs / 0 chunks
  Flushed 64 docs | 0 chunks | totals → 37952 docs / 0 chunks
  Flushed 64 docs | 0 chunks | totals → 38016 docs / 0 chunks
  Flushed 64 docs | 0 chunks | totals → 38080 docs / 0 chunks
  Flushed 64 docs | 0 chunks | totals → 38144 docs / 0 chunks
  Flushed 64 docs | 0 chunks | totals → 38208 docs / 0 chunks
  Flushed 64 docs | 0 chunks | totals → 38272 docs / 0 chunks
  Flushed 64 docs | 0 chunks | totals → 38336 docs / 0 chunks
  Flushed 64 docs | 0 chunks | totals → 38400 docs / 0 chunks
  Flushed 64 docs | 0 chunks | totals → 38464 docs / 0 chunks
  Flushed 64 docs | 0 chunks | totals → 38528 docs / 0 chunks
  Flushed 64 docs | 0 chunks | totals → 38592 docs / 0 chunks
  Flushed 64 docs | 0 chunks | totals → 38656 docs / 0 chunks
  Flushed 64 docs | 0 chunks | totals → 38720 docs / 0 chunks
  Flushed 64 docs | 0 chunks | totals → 38784 docs / 0 chunks
  Flushed 64 docs | 0 chunks | totals → 38848 docs / 0 chunks
  Flushed 64 docs | 0 chunks | totals → 38912 docs / 0 chunks
  Flushed 64 docs | 0 chunks | totals → 38976 docs / 0 chunks
  Flushed 64 docs | 0 chunks | totals → 39040 docs / 0 chunks
  Flushed 64 docs | 0 chunks | totals → 39104 docs / 0 chunks
  Flushed 64 docs | 0 chunks | totals → 39168 docs / 0 chunks
  Flushed 64 docs | 0 chunks | totals → 39232 docs / 0 chunks
  Flushed 64 docs | 0 chunks | totals → 39296 docs / 0 chunks
  Flushed 64 docs | 0 chunks | totals → 39360 docs / 0 chunks
  Flushed 64 docs | 0 chunks | totals → 39424 docs / 0 chunks
  Flushed 64 docs | 0 chunks | totals → 39488 docs / 0 chunks
  Flushed 64 docs | 0 chunks | totals → 39552 docs / 0 chunks
  Flushed 64 docs | 0 chunks | totals → 39616 docs / 0 chunks
  Flushed 64 docs | 0 chunks | totals → 39680 docs / 0 chunks
  Flushed 64 docs | 0 chunks | totals → 39744 docs / 0 chunks
  Flushed 64 docs | 0 chunks | totals → 39808 docs / 0 chunks
  Flushed 64 docs | 0 chunks | totals → 39872 docs / 0 chunks
  Flushed 64 docs | 0 chunks | totals → 39936 docs / 0 chunks
  Flushed 64 docs | 0 chunks | totals → 40000 docs / 0 chunks
  Flushed 64 docs | 0 chunks | totals → 40064 docs / 0 chunks
  Flushed 64 docs | 0 chunks | totals → 40128 docs / 0 chunks
  Flushed 64 docs | 0 chunks | totals → 40192 docs / 0 chunks
  Flushed 64 docs | 0 chunks | totals → 40256 docs / 0 chunks
  Flushed 64 docs | 0 chunks | totals → 40320 docs / 0 chunks
  Flushed 64 docs | 0 chunks | totals → 40384 docs / 0 chunks
  Flushed 64 docs | 0 chunks | totals → 40448 docs / 0 chunks
  Flushed 64 docs | 0 chunks | totals → 40512 docs / 0 chunks
  Flushed 64 docs | 0 chunks | totals → 40576 docs / 0 chunks
  Flushed 64 docs | 0 chunks | totals → 40640 docs / 0 chunks
  Flushed 64 docs | 0 chunks | totals → 40704 docs / 0 chunks
  Flushed 64 docs | 0 chunks | totals → 40768 docs / 0 chunks
  Flushed 64 docs | 0 chunks | totals → 40832 docs / 0 chunks
  Flushed 64 docs | 0 chunks | totals → 40896 docs / 0 chunks
  Flushed 64 docs | 0 chunks | totals → 40960 docs / 0 chunks
  Flushed 64 docs | 0 chunks | totals → 41024 docs / 0 chunks
  Flushed 64 docs | 0 chunks | totals → 41088 docs / 0 chunks
  Flushed 64 docs | 0 chunks | totals → 41152 docs / 0 chunks
  Flushed 64 docs | 0 chunks | totals → 41216 docs / 0 chunks
  Flushed 64 docs | 0 chunks | totals → 41280 docs / 0 chunks
  Flushed 64 docs | 0 chunks | totals → 41344 docs / 0 chunks
  Flushed 64 docs | 0 chunks | totals → 41408 docs / 0 chunks
  Flushed 64 docs | 0 chunks | totals → 41472 docs / 0 chunks
  Flushed 64 docs | 0 chunks | totals → 41536 docs / 0 chunks
  Flushed 64 docs | 0 chunks | totals → 41600 docs / 0 chunks
  Flushed 64 docs | 0 chunks | totals → 41664 docs / 0 chunks
  Flushed 64 docs | 0 chunks | totals → 41728 docs / 0 chunks
  Flushed 64 docs | 0 chunks | totals → 41792 docs / 0 chunks
  Flushed 64 docs | 0 chunks | totals → 41856 docs / 0 chunks
  Flushed 64 docs | 0 chunks | totals → 41920 docs / 0 chunks
  Flushed 64 docs | 0 chunks | totals → 41984 docs / 0 chunks
  Flushed 64 docs | 0 chunks | totals → 42048 docs / 0 chunks
  Flushed 64 docs | 0 chunks | totals → 42112 docs / 0 chunks
  Flushed 64 docs | 0 chunks | totals → 42176 docs / 0 chunks
  Flushed 64 docs | 0 chunks | totals → 42240 docs / 0 chunks
  Flushed 64 docs | 0 chunks | totals → 42304 docs / 0 chunks
  Flushed 64 docs | 0 chunks | totals → 42368 docs / 0 chunks
  Flushed 64 docs | 0 chunks | totals → 42432 docs / 0 chunks
  Flushed 64 docs | 0 chunks | totals → 42496 docs / 0 chunks
  Flushed 64 docs | 0 chunks | totals → 42560 docs / 0 chunks
  Flushed 64 docs | 0 chunks | totals → 42624 docs / 0 chunks
  Flushed 64 docs | 0 chunks | totals → 42688 docs / 0 chunks
  Flushed 64 docs | 0 chunks | totals → 42752 docs / 0 chunks
  Flushed 64 docs | 0 chunks | totals → 42816 docs / 0 chunks
  Flushed 64 docs | 0 chunks | totals → 42880 docs / 0 chunks
  Flushed 64 docs | 0 chunks | totals → 42944 docs / 0 chunks
  Flushed 64 docs | 0 chunks | totals → 43008 docs / 0 chunks
  Flushed 64 docs | 0 chunks | totals → 43072 docs / 0 chunks
  Flushed 64 docs | 0 chunks | totals → 43136 docs / 0 chunks
  Flushed 64 docs | 0 chunks | totals → 43200 docs / 0 chunks
  Flushed 64 docs | 0 chunks | totals → 43264 docs / 0 chunks
  Flushed 64 docs | 0 chunks | totals → 43328 docs / 0 chunks
  Flushed 64 docs | 0 chunks | totals → 43392 docs / 0 chunks
  Flushed 64 docs | 0 chunks | totals → 43456 docs / 0 chunks
  Flushed 64 docs | 0 chunks | totals → 43520 docs / 0 chunks
  Flushed 64 docs | 0 chunks | totals → 43584 docs / 0 chunks
  Flushed 64 docs | 0 chunks | totals → 43648 docs / 0 chunks
  Flushed 64 docs | 0 chunks | totals → 43712 docs / 0 chunks
  Flushed 64 docs | 0 chunks | totals → 43776 docs / 0 chunks
  Flushed 64 docs | 0 chunks | totals → 43840 docs / 0 chunks
  Flushed 64 docs | 0 chunks | totals → 43904 docs / 0 chunks
  Flushed 64 docs | 0 chunks | totals → 43968 docs / 0 chunks
  Flushed 64 docs | 0 chunks | totals → 44032 docs / 0 chunks
  Flushed 64 docs | 0 chunks | totals → 44096 docs / 0 chunks
  Flushed 64 docs | 0 chunks | totals → 44160 docs / 0 chunks
  Flushed 64 docs | 0 chunks | totals → 44224 docs / 0 chunks
  Flushed 64 docs | 0 chunks | totals → 44288 docs / 0 chunks
  Flushed 64 docs | 0 chunks | totals → 44352 docs / 0 chunks
  Flushed 64 docs | 0 chunks | totals → 44416 docs / 0 chunks
  Flushed 64 docs | 0 chunks | totals → 44480 docs / 0 chunks
  Flushed 64 docs | 0 chunks | totals → 44544 docs / 0 chunks
  Flushed 64 docs | 0 chunks | totals → 44608 docs / 0 chunks
  Flushed 64 docs | 0 chunks | totals → 44672 docs / 0 chunks
  Flushed 64 docs | 0 chunks | totals → 44736 docs / 0 chunks
  Flushed 64 docs | 0 chunks | totals → 44800 docs / 0 chunks
  Flushed 64 docs | 0 chunks | totals → 44864 docs / 0 chunks
  Flushed 64 docs | 0 chunks | totals → 44928 docs / 0 chunks
  Flushed 64 docs | 0 chunks | totals → 44992 docs / 0 chunks
  Flushed 64 docs | 0 chunks | totals → 45056 docs / 0 chunks
  Flushed 64 docs | 0 chunks | totals → 45120 docs / 0 chunks
  Flushed 64 docs | 0 chunks | totals → 45184 docs / 0 chunks
  Flushed 64 docs | 0 chunks | totals → 45248 docs / 0 chunks
  Flushed 64 docs | 0 chunks | totals → 45312 docs / 0 chunks
  Flushed 64 docs | 0 chunks | totals → 45376 docs / 0 chunks
  Flushed 64 docs | 0 chunks | totals → 45440 docs / 0 chunks
  Flushed 64 docs | 0 chunks | totals → 45504 docs / 0 chunks
  Flushed 64 docs | 0 chunks | totals → 45568 docs / 0 chunks
  Flushed 64 docs | 0 chunks | totals → 45632 docs / 0 chunks
  Flushed 64 docs | 0 chunks | totals → 45696 docs / 0 chunks
  Flushed 64 docs | 0 chunks | totals → 45760 docs / 0 chunks
  Flushed 64 docs | 0 chunks | totals → 45824 docs / 0 chunks
  Flushed 64 docs | 0 chunks | totals → 45888 docs / 0 chunks
  Flushed 64 docs | 0 chunks | totals → 45952 docs / 0 chunks
  Flushed 64 docs | 0 chunks | totals → 46016 docs / 0 chunks
  Flushed 64 docs | 0 chunks | totals → 46080 docs / 0 chunks
  Flushed 64 docs | 0 chunks | totals → 46144 docs / 0 chunks
  Flushed 64 docs | 0 chunks | totals → 46208 docs / 0 chunks
  Flushed 64 docs | 0 chunks | totals → 46272 docs / 0 chunks
  Flushed 64 docs | 0 chunks | totals → 46336 docs / 0 chunks
  Flushed 64 docs | 0 chunks | totals → 46400 docs / 0 chunks
  Flushed 64 docs | 0 chunks | totals → 46464 docs / 0 chunks
  Flushed 64 docs | 0 chunks | totals → 46528 docs / 0 chunks
  Flushed 64 docs | 0 chunks | totals → 46592 docs / 0 chunks
  Flushed 64 docs | 0 chunks | totals → 46656 docs / 0 chunks
  Flushed 64 docs | 0 chunks | totals → 46720 docs / 0 chunks
  Flushed 64 docs | 0 chunks | totals → 46784 docs / 0 chunks
  Flushed 64 docs | 0 chunks | totals → 46848 docs / 0 chunks
  Flushed 64 docs | 0 chunks | totals → 46912 docs / 0 chunks
  Flushed 64 docs | 0 chunks | totals → 46976 docs / 0 chunks
  Flushed 64 docs | 0 chunks | totals → 47040 docs / 0 chunks
  Flushed 64 docs | 0 chunks | totals → 47104 docs / 0 chunks
  Flushed 64 docs | 0 chunks | totals → 47168 docs / 0 chunks
  Flushed 64 docs | 0 chunks | totals → 47232 docs / 0 chunks
  Flushed 64 docs | 0 chunks | totals → 47296 docs / 0 chunks
  Flushed 64 docs | 0 chunks | totals → 47360 docs / 0 chunks
  Flushed 64 docs | 0 chunks | totals → 47424 docs / 0 chunks
  Flushed 64 docs | 0 chunks | totals → 47488 docs / 0 chunks
  Flushed 64 docs | 0 chunks | totals → 47552 docs / 0 chunks
  Flushed 64 docs | 0 chunks | totals → 47616 docs / 0 chunks
  Flushed 64 docs | 0 chunks | totals → 47680 docs / 0 chunks
  Flushed 64 docs | 0 chunks | totals → 47744 docs / 0 chunks
  Flushed 64 docs | 0 chunks | totals → 47808 docs / 0 chunks
  Flushed 64 docs | 0 chunks | totals → 47872 docs / 0 chunks
  Flushed 64 docs | 0 chunks | totals → 47936 docs / 0 chunks
  Flushed 64 docs | 0 chunks | totals → 48000 docs / 0 chunks
  Flushed 64 docs | 0 chunks | totals → 48064 docs / 0 chunks
  Flushed 64 docs | 0 chunks | totals → 48128 docs / 0 chunks
  Flushed 64 docs | 0 chunks | totals → 48192 docs / 0 chunks
  Flushed 64 docs | 0 chunks | totals → 48256 docs / 0 chunks
  Flushed 64 docs | 0 chunks | totals → 48320 docs / 0 chunks
  Flushed 64 docs | 0 chunks | totals → 48384 docs / 0 chunks
  Flushed 64 docs | 0 chunks | totals → 48448 docs / 0 chunks
  Flushed 64 docs | 0 chunks | totals → 48512 docs / 0 chunks
  Flushed 64 docs | 0 chunks | totals → 48576 docs / 0 chunks
  Flushed 64 docs | 0 chunks | totals → 48640 docs / 0 chunks
  Flushed 64 docs | 0 chunks | totals → 48704 docs / 0 chunks
  Flushed 64 docs | 0 chunks | totals → 48768 docs / 0 chunks
  Flushed 64 docs | 0 chunks | totals → 48832 docs / 0 chunks
  Flushed 64 docs | 0 chunks | totals → 48896 docs / 0 chunks
  Flushed 64 docs | 0 chunks | totals → 48960 docs / 0 chunks
  Flushed 64 docs | 0 chunks | totals → 49024 docs / 0 chunks
  Flushed 64 docs | 0 chunks | totals → 49088 docs / 0 chunks
  Flushed 64 docs | 0 chunks | totals → 49152 docs / 0 chunks
  Flushed 64 docs | 0 chunks | totals → 49216 docs / 0 chunks
  Flushed 64 docs | 0 chunks | totals → 49280 docs / 0 chunks
  Flushed 64 docs | 0 chunks | totals → 49344 docs / 0 chunks
  Flushed 64 docs | 0 chunks | totals → 49408 docs / 0 chunks
  Flushed 64 docs | 0 chunks | totals → 49472 docs / 0 chunks
  Flushed 64 docs | 0 chunks | totals → 49536 docs / 0 chunks
  Flushed 64 docs | 0 chunks | totals → 49600 docs / 0 chunks
  Flushed 64 docs | 0 chunks | totals → 49664 docs / 0 chunks
  Flushed 64 docs | 0 chunks | totals → 49728 docs / 0 chunks
  Flushed 64 docs | 0 chunks | totals → 49792 docs / 0 chunks
  Flushed 64 docs | 0 chunks | totals → 49856 docs / 0 chunks
  Flushed 64 docs | 0 chunks | totals → 49920 docs / 0 chunks
  Flushed 64 docs | 0 chunks | totals → 49984 docs / 0 chunks
  Flushed 64 docs | 0 chunks | totals → 50048 docs / 0 chunks
  Flushed 64 docs | 0 chunks | totals → 50112 docs / 0 chunks
  Flushed 64 docs | 0 chunks | totals → 50176 docs / 0 chunks
  Flushed 64 docs | 0 chunks | totals → 50240 docs / 0 chunks
  Flushed 64 docs | 0 chunks | totals → 50304 docs / 0 chunks
  Flushed 64 docs | 0 chunks | totals → 50368 docs / 0 chunks
  Flushed 64 docs | 0 chunks | totals → 50432 docs / 0 chunks
  Flushed 64 docs | 0 chunks | totals → 50496 docs / 0 chunks
  Flushed 64 docs | 0 chunks | totals → 50560 docs / 0 chunks
  Flushed 64 docs | 0 chunks | totals → 50624 docs / 0 chunks
  Flushed 64 docs | 0 chunks | totals → 50688 docs / 0 chunks
  Flushed 64 docs | 0 chunks | totals → 50752 docs / 0 chunks
  Flushed 64 docs | 0 chunks | totals → 50816 docs / 0 chunks
  Flushed 64 docs | 0 chunks | totals → 50880 docs / 0 chunks
  Flushed 64 docs | 0 chunks | totals → 50944 docs / 0 chunks
  Flushed 64 docs | 0 chunks | totals → 51008 docs / 0 chunks
  Flushed 64 docs | 0 chunks | totals → 51072 docs / 0 chunks
  Flushed 64 docs | 0 chunks | totals → 51136 docs / 0 chunks
  Flushed 64 docs | 0 chunks | totals → 51200 docs / 0 chunks
  Flushed 64 docs | 0 chunks | totals → 51264 docs / 0 chunks
  Flushed 64 docs | 0 chunks | totals → 51328 docs / 0 chunks
  Flushed 64 docs | 0 chunks | totals → 51392 docs / 0 chunks
  Flushed 64 docs | 0 chunks | totals → 51456 docs / 0 chunks
  Flushed 64 docs | 0 chunks | totals → 51520 docs / 0 chunks
  Flushed 64 docs | 0 chunks | totals → 51584 docs / 0 chunks
  Flushed 64 docs | 0 chunks | totals → 51648 docs / 0 chunks
  Flushed 64 docs | 0 chunks | totals → 51712 docs / 0 chunks
  Flushed 64 docs | 0 chunks | totals → 51776 docs / 0 chunks
  Flushed 64 docs | 0 chunks | totals → 51840 docs / 0 chunks
  Flushed 64 docs | 0 chunks | totals → 51904 docs / 0 chunks
  Flushed 64 docs | 0 chunks | totals → 51968 docs / 0 chunks
  Flushed 64 docs | 0 chunks | totals → 52032 docs / 0 chunks
  Flushed 64 docs | 0 chunks | totals → 52096 docs / 0 chunks
  Flushed 64 docs | 0 chunks | totals → 52160 docs / 0 chunks
  Flushed 64 docs | 0 chunks | totals → 52224 docs / 0 chunks
  Flushed 64 docs | 0 chunks | totals → 52288 docs / 0 chunks
  Flushed 64 docs | 0 chunks | totals → 52352 docs / 0 chunks
  Flushed 64 docs | 0 chunks | totals → 52416 docs / 0 chunks
  Flushed 64 docs | 0 chunks | totals → 52480 docs / 0 chunks
  Flushed 64 docs | 0 chunks | totals → 52544 docs / 0 chunks
  Flushed 64 docs | 0 chunks | totals → 52608 docs / 0 chunks
  Flushed 64 docs | 0 chunks | totals → 52672 docs / 0 chunks
  Flushed 64 docs | 0 chunks | totals → 52736 docs / 0 chunks
  Flushed 64 docs | 0 chunks | totals → 52800 docs / 0 chunks
  Flushed 64 docs | 0 chunks | totals → 52864 docs / 0 chunks
  Flushed 64 docs | 0 chunks | totals → 52928 docs / 0 chunks
  Flushed 64 docs | 0 chunks | totals → 52992 docs / 0 chunks
  Flushed 64 docs | 0 chunks | totals → 53056 docs / 0 chunks
  Flushed 64 docs | 0 chunks | totals → 53120 docs / 0 chunks
  Flushed 64 docs | 0 chunks | totals → 53184 docs / 0 chunks
  Flushed 64 docs | 0 chunks | totals → 53248 docs / 0 chunks
  Flushed 64 docs | 0 chunks | totals → 53312 docs / 0 chunks
  Flushed 64 docs | 0 chunks | totals → 53376 docs / 0 chunks
  Flushed 64 docs | 0 chunks | totals → 53440 docs / 0 chunks
  Flushed 64 docs | 0 chunks | totals → 53504 docs / 0 chunks
  Flushed 64 docs | 0 chunks | totals → 53568 docs / 0 chunks
  Flushed 64 docs | 0 chunks | totals → 53632 docs / 0 chunks
  Flushed 64 docs | 0 chunks | totals → 53696 docs / 0 chunks
  Flushed 64 docs | 0 chunks | totals → 53760 docs / 0 chunks
  Flushed 64 docs | 0 chunks | totals → 53824 docs / 0 chunks
  Flushed 64 docs | 0 chunks | totals → 53888 docs / 0 chunks
  Flushed 64 docs | 0 chunks | totals → 53952 docs / 0 chunks
  Flushed 64 docs | 0 chunks | totals → 54016 docs / 0 chunks
  Flushed 64 docs | 0 chunks | totals → 54080 docs / 0 chunks
  Flushed 64 docs | 0 chunks | totals → 54144 docs / 0 chunks
  Flushed 64 docs | 0 chunks | totals → 54208 docs / 0 chunks
  Flushed 64 docs | 0 chunks | totals → 54272 docs / 0 chunks
  Flushed 64 docs | 0 chunks | totals → 54336 docs / 0 chunks
  Flushed 64 docs | 0 chunks | totals → 54400 docs / 0 chunks
  Flushed 64 docs | 0 chunks | totals → 54464 docs / 0 chunks
  Flushed 64 docs | 0 chunks | totals → 54528 docs / 0 chunks
  Flushed 64 docs | 0 chunks | totals → 54592 docs / 0 chunks
  Flushed 64 docs | 0 chunks | totals → 54656 docs / 0 chunks
  Flushed 64 docs | 0 chunks | totals → 54720 docs / 0 chunks
  Flushed 64 docs | 0 chunks | totals → 54784 docs / 0 chunks
  Flushed 64 docs | 0 chunks | totals → 54848 docs / 0 chunks
  Flushed 64 docs | 0 chunks | totals → 54912 docs / 0 chunks
  Flushed 64 docs | 0 chunks | totals → 54976 docs / 0 chunks
  Flushed 64 docs | 0 chunks | totals → 55040 docs / 0 chunks
  Flushed 64 docs | 0 chunks | totals → 55104 docs / 0 chunks
  Flushed 64 docs | 0 chunks | totals → 55168 docs / 0 chunks
  Flushed 64 docs | 0 chunks | totals → 55232 docs / 0 chunks
  Flushed 64 docs | 0 chunks | totals → 55296 docs / 0 chunks
  Flushed 64 docs | 0 chunks | totals → 55360 docs / 0 chunks
  Flushed 64 docs | 0 chunks | totals → 55424 docs / 0 chunks
  Flushed 64 docs | 0 chunks | totals → 55488 docs / 0 chunks
  Flushed 64 docs | 0 chunks | totals → 55552 docs / 0 chunks
  Flushed 64 docs | 0 chunks | totals → 55616 docs / 0 chunks
  Flushed 64 docs | 0 chunks | totals → 55680 docs / 0 chunks
  Flushed 64 docs | 0 chunks | totals → 55744 docs / 0 chunks
  Flushed 64 docs | 0 chunks | totals → 55808 docs / 0 chunks
  Flushed 64 docs | 0 chunks | totals → 55872 docs / 0 chunks
  Flushed 64 docs | 0 chunks | totals → 55936 docs / 0 chunks
  Flushed 64 docs | 0 chunks | totals → 56000 docs / 0 chunks
  Flushed 64 docs | 0 chunks | totals → 56064 docs / 0 chunks
  Flushed 64 docs | 0 chunks | totals → 56128 docs / 0 chunks
  Flushed 64 docs | 0 chunks | totals → 56192 docs / 0 chunks
  Flushed 64 docs | 0 chunks | totals → 56256 docs / 0 chunks
  Flushed 64 docs | 0 chunks | totals → 56320 docs / 0 chunks
  Flushed 64 docs | 0 chunks | totals → 56384 docs / 0 chunks
  Flushed 64 docs | 0 chunks | totals → 56448 docs / 0 chunks
  Flushed 64 docs | 0 chunks | totals → 56512 docs / 0 chunks
  Flushed 64 docs | 0 chunks | totals → 56576 docs / 0 chunks
  Flushed 64 docs | 0 chunks | totals → 56640 docs / 0 chunks
  Flushed 64 docs | 0 chunks | totals → 56704 docs / 0 chunks
  Flushed 64 docs | 0 chunks | totals → 56768 docs / 0 chunks
  Flushed 64 docs | 0 chunks | totals → 56832 docs / 0 chunks
  Flushed 64 docs | 0 chunks | totals → 56896 docs / 0 chunks
  Flushed 64 docs | 0 chunks | totals → 56960 docs / 0 chunks
  Flushed 64 docs | 0 chunks | totals → 57024 docs / 0 chunks
  Flushed 64 docs | 0 chunks | totals → 57088 docs / 0 chunks
  Flushed 64 docs | 0 chunks | totals → 57152 docs / 0 chunks
  Flushed 64 docs | 0 chunks | totals → 57216 docs / 0 chunks
  Flushed 64 docs | 0 chunks | totals → 57280 docs / 0 chunks
  Flushed 64 docs | 0 chunks | totals → 57344 docs / 0 chunks
  Flushed 64 docs | 0 chunks | totals → 57408 docs / 0 chunks
  Flushed 64 docs | 0 chunks | totals → 57472 docs / 0 chunks
  Flushed 64 docs | 0 chunks | totals → 57536 docs / 0 chunks
  Flushed 64 docs | 0 chunks | totals → 57600 docs / 0 chunks
  Flushed 64 docs | 0 chunks | totals → 57664 docs / 0 chunks
  Flushed 64 docs | 0 chunks | totals → 57728 docs / 0 chunks
  Flushed 64 docs | 0 chunks | totals → 57792 docs / 0 chunks
  Flushed 64 docs | 0 chunks | totals → 57856 docs / 0 chunks
  Flushed 64 docs | 0 chunks | totals → 57920 docs / 0 chunks
  Flushed 64 docs | 0 chunks | totals → 57984 docs / 0 chunks
  Flushed 64 docs | 0 chunks | totals → 58048 docs / 0 chunks
  Flushed 64 docs | 0 chunks | totals → 58112 docs / 0 chunks
  Flushed 64 docs | 0 chunks | totals → 58176 docs / 0 chunks
  Flushed 64 docs | 0 chunks | totals → 58240 docs / 0 chunks
  Flushed 64 docs | 0 chunks | totals → 58304 docs / 0 chunks
  Flushed 64 docs | 0 chunks | totals → 58368 docs / 0 chunks
  Flushed 64 docs | 0 chunks | totals → 58432 docs / 0 chunks
  Flushed 64 docs | 0 chunks | totals → 58496 docs / 0 chunks
  Flushed 64 docs | 0 chunks | totals → 58560 docs / 0 chunks
  Flushed 64 docs | 0 chunks | totals → 58624 docs / 0 chunks
  Flushed 64 docs | 0 chunks | totals → 58688 docs / 0 chunks
  Flushed 64 docs | 0 chunks | totals → 58752 docs / 0 chunks
  Flushed 64 docs | 0 chunks | totals → 58816 docs / 0 chunks
  Flushed 64 docs | 0 chunks | totals → 58880 docs / 0 chunks
  Flushed 64 docs | 0 chunks | totals → 58944 docs / 0 chunks
  Flushed 64 docs | 0 chunks | totals → 59008 docs / 0 chunks
  Flushed 64 docs | 0 chunks | totals → 59072 docs / 0 chunks
  Flushed 64 docs | 0 chunks | totals → 59136 docs / 0 chunks
  Flushed 64 docs | 0 chunks | totals → 59200 docs / 0 chunks
  Flushed 64 docs | 0 chunks | totals → 59264 docs / 0 chunks
  Flushed 64 docs | 0 chunks | totals → 59328 docs / 0 chunks
  Flushed 64 docs | 0 chunks | totals → 59392 docs / 0 chunks
  Flushed 64 docs | 0 chunks | totals → 59456 docs / 0 chunks
  Flushed 64 docs | 0 chunks | totals → 59520 docs / 0 chunks
  Flushed 64 docs | 0 chunks | totals → 59584 docs / 0 chunks
  Flushed 64 docs | 0 chunks | totals → 59648 docs / 0 chunks
  Flushed 64 docs | 0 chunks | totals → 59712 docs / 0 chunks
  Flushed 64 docs | 0 chunks | totals → 59776 docs / 0 chunks
  Flushed 64 docs | 0 chunks | totals → 59840 docs / 0 chunks
  Flushed 64 docs | 0 chunks | totals → 59904 docs / 0 chunks
  Flushed 64 docs | 0 chunks | totals → 59968 docs / 0 chunks
  Flushed 64 docs | 0 chunks | totals → 60032 docs / 0 chunks
  Flushed 64 docs | 0 chunks | totals → 60096 docs / 0 chunks
  Flushed 64 docs | 0 chunks | totals → 60160 docs / 0 chunks
  Flushed 64 docs | 0 chunks | totals → 60224 docs / 0 chunks
  Flushed 64 docs | 0 chunks | totals → 60288 docs / 0 chunks
  Flushed 64 docs | 0 chunks | totals → 60352 docs / 0 chunks
  Flushed 64 docs | 0 chunks | totals → 60416 docs / 0 chunks
  Flushed 64 docs | 0 chunks | totals → 60480 docs / 0 chunks
  Flushed 64 docs | 0 chunks | totals → 60544 docs / 0 chunks
  Flushed 64 docs | 0 chunks | totals → 60608 docs / 0 chunks
  Flushed 64 docs | 0 chunks | totals → 60672 docs / 0 chunks
  Flushed 64 docs | 0 chunks | totals → 60736 docs / 0 chunks
  Flushed 64 docs | 0 chunks | totals → 60800 docs / 0 chunks
  Flushed 64 docs | 0 chunks | totals → 60864 docs / 0 chunks
  Flushed 64 docs | 0 chunks | totals → 60928 docs / 0 chunks
  Flushed 64 docs | 0 chunks | totals → 60992 docs / 0 chunks
  Flushed 64 docs | 0 chunks | totals → 61056 docs / 0 chunks
  Flushed 64 docs | 0 chunks | totals → 61120 docs / 0 chunks
  Flushed 64 docs | 0 chunks | totals → 61184 docs / 0 chunks
  Flushed 64 docs | 0 chunks | totals → 61248 docs / 0 chunks
  Flushed 64 docs | 0 chunks | totals → 61312 docs / 0 chunks
  Flushed 64 docs | 0 chunks | totals → 61376 docs / 0 chunks
  Flushed 64 docs | 0 chunks | totals → 61440 docs / 0 chunks
  Flushed 64 docs | 0 chunks | totals → 61504 docs / 0 chunks
  Flushed 64 docs | 0 chunks | totals → 61568 docs / 0 chunks
  Flushed 64 docs | 0 chunks | totals → 61632 docs / 0 chunks
  Flushed 64 docs | 0 chunks | totals → 61696 docs / 0 chunks
  Flushed 64 docs | 0 chunks | totals → 61760 docs / 0 chunks
  Flushed 64 docs | 0 chunks | totals → 61824 docs / 0 chunks
  Flushed 64 docs | 0 chunks | totals → 61888 docs / 0 chunks
  Flushed 64 docs | 0 chunks | totals → 61952 docs / 0 chunks
  Flushed 64 docs | 0 chunks | totals → 62016 docs / 0 chunks
  Flushed 64 docs | 0 chunks | totals → 62080 docs / 0 chunks
  Flushed 64 docs | 0 chunks | totals → 62144 docs / 0 chunks
  Flushed 64 docs | 0 chunks | totals → 62208 docs / 0 chunks
  Flushed 64 docs | 0 chunks | totals → 62272 docs / 0 chunks
  Flushed 64 docs | 0 chunks | totals → 62336 docs / 0 chunks
  Flushed 64 docs | 0 chunks | totals → 62400 docs / 0 chunks
  Flushed 64 docs | 0 chunks | totals → 62464 docs / 0 chunks
  Flushed 64 docs | 0 chunks | totals → 62528 docs / 0 chunks
  Flushed 64 docs | 0 chunks | totals → 62592 docs / 0 chunks
  Flushed 64 docs | 0 chunks | totals → 62656 docs / 0 chunks
  Flushed 64 docs | 0 chunks | totals → 62720 docs / 0 chunks
  Flushed 64 docs | 0 chunks | totals → 62784 docs / 0 chunks
  Flushed 64 docs | 0 chunks | totals → 62848 docs / 0 chunks
  Flushed 64 docs | 0 chunks | totals → 62912 docs / 0 chunks
  Flushed 64 docs | 0 chunks | totals → 62976 docs / 0 chunks
  Flushed 64 docs | 0 chunks | totals → 63040 docs / 0 chunks
  Flushed 64 docs | 0 chunks | totals → 63104 docs / 0 chunks
  Flushed 64 docs | 0 chunks | totals → 63168 docs / 0 chunks
  Flushed 64 docs | 0 chunks | totals → 63232 docs / 0 chunks
  Flushed 64 docs | 0 chunks | totals → 63296 docs / 0 chunks
  Flushed 64 docs | 0 chunks | totals → 63360 docs / 0 chunks
  Flushed 64 docs | 0 chunks | totals → 63424 docs / 0 chunks
  Flushed 64 docs | 0 chunks | totals → 63488 docs / 0 chunks
  Flushed 64 docs | 0 chunks | totals → 63552 docs / 0 chunks
  Flushed 64 docs | 0 chunks | totals → 63616 docs / 0 chunks
  Flushed 64 docs | 0 chunks | totals → 63680 docs / 0 chunks
  Flushed 64 docs | 0 chunks | totals → 63744 docs / 0 chunks
  Flushed 64 docs | 0 chunks | totals → 63808 docs / 0 chunks
  Flushed 64 docs | 0 chunks | totals → 63872 docs / 0 chunks
  Flushed 64 docs | 0 chunks | totals → 63936 docs / 0 chunks
  Flushed 64 docs | 0 chunks | totals → 64000 docs / 0 chunks
  Flushed 64 docs | 0 chunks | totals → 64064 docs / 0 chunks
  Flushed 64 docs | 0 chunks | totals → 64128 docs / 0 chunks
  Flushed 64 docs | 0 chunks | totals → 64192 docs / 0 chunks
  Flushed 64 docs | 0 chunks | totals → 64256 docs / 0 chunks
  Flushed 64 docs | 0 chunks | totals → 64320 docs / 0 chunks
  Flushed 64 docs | 0 chunks | totals → 64384 docs / 0 chunks
  Flushed 64 docs | 0 chunks | totals → 64448 docs / 0 chunks
  Flushed 64 docs | 0 chunks | totals → 64512 docs / 0 chunks
  Flushed 64 docs | 0 chunks | totals → 64576 docs / 0 chunks
  Flushed 64 docs | 0 chunks | totals → 64640 docs / 0 chunks
  Flushed 64 docs | 0 chunks | totals → 64704 docs / 0 chunks
  Flushed 64 docs | 0 chunks | totals → 64768 docs / 0 chunks
  Flushed 64 docs | 0 chunks | totals → 64832 docs / 0 chunks
  Flushed 64 docs | 0 chunks | totals → 64896 docs / 0 chunks
  Flushed 64 docs | 0 chunks | totals → 64960 docs / 0 chunks
  Flushed 64 docs | 0 chunks | totals → 65024 docs / 0 chunks
  Flushed 64 docs | 0 chunks | totals → 65088 docs / 0 chunks
  Flushed 64 docs | 0 chunks | totals → 65152 docs / 0 chunks
  Flushed 64 docs | 0 chunks | totals → 65216 docs / 0 chunks
  Flushed 64 docs | 0 chunks | totals → 65280 docs / 0 chunks
  Flushed 64 docs | 0 chunks | totals → 65344 docs / 0 chunks
  Flushed 64 docs | 0 chunks | totals → 65408 docs / 0 chunks
  Flushed 64 docs | 0 chunks | totals → 65472 docs / 0 chunks
  Flushed 64 docs | 0 chunks | totals → 65536 docs / 0 chunks
  Flushed 64 docs | 0 chunks | totals → 65600 docs / 0 chunks
  Flushed 64 docs | 0 chunks | totals → 65664 docs / 0 chunks
  Flushed 64 docs | 0 chunks | totals → 65728 docs / 0 chunks
  Flushed 64 docs | 0 chunks | totals → 65792 docs / 0 chunks
  Flushed 64 docs | 0 chunks | totals → 65856 docs / 0 chunks
  Flushed 64 docs | 0 chunks | totals → 65920 docs / 0 chunks
  Flushed 64 docs | 0 chunks | totals → 65984 docs / 0 chunks
  Flushed 64 docs | 0 chunks | totals → 66048 docs / 0 chunks
  Flushed 64 docs | 0 chunks | totals → 66112 docs / 0 chunks
  Flushed 64 docs | 0 chunks | totals → 66176 docs / 0 chunks
  Flushed 64 docs | 0 chunks | totals → 66240 docs / 0 chunks
  Flushed 64 docs | 0 chunks | totals → 66304 docs / 0 chunks
  Flushed 64 docs | 0 chunks | totals → 66368 docs / 0 chunks
  Flushed 64 docs | 0 chunks | totals → 66432 docs / 0 chunks
  Flushed 64 docs | 0 chunks | totals → 66496 docs / 0 chunks
  Flushed 64 docs | 0 chunks | totals → 66560 docs / 0 chunks
  Flushed 64 docs | 0 chunks | totals → 66624 docs / 0 chunks
  Flushed 64 docs | 0 chunks | totals → 66688 docs / 0 chunks
  Flushed 64 docs | 0 chunks | totals → 66752 docs / 0 chunks
  Flushed 64 docs | 0 chunks | totals → 66816 docs / 0 chunks
  Flushed 64 docs | 0 chunks | totals → 66880 docs / 0 chunks
  Flushed 64 docs | 0 chunks | totals → 66944 docs / 0 chunks
  Flushed 64 docs | 0 chunks | totals → 67008 docs / 0 chunks
  Flushed 64 docs | 0 chunks | totals → 67072 docs / 0 chunks
  Flushed 64 docs | 0 chunks | totals → 67136 docs / 0 chunks
  Flushed 64 docs | 0 chunks | totals → 67200 docs / 0 chunks
  Flushed 64 docs | 0 chunks | totals → 67264 docs / 0 chunks
  Flushed 64 docs | 0 chunks | totals → 67328 docs / 0 chunks
  Flushed 64 docs | 0 chunks | totals → 67392 docs / 0 chunks
  Flushed 64 docs | 0 chunks | totals → 67456 docs / 0 chunks
  Flushed 64 docs | 0 chunks | totals → 67520 docs / 0 chunks
  Flushed 64 docs | 0 chunks | totals → 67584 docs / 0 chunks
  Flushed 64 docs | 0 chunks | totals → 67648 docs / 0 chunks
  Flushed 64 docs | 0 chunks | totals → 67712 docs / 0 chunks
  Flushed 64 docs | 0 chunks | totals → 67776 docs / 0 chunks
  Flushed 64 docs | 0 chunks | totals → 67840 docs / 0 chunks
  Flushed 64 docs | 0 chunks | totals → 67904 docs / 0 chunks
  Flushed 64 docs | 0 chunks | totals → 67968 docs / 0 chunks
  Flushed 64 docs | 0 chunks | totals → 68032 docs / 0 chunks
  Flushed 64 docs | 0 chunks | totals → 68096 docs / 0 chunks
  Flushed 64 docs | 0 chunks | totals → 68160 docs / 0 chunks
  Flushed 64 docs | 0 chunks | totals → 68224 docs / 0 chunks
  Flushed 64 docs | 0 chunks | totals → 68288 docs / 0 chunks
  Flushed 64 docs | 0 chunks | totals → 68352 docs / 0 chunks
  Flushed 64 docs | 0 chunks | totals → 68416 docs / 0 chunks
  Flushed 64 docs | 0 chunks | totals → 68480 docs / 0 chunks
  Flushed 64 docs | 0 chunks | totals → 68544 docs / 0 chunks
  Flushed 64 docs | 0 chunks | totals → 68608 docs / 0 chunks
  Flushed 64 docs | 0 chunks | totals → 68672 docs / 0 chunks
  Flushed 64 docs | 0 chunks | totals → 68736 docs / 0 chunks
  Flushed 64 docs | 0 chunks | totals → 68800 docs / 0 chunks
  Flushed 64 docs | 0 chunks | totals → 68864 docs / 0 chunks
  Flushed 64 docs | 0 chunks | totals → 68928 docs / 0 chunks
  Flushed 64 docs | 0 chunks | totals → 68992 docs / 0 chunks
  Flushed 64 docs | 0 chunks | totals → 69056 docs / 0 chunks
  Flushed 64 docs | 0 chunks | totals → 69120 docs / 0 chunks
  Flushed 64 docs | 0 chunks | totals → 69184 docs / 0 chunks
  Flushed 64 docs | 0 chunks | totals → 69248 docs / 0 chunks
  Flushed 64 docs | 0 chunks | totals → 69312 docs / 0 chunks
  Flushed 64 docs | 0 chunks | totals → 69376 docs / 0 chunks
  Flushed 64 docs | 0 chunks | totals → 69440 docs / 0 chunks
  Flushed 64 docs | 0 chunks | totals → 69504 docs / 0 chunks
  Flushed 64 docs | 0 chunks | totals → 69568 docs / 0 chunks
  Flushed 64 docs | 0 chunks | totals → 69632 docs / 0 chunks
  Flushed 64 docs | 0 chunks | totals → 69696 docs / 0 chunks
  Flushed 64 docs | 0 chunks | totals → 69760 docs / 0 chunks
  Flushed 64 docs | 0 chunks | totals → 69824 docs / 0 chunks
  Flushed 64 docs | 0 chunks | totals → 69888 docs / 0 chunks
  Flushed 64 docs | 0 chunks | totals → 69952 docs / 0 chunks
  Flushed 64 docs | 0 chunks | totals → 70016 docs / 0 chunks
  Flushed 64 docs | 0 chunks | totals → 70080 docs / 0 chunks
  Flushed 64 docs | 0 chunks | totals → 70144 docs / 0 chunks
  Flushed 64 docs | 0 chunks | totals → 70208 docs / 0 chunks
  Flushed 64 docs | 0 chunks | totals → 70272 docs / 0 chunks
  Flushed 64 docs | 0 chunks | totals → 70336 docs / 0 chunks
  Flushed 64 docs | 0 chunks | totals → 70400 docs / 0 chunks
  Flushed 64 docs | 0 chunks | totals → 70464 docs / 0 chunks
  Flushed 64 docs | 0 chunks | totals → 70528 docs / 0 chunks
  Flushed 64 docs | 0 chunks | totals → 70592 docs / 0 chunks
  Flushed 64 docs | 0 chunks | totals → 70656 docs / 0 chunks
  Flushed 64 docs | 0 chunks | totals → 70720 docs / 0 chunks
  Flushed 64 docs | 0 chunks | totals → 70784 docs / 0 chunks
  Flushed 64 docs | 0 chunks | totals → 70848 docs / 0 chunks
  Flushed 64 docs | 0 chunks | totals → 70912 docs / 0 chunks
  Flushed 64 docs | 0 chunks | totals → 70976 docs / 0 chunks
  Flushed 64 docs | 0 chunks | totals → 71040 docs / 0 chunks
  Flushed 64 docs | 0 chunks | totals → 71104 docs / 0 chunks
  Flushed 64 docs | 0 chunks | totals → 71168 docs / 0 chunks
  Flushed 64 docs | 0 chunks | totals → 71232 docs / 0 chunks
  Flushed 64 docs | 0 chunks | totals → 71296 docs / 0 chunks
  Flushed 64 docs | 0 chunks | totals → 71360 docs / 0 chunks
  Flushed 64 docs | 0 chunks | totals → 71424 docs / 0 chunks
  Flushed 64 docs | 0 chunks | totals → 71488 docs / 0 chunks
  Flushed 64 docs | 0 chunks | totals → 71552 docs / 0 chunks
  Flushed 64 docs | 0 chunks | totals → 71616 docs / 0 chunks
  Flushed 64 docs | 0 chunks | totals → 71680 docs / 0 chunks
  Flushed 64 docs | 0 chunks | totals → 71744 docs / 0 chunks
  Flushed 64 docs | 0 chunks | totals → 71808 docs / 0 chunks
  Flushed 64 docs | 0 chunks | totals → 71872 docs / 0 chunks
  Flushed 64 docs | 0 chunks | totals → 71936 docs / 0 chunks
  Flushed 64 docs | 0 chunks | totals → 72000 docs / 0 chunks
  Flushed 64 docs | 0 chunks | totals → 72064 docs / 0 chunks
  Flushed 64 docs | 0 chunks | totals → 72128 docs / 0 chunks
  Flushed 64 docs | 0 chunks | totals → 72192 docs / 0 chunks
  Flushed 64 docs | 0 chunks | totals → 72256 docs / 0 chunks
  Flushed 64 docs | 0 chunks | totals → 72320 docs / 0 chunks
  Flushed 64 docs | 0 chunks | totals → 72384 docs / 0 chunks
  Flushed 64 docs | 0 chunks | totals → 72448 docs / 0 chunks
  Flushed 64 docs | 0 chunks | totals → 72512 docs / 0 chunks
  Flushed 64 docs | 0 chunks | totals → 72576 docs / 0 chunks
  Flushed 64 docs | 0 chunks | totals → 72640 docs / 0 chunks
  Flushed 64 docs | 0 chunks | totals → 72704 docs / 0 chunks
  Flushed 64 docs | 0 chunks | totals → 72768 docs / 0 chunks
  Flushed 64 docs | 0 chunks | totals → 72832 docs / 0 chunks
  Flushed 64 docs | 0 chunks | totals → 72896 docs / 0 chunks
  Flushed 64 docs | 0 chunks | totals → 72960 docs / 0 chunks
  Flushed 64 docs | 0 chunks | totals → 73024 docs / 0 chunks
  Flushed 64 docs | 0 chunks | totals → 73088 docs / 0 chunks
  Flushed 64 docs | 0 chunks | totals → 73152 docs / 0 chunks
  Flushed 64 docs | 0 chunks | totals → 73216 docs / 0 chunks
  Flushed 64 docs | 0 chunks | totals → 73280 docs / 0 chunks
  Flushed 64 docs | 0 chunks | totals → 73344 docs / 0 chunks
  Flushed 64 docs | 0 chunks | totals → 73408 docs / 0 chunks
  Flushed 64 docs | 0 chunks | totals → 73472 docs / 0 chunks
  Flushed 64 docs | 0 chunks | totals → 73536 docs / 0 chunks
  Flushed 64 docs | 0 chunks | totals → 73600 docs / 0 chunks
  Flushed 64 docs | 0 chunks | totals → 73664 docs / 0 chunks
  Flushed 64 docs | 0 chunks | totals → 73728 docs / 0 chunks
  Flushed 64 docs | 0 chunks | totals → 73792 docs / 0 chunks
  Flushed 64 docs | 0 chunks | totals → 73856 docs / 0 chunks
  Flushed 64 docs | 0 chunks | totals → 73920 docs / 0 chunks
  Flushed 64 docs | 0 chunks | totals → 73984 docs / 0 chunks
  Flushed 64 docs | 0 chunks | totals → 74048 docs / 0 chunks
  Flushed 64 docs | 0 chunks | totals → 74112 docs / 0 chunks
  Flushed 64 docs | 0 chunks | totals → 74176 docs / 0 chunks
  Flushed 64 docs | 0 chunks | totals → 74240 docs / 0 chunks
  Flushed 64 docs | 0 chunks | totals → 74304 docs / 0 chunks
  Flushed 64 docs | 0 chunks | totals → 74368 docs / 0 chunks
  Flushed 64 docs | 0 chunks | totals → 74432 docs / 0 chunks
  Flushed 64 docs | 0 chunks | totals → 74496 docs / 0 chunks
  Flushed 64 docs | 0 chunks | totals → 74560 docs / 0 chunks
  Flushed 64 docs | 0 chunks | totals → 74624 docs / 0 chunks
  Flushed 64 docs | 0 chunks | totals → 74688 docs / 0 chunks
  Flushed 64 docs | 0 chunks | totals → 74752 docs / 0 chunks
  Flushed 64 docs | 0 chunks | totals → 74816 docs / 0 chunks
  Flushed 64 docs | 0 chunks | totals → 74880 docs / 0 chunks
  Flushed 64 docs | 0 chunks | totals → 74944 docs / 0 chunks
  Flushed 64 docs | 0 chunks | totals → 75008 docs / 0 chunks
  Flushed 64 docs | 0 chunks | totals → 75072 docs / 0 chunks
  Flushed 64 docs | 0 chunks | totals → 75136 docs / 0 chunks
  Flushed 64 docs | 0 chunks | totals → 75200 docs / 0 chunks
  Flushed 64 docs | 0 chunks | totals → 75264 docs / 0 chunks
  Flushed 64 docs | 0 chunks | totals → 75328 docs / 0 chunks
  Flushed 64 docs | 0 chunks | totals → 75392 docs / 0 chunks
  Flushed 64 docs | 0 chunks | totals → 75456 docs / 0 chunks
  Flushed 64 docs | 0 chunks | totals → 75520 docs / 0 chunks
  Flushed 64 docs | 0 chunks | totals → 75584 docs / 0 chunks
  Flushed 64 docs | 0 chunks | totals → 75648 docs / 0 chunks
  Flushed 64 docs | 0 chunks | totals → 75712 docs / 0 chunks
  Flushed 64 docs | 0 chunks | totals → 75776 docs / 0 chunks
  Flushed 64 docs | 0 chunks | totals → 75840 docs / 0 chunks
  Flushed 64 docs | 0 chunks | totals → 75904 docs / 0 chunks
  Flushed 64 docs | 0 chunks | totals → 75968 docs / 0 chunks
  Flushed 64 docs | 0 chunks | totals → 76032 docs / 0 chunks
  Flushed 64 docs | 0 chunks | totals → 76096 docs / 0 chunks
  Flushed 64 docs | 0 chunks | totals → 76160 docs / 0 chunks
  Flushed 64 docs | 0 chunks | totals → 76224 docs / 0 chunks
  Flushed 64 docs | 0 chunks | totals → 76288 docs / 0 chunks
  Flushed 64 docs | 0 chunks | totals → 76352 docs / 0 chunks
  Flushed 64 docs | 0 chunks | totals → 76416 docs / 0 chunks
  Flushed 64 docs | 0 chunks | totals → 76480 docs / 0 chunks
  Flushed 64 docs | 0 chunks | totals → 76544 docs / 0 chunks
  Flushed 64 docs | 0 chunks | totals → 76608 docs / 0 chunks
  Flushed 64 docs | 0 chunks | totals → 76672 docs / 0 chunks
  Flushed 64 docs | 0 chunks | totals → 76736 docs / 0 chunks
  Flushed 64 docs | 0 chunks | totals → 76800 docs / 0 chunks
  Flushed 64 docs | 0 chunks | totals → 76864 docs / 0 chunks
  Flushed 64 docs | 0 chunks | totals → 76928 docs / 0 chunks
  Flushed 64 docs | 0 chunks | totals → 76992 docs / 0 chunks
  Flushed 64 docs | 0 chunks | totals → 77056 docs / 0 chunks
  Flushed 64 docs | 0 chunks | totals → 77120 docs / 0 chunks
  Flushed 64 docs | 0 chunks | totals → 77184 docs / 0 chunks
  Flushed 64 docs | 0 chunks | totals → 77248 docs / 0 chunks
  Flushed 64 docs | 0 chunks | totals → 77312 docs / 0 chunks
  Flushed 64 docs | 0 chunks | totals → 77376 docs / 0 chunks
  Flushed 64 docs | 0 chunks | totals → 77440 docs / 0 chunks
  Flushed 64 docs | 0 chunks | totals → 77504 docs / 0 chunks
  Flushed 64 docs | 0 chunks | totals → 77568 docs / 0 chunks
  Flushed 64 docs | 0 chunks | totals → 77632 docs / 0 chunks
  Flushed 64 docs | 0 chunks | totals → 77696 docs / 0 chunks
  Flushed 64 docs | 0 chunks | totals → 77760 docs / 0 chunks
  Flushed 64 docs | 0 chunks | totals → 77824 docs / 0 chunks
  Flushed 64 docs | 0 chunks | totals → 77888 docs / 0 chunks
  Flushed 64 docs | 0 chunks | totals → 77952 docs / 0 chunks
  Flushed 64 docs | 0 chunks | totals → 78016 docs / 0 chunks
  Flushed 64 docs | 0 chunks | totals → 78080 docs / 0 chunks
  Flushed 64 docs | 0 chunks | totals → 78144 docs / 0 chunks
  Flushed 64 docs | 0 chunks | totals → 78208 docs / 0 chunks
  Flushed 64 docs | 0 chunks | totals → 78272 docs / 0 chunks
  Flushed 64 docs | 0 chunks | totals → 78336 docs / 0 chunks
  Flushed 64 docs | 0 chunks | totals → 78400 docs / 0 chunks
  Flushed 64 docs | 0 chunks | totals → 78464 docs / 0 chunks
  Flushed 64 docs | 0 chunks | totals → 78528 docs / 0 chunks
  Flushed 64 docs | 0 chunks | totals → 78592 docs / 0 chunks
  Flushed 64 docs | 0 chunks | totals → 78656 docs / 0 chunks
  Flushed 64 docs | 0 chunks | totals → 78720 docs / 0 chunks
  Flushed 64 docs | 0 chunks | totals → 78784 docs / 0 chunks
  Flushed 64 docs | 0 chunks | totals → 78848 docs / 0 chunks
  Flushed 64 docs | 0 chunks | totals → 78912 docs / 0 chunks
  Flushed 64 docs | 0 chunks | totals → 78976 docs / 0 chunks
  Flushed 64 docs | 0 chunks | totals → 79040 docs / 0 chunks
  Flushed 64 docs | 0 chunks | totals → 79104 docs / 0 chunks
  Flushed 64 docs | 0 chunks | totals → 79168 docs / 0 chunks
  Flushed 64 docs | 0 chunks | totals → 79232 docs / 0 chunks
  Flushed 64 docs | 0 chunks | totals → 79296 docs / 0 chunks
  Flushed 64 docs | 0 chunks | totals → 79360 docs / 0 chunks
  Flushed 64 docs | 0 chunks | totals → 79424 docs / 0 chunks
  Flushed 64 docs | 0 chunks | totals → 79488 docs / 0 chunks
  Flushed 64 docs | 0 chunks | totals → 79552 docs / 0 chunks
  Flushed 64 docs | 0 chunks | totals → 79616 docs / 0 chunks
  Flushed 64 docs | 0 chunks | totals → 79680 docs / 0 chunks
  Flushed 64 docs | 0 chunks | totals → 79744 docs / 0 chunks
  Flushed 64 docs | 0 chunks | totals → 79808 docs / 0 chunks
  Flushed 64 docs | 0 chunks | totals → 79872 docs / 0 chunks
  Flushed 64 docs | 0 chunks | totals → 79936 docs / 0 chunks
  Flushed 64 docs | 0 chunks | totals → 80000 docs / 0 chunks
  Flushed 64 docs | 0 chunks | totals → 80064 docs / 0 chunks
  Flushed 64 docs | 0 chunks | totals → 80128 docs / 0 chunks
  Flushed 64 docs | 0 chunks | totals → 80192 docs / 0 chunks
  Flushed 64 docs | 0 chunks | totals → 80256 docs / 0 chunks
  Flushed 64 docs | 0 chunks | totals → 80320 docs / 0 chunks
  Flushed 64 docs | 0 chunks | totals → 80384 docs / 0 chunks
  Flushed 64 docs | 0 chunks | totals → 80448 docs / 0 chunks
  Flushed 64 docs | 0 chunks | totals → 80512 docs / 0 chunks
  Flushed 64 docs | 0 chunks | totals → 80576 docs / 0 chunks
  Flushed 64 docs | 0 chunks | totals → 80640 docs / 0 chunks
  Flushed 64 docs | 0 chunks | totals → 80704 docs / 0 chunks
  Flushed 64 docs | 0 chunks | totals → 80768 docs / 0 chunks
  Flushed 64 docs | 0 chunks | totals → 80832 docs / 0 chunks
  Flushed 64 docs | 0 chunks | totals → 80896 docs / 0 chunks
  Flushed 64 docs | 0 chunks | totals → 80960 docs / 0 chunks
  Flushed 64 docs | 0 chunks | totals → 81024 docs / 0 chunks
  Flushed 64 docs | 0 chunks | totals → 81088 docs / 0 chunks
  Flushed 64 docs | 0 chunks | totals → 81152 docs / 0 chunks
  Flushed 64 docs | 0 chunks | totals → 81216 docs / 0 chunks
  Flushed 64 docs | 0 chunks | totals → 81280 docs / 0 chunks
  Flushed 64 docs | 0 chunks | totals → 81344 docs / 0 chunks
  Flushed 64 docs | 0 chunks | totals → 81408 docs / 0 chunks
  Flushed 64 docs | 0 chunks | totals → 81472 docs / 0 chunks
  Flushed 64 docs | 0 chunks | totals → 81536 docs / 0 chunks
  Flushed 64 docs | 0 chunks | totals → 81600 docs / 0 chunks
  Flushed 64 docs | 0 chunks | totals → 81664 docs / 0 chunks
  Flushed 64 docs | 0 chunks | totals → 81728 docs / 0 chunks
  Flushed 64 docs | 0 chunks | totals → 81792 docs / 0 chunks
  Flushed 64 docs | 0 chunks | totals → 81856 docs / 0 chunks
  Flushed 64 docs | 0 chunks | totals → 81920 docs / 0 chunks
  Flushed 64 docs | 0 chunks | totals → 81984 docs / 0 chunks
  Flushed 64 docs | 0 chunks | totals → 82048 docs / 0 chunks
  Flushed 64 docs | 0 chunks | totals → 82112 docs / 0 chunks
  Flushed 64 docs | 0 chunks | totals → 82176 docs / 0 chunks
  Flushed 64 docs | 0 chunks | totals → 82240 docs / 0 chunks
  Flushed 64 docs | 0 chunks | totals → 82304 docs / 0 chunks
  Flushed 64 docs | 0 chunks | totals → 82368 docs / 0 chunks
  Flushed 64 docs | 0 chunks | totals → 82432 docs / 0 chunks
  Flushed 64 docs | 0 chunks | totals → 82496 docs / 0 chunks
  Flushed 64 docs | 0 chunks | totals → 82560 docs / 0 chunks
  Flushed 64 docs | 0 chunks | totals → 82624 docs / 0 chunks
  Flushed 64 docs | 0 chunks | totals → 82688 docs / 0 chunks
  Flushed 64 docs | 0 chunks | totals → 82752 docs / 0 chunks
  Flushed 64 docs | 0 chunks | totals → 82816 docs / 0 chunks
  Flushed 64 docs | 0 chunks | totals → 82880 docs / 0 chunks
  Flushed 64 docs | 0 chunks | totals → 82944 docs / 0 chunks
  Flushed 64 docs | 0 chunks | totals → 83008 docs / 0 chunks
  Flushed 64 docs | 0 chunks | totals → 83072 docs / 0 chunks
  Flushed 64 docs | 0 chunks | totals → 83136 docs / 0 chunks
  Flushed 64 docs | 0 chunks | totals → 83200 docs / 0 chunks
  Flushed 64 docs | 0 chunks | totals → 83264 docs / 0 chunks
  Flushed 64 docs | 0 chunks | totals → 83328 docs / 0 chunks
  Flushed 64 docs | 0 chunks | totals → 83392 docs / 0 chunks
  Flushed 64 docs | 0 chunks | totals → 83456 docs / 0 chunks
  Flushed 64 docs | 0 chunks | totals → 83520 docs / 0 chunks
  Flushed 64 docs | 0 chunks | totals → 83584 docs / 0 chunks
  Flushed 64 docs | 0 chunks | totals → 83648 docs / 0 chunks
  Flushed 64 docs | 0 chunks | totals → 83712 docs / 0 chunks
  Flushed 64 docs | 0 chunks | totals → 83776 docs / 0 chunks
  Flushed 64 docs | 0 chunks | totals → 83840 docs / 0 chunks
  Flushed 64 docs | 0 chunks | totals → 83904 docs / 0 chunks
  Flushed 64 docs | 0 chunks | totals → 83968 docs / 0 chunks
  Flushed 64 docs | 0 chunks | totals → 84032 docs / 0 chunks
  Flushed 64 docs | 0 chunks | totals → 84096 docs / 0 chunks
  Flushed 64 docs | 0 chunks | totals → 84160 docs / 0 chunks
  Flushed 64 docs | 0 chunks | totals → 84224 docs / 0 chunks
  Flushed 64 docs | 0 chunks | totals → 84288 docs / 0 chunks
  Flushed 64 docs | 0 chunks | totals → 84352 docs / 0 chunks
  Flushed 64 docs | 0 chunks | totals → 84416 docs / 0 chunks
  Flushed 64 docs | 0 chunks | totals → 84480 docs / 0 chunks
  Flushed 64 docs | 0 chunks | totals → 84544 docs / 0 chunks
  Flushed 64 docs | 0 chunks | totals → 84608 docs / 0 chunks
  Flushed 64 docs | 0 chunks | totals → 84672 docs / 0 chunks
  Flushed 64 docs | 0 chunks | totals → 84736 docs / 0 chunks
  Flushed 64 docs | 0 chunks | totals → 84800 docs / 0 chunks
  Flushed 64 docs | 0 chunks | totals → 84864 docs / 0 chunks
  Flushed 64 docs | 0 chunks | totals → 84928 docs / 0 chunks
  Flushed 64 docs | 0 chunks | totals → 84992 docs / 0 chunks
  Flushed 64 docs | 0 chunks | totals → 85056 docs / 0 chunks
  Flushed 64 docs | 0 chunks | totals → 85120 docs / 0 chunks
  Flushed 64 docs | 0 chunks | totals → 85184 docs / 0 chunks
  Flushed 64 docs | 0 chunks | totals → 85248 docs / 0 chunks
  Flushed 64 docs | 0 chunks | totals → 85312 docs / 0 chunks
  Flushed 64 docs | 0 chunks | totals → 85376 docs / 0 chunks
  Flushed 64 docs | 0 chunks | totals → 85440 docs / 0 chunks
  Flushed 64 docs | 0 chunks | totals → 85504 docs / 0 chunks
  Flushed 64 docs | 0 chunks | totals → 85568 docs / 0 chunks
  Flushed 64 docs | 0 chunks | totals → 85632 docs / 0 chunks
  Flushed 64 docs | 0 chunks | totals → 85696 docs / 0 chunks
  Flushed 64 docs | 0 chunks | totals → 85760 docs / 0 chunks
  Flushed 64 docs | 0 chunks | totals → 85824 docs / 0 chunks
  Flushed 64 docs | 0 chunks | totals → 85888 docs / 0 chunks
  Flushed 64 docs | 0 chunks | totals → 85952 docs / 0 chunks
  Flushed 64 docs | 0 chunks | totals → 86016 docs / 0 chunks
  Flushed 64 docs | 0 chunks | totals → 86080 docs / 0 chunks
  Flushed 64 docs | 0 chunks | totals → 86144 docs / 0 chunks
  Flushed 64 docs | 0 chunks | totals → 86208 docs / 0 chunks
  Flushed 64 docs | 0 chunks | totals → 86272 docs / 0 chunks
  Flushed 64 docs | 0 chunks | totals → 86336 docs / 0 chunks
  Flushed 64 docs | 0 chunks | totals → 86400 docs / 0 chunks
  Flushed 64 docs | 0 chunks | totals → 86464 docs / 0 chunks
  Flushed 64 docs | 0 chunks | totals → 86528 docs / 0 chunks
  Flushed 64 docs | 0 chunks | totals → 86592 docs / 0 chunks
  Flushed 64 docs | 0 chunks | totals → 86656 docs / 0 chunks
  Flushed 64 docs | 0 chunks | totals → 86720 docs / 0 chunks
  Flushed 64 docs | 0 chunks | totals → 86784 docs / 0 chunks
  Flushed 64 docs | 0 chunks | totals → 86848 docs / 0 chunks
  Flushed 64 docs | 0 chunks | totals → 86912 docs / 0 chunks
  Flushed 64 docs | 0 chunks | totals → 86976 docs / 0 chunks
  Flushed 64 docs | 0 chunks | totals → 87040 docs / 0 chunks
  Flushed 64 docs | 0 chunks | totals → 87104 docs / 0 chunks
  Flushed 64 docs | 0 chunks | totals → 87168 docs / 0 chunks
  Flushed 64 docs | 0 chunks | totals → 87232 docs / 0 chunks
  Flushed 64 docs | 0 chunks | totals → 87296 docs / 0 chunks
  Flushed 64 docs | 0 chunks | totals → 87360 docs / 0 chunks
  Flushed 64 docs | 0 chunks | totals → 87424 docs / 0 chunks
  Flushed 64 docs | 0 chunks | totals → 87488 docs / 0 chunks
  Flushed 64 docs | 0 chunks | totals → 87552 docs / 0 chunks
  Flushed 64 docs | 0 chunks | totals → 87616 docs / 0 chunks
  Flushed 64 docs | 0 chunks | totals → 87680 docs / 0 chunks
  Flushed 64 docs | 0 chunks | totals → 87744 docs / 0 chunks
  Flushed 64 docs | 0 chunks | totals → 87808 docs / 0 chunks
  Flushed 64 docs | 0 chunks | totals → 87872 docs / 0 chunks
  Flushed 64 docs | 0 chunks | totals → 87936 docs / 0 chunks
  Flushed 64 docs | 0 chunks | totals → 88000 docs / 0 chunks
  Flushed 64 docs | 0 chunks | totals → 88064 docs / 0 chunks
  Flushed 64 docs | 0 chunks | totals → 88128 docs / 0 chunks
  Flushed 64 docs | 0 chunks | totals → 88192 docs / 0 chunks
  Flushed 64 docs | 0 chunks | totals → 88256 docs / 0 chunks
  Flushed 64 docs | 0 chunks | totals → 88320 docs / 0 chunks
  Flushed 64 docs | 0 chunks | totals → 88384 docs / 0 chunks
  Flushed 64 docs | 0 chunks | totals → 88448 docs / 0 chunks
  Flushed 64 docs | 0 chunks | totals → 88512 docs / 0 chunks
  Flushed 64 docs | 0 chunks | totals → 88576 docs / 0 chunks
  Flushed 64 docs | 0 chunks | totals → 88640 docs / 0 chunks
  Flushed 64 docs | 0 chunks | totals → 88704 docs / 0 chunks
  Flushed 64 docs | 0 chunks | totals → 88768 docs / 0 chunks
  Flushed 64 docs | 0 chunks | totals → 88832 docs / 0 chunks
  Flushed 64 docs | 0 chunks | totals → 88896 docs / 0 chunks
  Flushed 64 docs | 0 chunks | totals → 88960 docs / 0 chunks
  Flushed 64 docs | 0 chunks | totals → 89024 docs / 0 chunks
  Flushed 64 docs | 0 chunks | totals → 89088 docs / 0 chunks
  Flushed 64 docs | 0 chunks | totals → 89152 docs / 0 chunks
  Flushed 64 docs | 0 chunks | totals → 89216 docs / 0 chunks
  Flushed 64 docs | 0 chunks | totals → 89280 docs / 0 chunks
  Flushed 64 docs | 0 chunks | totals → 89344 docs / 0 chunks
  Flushed 64 docs | 0 chunks | totals → 89408 docs / 0 chunks
  Flushed 64 docs | 0 chunks | totals → 89472 docs / 0 chunks
  Flushed 64 docs | 0 chunks | totals → 89536 docs / 0 chunks
  Flushed 64 docs | 0 chunks | totals → 89600 docs / 0 chunks
  Flushed 64 docs | 0 chunks | totals → 89664 docs / 0 chunks
  Flushed 64 docs | 0 chunks | totals → 89728 docs / 0 chunks
  Flushed 64 docs | 0 chunks | totals → 89792 docs / 0 chunks
  Flushed 64 docs | 0 chunks | totals → 89856 docs / 0 chunks
  Flushed 64 docs | 0 chunks | totals → 89920 docs / 0 chunks
  Flushed 64 docs | 0 chunks | totals → 89984 docs / 0 chunks
  Flushed 64 docs | 0 chunks | totals → 90048 docs / 0 chunks
  Flushed 64 docs | 0 chunks | totals → 90112 docs / 0 chunks
  Flushed 64 docs | 0 chunks | totals → 90176 docs / 0 chunks
  Flushed 64 docs | 0 chunks | totals → 90240 docs / 0 chunks
  Flushed 64 docs | 0 chunks | totals → 90304 docs / 0 chunks
  Flushed 64 docs | 0 chunks | totals → 90368 docs / 0 chunks
  Flushed 64 docs | 0 chunks | totals → 90432 docs / 0 chunks
  Flushed 64 docs | 0 chunks | totals → 90496 docs / 0 chunks
  Flushed 64 docs | 0 chunks | totals → 90560 docs / 0 chunks
  Flushed 64 docs | 0 chunks | totals → 90624 docs / 0 chunks
  Flushed 64 docs | 0 chunks | totals → 90688 docs / 0 chunks
  Flushed 64 docs | 0 chunks | totals → 90752 docs / 0 chunks
  Flushed 64 docs | 0 chunks | totals → 90816 docs / 0 chunks
  Flushed 64 docs | 0 chunks | totals → 90880 docs / 0 chunks
  Flushed 64 docs | 0 chunks | totals → 90944 docs / 0 chunks
  Flushed 64 docs | 0 chunks | totals → 91008 docs / 0 chunks
  Flushed 64 docs | 0 chunks | totals → 91072 docs / 0 chunks
  Flushed 64 docs | 0 chunks | totals → 91136 docs / 0 chunks
  Flushed 64 docs | 0 chunks | totals → 91200 docs / 0 chunks
  Flushed 64 docs | 0 chunks | totals → 91264 docs / 0 chunks
  Flushed 64 docs | 0 chunks | totals → 91328 docs / 0 chunks
  Flushed 64 docs | 0 chunks | totals → 91392 docs / 0 chunks
  Flushed 64 docs | 0 chunks | totals → 91456 docs / 0 chunks
  Flushed 64 docs | 0 chunks | totals → 91520 docs / 0 chunks
  Flushed 64 docs | 0 chunks | totals → 91584 docs / 0 chunks
  Flushed 64 docs | 0 chunks | totals → 91648 docs / 0 chunks
  Flushed 64 docs | 0 chunks | totals → 91712 docs / 0 chunks
  Flushed 64 docs | 0 chunks | totals → 91776 docs / 0 chunks
  Flushed 64 docs | 0 chunks | totals → 91840 docs / 0 chunks
  Flushed 64 docs | 0 chunks | totals → 91904 docs / 0 chunks
  Flushed 64 docs | 0 chunks | totals → 91968 docs / 0 chunks
  Flushed 64 docs | 0 chunks | totals → 92032 docs / 0 chunks
  Flushed 64 docs | 0 chunks | totals → 92096 docs / 0 chunks
  Flushed 64 docs | 0 chunks | totals → 92160 docs / 0 chunks
  Flushed 64 docs | 0 chunks | totals → 92224 docs / 0 chunks
  Flushed 64 docs | 0 chunks | totals → 92288 docs / 0 chunks
  Flushed 64 docs | 0 chunks | totals → 92352 docs / 0 chunks
  Flushed 64 docs | 0 chunks | totals → 92416 docs / 0 chunks
  Flushed 64 docs | 0 chunks | totals → 92480 docs / 0 chunks
  Flushed 64 docs | 0 chunks | totals → 92544 docs / 0 chunks
  Flushed 64 docs | 0 chunks | totals → 92608 docs / 0 chunks
  Flushed 64 docs | 0 chunks | totals → 92672 docs / 0 chunks
  Flushed 64 docs | 0 chunks | totals → 92736 docs / 0 chunks
  Flushed 64 docs | 0 chunks | totals → 92800 docs / 0 chunks
  Flushed 64 docs | 0 chunks | totals → 92864 docs / 0 chunks
  Flushed 64 docs | 0 chunks | totals → 92928 docs / 0 chunks
  Flushed 64 docs | 0 chunks | totals → 92992 docs / 0 chunks
  Flushed 64 docs | 0 chunks | totals → 93056 docs / 0 chunks
  Flushed 64 docs | 0 chunks | totals → 93120 docs / 0 chunks
  Flushed 64 docs | 0 chunks | totals → 93184 docs / 0 chunks
  Flushed 64 docs | 0 chunks | totals → 93248 docs / 0 chunks
  Flushed 64 docs | 0 chunks | totals → 93312 docs / 0 chunks
  Flushed 64 docs | 0 chunks | totals → 93376 docs / 0 chunks
  Flushed 64 docs | 0 chunks | totals → 93440 docs / 0 chunks
  Flushed 64 docs | 0 chunks | totals → 93504 docs / 0 chunks
  Flushed 64 docs | 0 chunks | totals → 93568 docs / 0 chunks
  Flushed 64 docs | 0 chunks | totals → 93632 docs / 0 chunks
  Flushed 64 docs | 0 chunks | totals → 93696 docs / 0 chunks
  Flushed 64 docs | 0 chunks | totals → 93760 docs / 0 chunks
  Flushed 64 docs | 0 chunks | totals → 93824 docs / 0 chunks
  Flushed 64 docs | 0 chunks | totals → 93888 docs / 0 chunks
  Flushed 64 docs | 0 chunks | totals → 93952 docs / 0 chunks
  Flushed 64 docs | 0 chunks | totals → 94016 docs / 0 chunks
  Flushed 64 docs | 0 chunks | totals → 94080 docs / 0 chunks
  Flushed 64 docs | 0 chunks | totals → 94144 docs / 0 chunks
  Flushed 64 docs | 0 chunks | totals → 94208 docs / 0 chunks
  Flushed 64 docs | 0 chunks | totals → 94272 docs / 0 chunks
  Flushed 64 docs | 0 chunks | totals → 94336 docs / 0 chunks
  Flushed 64 docs | 0 chunks | totals → 94400 docs / 0 chunks
  Flushed 64 docs | 0 chunks | totals → 94464 docs / 0 chunks
  Flushed 64 docs | 0 chunks | totals → 94528 docs / 0 chunks
  Flushed 64 docs | 0 chunks | totals → 94592 docs / 0 chunks
  Flushed 64 docs | 0 chunks | totals → 94656 docs / 0 chunks
  Flushed 64 docs | 0 chunks | totals → 94720 docs / 0 chunks
  Flushed 64 docs | 0 chunks | totals → 94784 docs / 0 chunks
  Flushed 64 docs | 0 chunks | totals → 94848 docs / 0 chunks
  Flushed 64 docs | 0 chunks | totals → 94912 docs / 0 chunks
  Flushed 64 docs | 0 chunks | totals → 94976 docs / 0 chunks
  Flushed 64 docs | 0 chunks | totals → 95040 docs / 0 chunks
  Flushed 64 docs | 0 chunks | totals → 95104 docs / 0 chunks
  Flushed 64 docs | 0 chunks | totals → 95168 docs / 0 chunks
  Flushed 64 docs | 0 chunks | totals → 95232 docs / 0 chunks
  Flushed 64 docs | 0 chunks | totals → 95296 docs / 0 chunks
  Flushed 64 docs | 0 chunks | totals → 95360 docs / 0 chunks
  Flushed 64 docs | 0 chunks | totals → 95424 docs / 0 chunks
  Flushed 64 docs | 0 chunks | totals → 95488 docs / 0 chunks
  Flushed 64 docs | 0 chunks | totals → 95552 docs / 0 chunks
  Flushed 64 docs | 0 chunks | totals → 95616 docs / 0 chunks
  Flushed 64 docs | 0 chunks | totals → 95680 docs / 0 chunks
  Flushed 64 docs | 0 chunks | totals → 95744 docs / 0 chunks
  Flushed 64 docs | 0 chunks | totals → 95808 docs / 0 chunks
  Flushed 64 docs | 0 chunks | totals → 95872 docs / 0 chunks
  Flushed 64 docs | 0 chunks | totals → 95936 docs / 0 chunks
  Flushed 64 docs | 0 chunks | totals → 96000 docs / 0 chunks
  Flushed 64 docs | 0 chunks | totals → 96064 docs / 0 chunks
  Flushed 64 docs | 0 chunks | totals → 96128 docs / 0 chunks
  Flushed 64 docs | 0 chunks | totals → 96192 docs / 0 chunks
  Flushed 64 docs | 0 chunks | totals → 96256 docs / 0 chunks
  Flushed 64 docs | 0 chunks | totals → 96320 docs / 0 chunks
  Flushed 64 docs | 0 chunks | totals → 96384 docs / 0 chunks
  Flushed 64 docs | 0 chunks | totals → 96448 docs / 0 chunks
  Flushed 64 docs | 0 chunks | totals → 96512 docs / 0 chunks
  Flushed 64 docs | 0 chunks | totals → 96576 docs / 0 chunks
  Flushed 64 docs | 0 chunks | totals → 96640 docs / 0 chunks
  Flushed 64 docs | 0 chunks | totals → 96704 docs / 0 chunks
  Flushed 64 docs | 0 chunks | totals → 96768 docs / 0 chunks
  Flushed 64 docs | 0 chunks | totals → 96832 docs / 0 chunks
  Flushed 64 docs | 0 chunks | totals → 96896 docs / 0 chunks
  Flushed 64 docs | 0 chunks | totals → 96960 docs / 0 chunks
  Flushed 64 docs | 0 chunks | totals → 97024 docs / 0 chunks
  Flushed 64 docs | 0 chunks | totals → 97088 docs / 0 chunks
  Flushed 64 docs | 0 chunks | totals → 97152 docs / 0 chunks
  Flushed 64 docs | 0 chunks | totals → 97216 docs / 0 chunks
  Flushed 64 docs | 0 chunks | totals → 97280 docs / 0 chunks
  Flushed 64 docs | 0 chunks | totals → 97344 docs / 0 chunks
  Flushed 64 docs | 0 chunks | totals → 97408 docs / 0 chunks
  Flushed 64 docs | 0 chunks | totals → 97472 docs / 0 chunks
  Flushed 64 docs | 0 chunks | totals → 97536 docs / 0 chunks
  Flushed 64 docs | 0 chunks | totals → 97600 docs / 0 chunks
  Flushed 64 docs | 0 chunks | totals → 97664 docs / 0 chunks
  Flushed 64 docs | 0 chunks | totals → 97728 docs / 0 chunks
  Flushed 64 docs | 0 chunks | totals → 97792 docs / 0 chunks
  Flushed 64 docs | 0 chunks | totals → 97856 docs / 0 chunks
  Flushed 64 docs | 0 chunks | totals → 97920 docs / 0 chunks
  Flushed 64 docs | 0 chunks | totals → 97984 docs / 0 chunks
  Flushed 64 docs | 0 chunks | totals → 98048 docs / 0 chunks
  Flushed 64 docs | 0 chunks | totals → 98112 docs / 0 chunks
  Flushed 64 docs | 0 chunks | totals → 98176 docs / 0 chunks
  Flushed 64 docs | 0 chunks | totals → 98240 docs / 0 chunks
  Flushed 64 docs | 0 chunks | totals → 98304 docs / 0 chunks
  Flushed 64 docs | 0 chunks | totals → 98368 docs / 0 chunks
  Flushed 64 docs | 0 chunks | totals → 98432 docs / 0 chunks
  Flushed 64 docs | 0 chunks | totals → 98496 docs / 0 chunks
  Flushed 64 docs | 0 chunks | totals → 98560 docs / 0 chunks
  Flushed 64 docs | 0 chunks | totals → 98624 docs / 0 chunks
  Flushed 64 docs | 0 chunks | totals → 98688 docs / 0 chunks
  Flushed 64 docs | 0 chunks | totals → 98752 docs / 0 chunks
  Flushed 64 docs | 0 chunks | totals → 98816 docs / 0 chunks
  Flushed 64 docs | 0 chunks | totals → 98880 docs / 0 chunks
  Flushed 64 docs | 0 chunks | totals → 98944 docs / 0 chunks
  Flushed 64 docs | 0 chunks | totals → 99008 docs / 0 chunks
  Flushed 64 docs | 0 chunks | totals → 99072 docs / 0 chunks
  Flushed 64 docs | 0 chunks | totals → 99136 docs / 0 chunks
  Flushed 64 docs | 0 chunks | totals → 99200 docs / 0 chunks
  Flushed 64 docs | 0 chunks | totals → 99264 docs / 0 chunks
  Flushed 64 docs | 0 chunks | totals → 99328 docs / 0 chunks
  Flushed 64 docs | 0 chunks | totals → 99392 docs / 0 chunks
  Flushed 64 docs | 0 chunks | totals → 99456 docs / 0 chunks
  Flushed 64 docs | 0 chunks | totals → 99520 docs / 0 chunks
  Flushed 64 docs | 0 chunks | totals → 99584 docs / 0 chunks
  Flushed 64 docs | 0 chunks | totals → 99648 docs / 0 chunks
  Flushed 64 docs | 0 chunks | totals → 99712 docs / 0 chunks
  Flushed 64 docs | 0 chunks | totals → 99776 docs / 0 chunks
  Flushed 64 docs | 0 chunks | totals → 99840 docs / 0 chunks
  Flushed 64 docs | 0 chunks | totals → 99904 docs / 0 chunks
  Flushed 64 docs | 0 chunks | totals → 99968 docs / 0 chunks
  Flushed 64 docs | 0 chunks | totals → 100032 docs / 0 chunks
  Flushed 64 docs | 0 chunks | totals → 100096 docs / 0 chunks
  Flushed 64 docs | 0 chunks | totals → 100160 docs / 0 chunks
  Flushed 64 docs | 0 chunks | totals → 100224 docs / 0 chunks
  Flushed 64 docs | 0 chunks | totals → 100288 docs / 0 chunks
  Flushed 64 docs | 0 chunks | totals → 100352 docs / 0 chunks
  Flushed 64 docs | 0 chunks | totals → 100416 docs / 0 chunks
  Flushed 64 docs | 0 chunks | totals → 100480 docs / 0 chunks
  Flushed 64 docs | 0 chunks | totals → 100544 docs / 0 chunks
  Flushed 64 docs | 0 chunks | totals → 100608 docs / 0 chunks
  Flushed 64 docs | 0 chunks | totals → 100672 docs / 0 chunks
  Flushed 64 docs | 0 chunks | totals → 100736 docs / 0 chunks
  Flushed 64 docs | 0 chunks | totals → 100800 docs / 0 chunks
  Flushed 64 docs | 0 chunks | totals → 100864 docs / 0 chunks
  Flushed 64 docs | 0 chunks | totals → 100928 docs / 0 chunks
  Flushed 64 docs | 0 chunks | totals → 100992 docs / 0 chunks
  Flushed 64 docs | 0 chunks | totals → 101056 docs / 0 chunks
  Flushed 64 docs | 0 chunks | totals → 101120 docs / 0 chunks
  Flushed 64 docs | 0 chunks | totals → 101184 docs / 0 chunks
  Flushed 64 docs | 0 chunks | totals → 101248 docs / 0 chunks
  Flushed 64 docs | 0 chunks | totals → 101312 docs / 0 chunks
  Flushed 64 docs | 0 chunks | totals → 101376 docs / 0 chunks
  Flushed 64 docs | 0 chunks | totals → 101440 docs / 0 chunks
  Flushed 64 docs | 0 chunks | totals → 101504 docs / 0 chunks
  Flushed 64 docs | 0 chunks | totals → 101568 docs / 0 chunks
  Flushed 64 docs | 0 chunks | totals → 101632 docs / 0 chunks
  Flushed 64 docs | 0 chunks | totals → 101696 docs / 0 chunks
  Flushed 64 docs | 0 chunks | totals → 101760 docs / 0 chunks
  Flushed 64 docs | 0 chunks | totals → 101824 docs / 0 chunks
  Flushed 64 docs | 0 chunks | totals → 101888 docs / 0 chunks
  Flushed 64 docs | 0 chunks | totals → 101952 docs / 0 chunks
  Flushed 64 docs | 0 chunks | totals → 102016 docs / 0 chunks
  Flushed 64 docs | 0 chunks | totals → 102080 docs / 0 chunks
  Flushed 64 docs | 0 chunks | totals → 102144 docs / 0 chunks
  Flushed 64 docs | 0 chunks | totals → 102208 docs / 0 chunks
  Flushed 64 docs | 0 chunks | totals → 102272 docs / 0 chunks
  Flushed 64 docs | 0 chunks | totals → 102336 docs / 0 chunks
  Flushed 64 docs | 0 chunks | totals → 102400 docs / 0 chunks
  Flushed 64 docs | 0 chunks | totals → 102464 docs / 0 chunks
  Flushed 64 docs | 0 chunks | totals → 102528 docs / 0 chunks
  Flushed 64 docs | 0 chunks | totals → 102592 docs / 0 chunks
  Flushed 64 docs | 0 chunks | totals → 102656 docs / 0 chunks
  Flushed 64 docs | 0 chunks | totals → 102720 docs / 0 chunks
  Flushed 64 docs | 0 chunks | totals → 102784 docs / 0 chunks
  Flushed 64 docs | 0 chunks | totals → 102848 docs / 0 chunks
  Flushed 64 docs | 0 chunks | totals → 102912 docs / 0 chunks
  Flushed 64 docs | 0 chunks | totals → 102976 docs / 0 chunks
  Flushed 64 docs | 0 chunks | totals → 103040 docs / 0 chunks
  Flushed 64 docs | 0 chunks | totals → 103104 docs / 0 chunks
  Flushed 64 docs | 0 chunks | totals → 103168 docs / 0 chunks
  Flushed 64 docs | 0 chunks | totals → 103232 docs / 0 chunks
  Flushed 64 docs | 0 chunks | totals → 103296 docs / 0 chunks
  Flushed 64 docs | 0 chunks | totals → 103360 docs / 0 chunks
  Flushed 64 docs | 0 chunks | totals → 103424 docs / 0 chunks
  Flushed 64 docs | 0 chunks | totals → 103488 docs / 0 chunks
  Flushed 64 docs | 0 chunks | totals → 103552 docs / 0 chunks
  Flushed 64 docs | 0 chunks | totals → 103616 docs / 0 chunks
  Flushed 64 docs | 0 chunks | totals → 103680 docs / 0 chunks
  Flushed 64 docs | 0 chunks | totals → 103744 docs / 0 chunks
  Flushed 64 docs | 0 chunks | totals → 103808 docs / 0 chunks
  Flushed 64 docs | 0 chunks | totals → 103872 docs / 0 chunks
  Flushed 64 docs | 0 chunks | totals → 103936 docs / 0 chunks
  Flushed 64 docs | 0 chunks | totals → 104000 docs / 0 chunks
  Flushed 64 docs | 0 chunks | totals → 104064 docs / 0 chunks
  Flushed 64 docs | 0 chunks | totals → 104128 docs / 0 chunks
  Flushed 64 docs | 0 chunks | totals → 104192 docs / 0 chunks
  Flushed 64 docs | 0 chunks | totals → 104256 docs / 0 chunks
  Flushed 64 docs | 0 chunks | totals → 104320 docs / 0 chunks
  Flushed 64 docs | 0 chunks | totals → 104384 docs / 0 chunks
  Flushed 64 docs | 0 chunks | totals → 104448 docs / 0 chunks
  Flushed 64 docs | 0 chunks | totals → 104512 docs / 0 chunks
  Flushed 64 docs | 0 chunks | totals → 104576 docs / 0 chunks
  Flushed 64 docs | 0 chunks | totals → 104640 docs / 0 chunks
  Flushed 64 docs | 0 chunks | totals → 104704 docs / 0 chunks
  Flushed 64 docs | 0 chunks | totals → 104768 docs / 0 chunks
  Flushed 64 docs | 0 chunks | totals → 104832 docs / 0 chunks
  Flushed 64 docs | 0 chunks | totals → 104896 docs / 0 chunks
  Flushed 64 docs | 0 chunks | totals → 104960 docs / 0 chunks
  Flushed 64 docs | 0 chunks | totals → 105024 docs / 0 chunks
  Flushed 64 docs | 0 chunks | totals → 105088 docs / 0 chunks
  Flushed 64 docs | 0 chunks | totals → 105152 docs / 0 chunks
  Flushed 64 docs | 0 chunks | totals → 105216 docs / 0 chunks
  Flushed 64 docs | 0 chunks | totals → 105280 docs / 0 chunks
  Flushed 64 docs | 0 chunks | totals → 105344 docs / 0 chunks
  Flushed 64 docs | 0 chunks | totals → 105408 docs / 0 chunks
  Flushed 64 docs | 0 chunks | totals → 105472 docs / 0 chunks
  Flushed 64 docs | 0 chunks | totals → 105536 docs / 0 chunks
  Flushed 64 docs | 0 chunks | totals → 105600 docs / 0 chunks
  Flushed 64 docs | 0 chunks | totals → 105664 docs / 0 chunks
  Flushed 64 docs | 0 chunks | totals → 105728 docs / 0 chunks
  Flushed 64 docs | 0 chunks | totals → 105792 docs / 0 chunks
  Flushed 64 docs | 0 chunks | totals → 105856 docs / 0 chunks
  Flushed 64 docs | 0 chunks | totals → 105920 docs / 0 chunks
  Flushed 64 docs | 0 chunks | totals → 105984 docs / 0 chunks
  Flushed 64 docs | 0 chunks | totals → 106048 docs / 0 chunks
  Flushed 64 docs | 0 chunks | totals → 106112 docs / 0 chunks
  Flushed 64 docs | 0 chunks | totals → 106176 docs / 0 chunks
  Flushed 64 docs | 0 chunks | totals → 106240 docs / 0 chunks
  Flushed 64 docs | 0 chunks | totals → 106304 docs / 0 chunks
  Flushed 64 docs | 0 chunks | totals → 106368 docs / 0 chunks
  Flushed 64 docs | 0 chunks | totals → 106432 docs / 0 chunks
  Flushed 64 docs | 0 chunks | totals → 106496 docs / 0 chunks
  Flushed 64 docs | 0 chunks | totals → 106560 docs / 0 chunks
  Flushed 64 docs | 0 chunks | totals → 106624 docs / 0 chunks
  Flushed 64 docs | 0 chunks | totals → 106688 docs / 0 chunks
  Flushed 64 docs | 0 chunks | totals → 106752 docs / 0 chunks
  Flushed 64 docs | 0 chunks | totals → 106816 docs / 0 chunks
  Flushed 64 docs | 0 chunks | totals → 106880 docs / 0 chunks
  Flushed 64 docs | 0 chunks | totals → 106944 docs / 0 chunks
  Flushed 64 docs | 0 chunks | totals → 107008 docs / 0 chunks
  Flushed 64 docs | 0 chunks | totals → 107072 docs / 0 chunks
  Flushed 64 docs | 0 chunks | totals → 107136 docs / 0 chunks
  Flushed 64 docs | 0 chunks | totals → 107200 docs / 0 chunks
  Flushed 64 docs | 0 chunks | totals → 107264 docs / 0 chunks
  Flushed 64 docs | 0 chunks | totals → 107328 docs / 0 chunks
  Flushed 64 docs | 0 chunks | totals → 107392 docs / 0 chunks
  Flushed 64 docs | 0 chunks | totals → 107456 docs / 0 chunks
  Flushed 64 docs | 0 chunks | totals → 107520 docs / 0 chunks
  Flushed 64 docs | 0 chunks | totals → 107584 docs / 0 chunks
  Flushed 64 docs | 0 chunks | totals → 107648 docs / 0 chunks
  Flushed 64 docs | 0 chunks | totals → 107712 docs / 0 chunks
  Flushed 64 docs | 0 chunks | totals → 107776 docs / 0 chunks
  Flushed 64 docs | 0 chunks | totals → 107840 docs / 0 chunks
  Flushed 64 docs | 0 chunks | totals → 107904 docs / 0 chunks
  Flushed 64 docs | 0 chunks | totals → 107968 docs / 0 chunks
  Flushed 64 docs | 0 chunks | totals → 108032 docs / 0 chunks
  Flushed 64 docs | 0 chunks | totals → 108096 docs / 0 chunks
  Flushed 64 docs | 0 chunks | totals → 108160 docs / 0 chunks
  Flushed 64 docs | 0 chunks | totals → 108224 docs / 0 chunks
  Flushed 64 docs | 0 chunks | totals → 108288 docs / 0 chunks
  Flushed 64 docs | 0 chunks | totals → 108352 docs / 0 chunks
  Flushed 64 docs | 0 chunks | totals → 108416 docs / 0 chunks
  Flushed 64 docs | 0 chunks | totals → 108480 docs / 0 chunks
  Flushed 64 docs | 0 chunks | totals → 108544 docs / 0 chunks
  Flushed 64 docs | 0 chunks | totals → 108608 docs / 0 chunks
  Flushed 64 docs | 0 chunks | totals → 108672 docs / 0 chunks
  Flushed 64 docs | 0 chunks | totals → 108736 docs / 0 chunks
  Flushed 64 docs | 0 chunks | totals → 108800 docs / 0 chunks
  Flushed 64 docs | 0 chunks | totals → 108864 docs / 0 chunks
  Flushed 64 docs | 0 chunks | totals → 108928 docs / 0 chunks
  Flushed 64 docs | 0 chunks | totals → 108992 docs / 0 chunks
  Flushed 64 docs | 0 chunks | totals → 109056 docs / 0 chunks
  Flushed 64 docs | 0 chunks | totals → 109120 docs / 0 chunks
  Flushed 64 docs | 0 chunks | totals → 109184 docs / 0 chunks
  Flushed 64 docs | 0 chunks | totals → 109248 docs / 0 chunks
  Flushed 64 docs | 0 chunks | totals → 109312 docs / 0 chunks
  Flushed 64 docs | 0 chunks | totals → 109376 docs / 0 chunks
  Flushed 64 docs | 0 chunks | totals → 109440 docs / 0 chunks
  Flushed 64 docs | 0 chunks | totals → 109504 docs / 0 chunks
  Flushed 64 docs | 0 chunks | totals → 109568 docs / 0 chunks
  Flushed 64 docs | 0 chunks | totals → 109632 docs / 0 chunks
  Flushed 64 docs | 0 chunks | totals → 109696 docs / 0 chunks
  Flushed 64 docs | 0 chunks | totals → 109760 docs / 0 chunks
  Flushed 64 docs | 0 chunks | totals → 109824 docs / 0 chunks
  Flushed 64 docs | 0 chunks | totals → 109888 docs / 0 chunks
  Flushed 64 docs | 0 chunks | totals → 109952 docs / 0 chunks
  Flushed 64 docs | 0 chunks | totals → 110016 docs / 0 chunks
  Flushed 64 docs | 0 chunks | totals → 110080 docs / 0 chunks
  Flushed 64 docs | 0 chunks | totals → 110144 docs / 0 chunks
  Flushed 64 docs | 0 chunks | totals → 110208 docs / 0 chunks
  Flushed 64 docs | 0 chunks | totals → 110272 docs / 0 chunks
  Flushed 64 docs | 0 chunks | totals → 110336 docs / 0 chunks
  Flushed 64 docs | 0 chunks | totals → 110400 docs / 0 chunks
  Flushed 64 docs | 0 chunks | totals → 110464 docs / 0 chunks
  Flushed 64 docs | 0 chunks | totals → 110528 docs / 0 chunks
  Flushed 64 docs | 0 chunks | totals → 110592 docs / 0 chunks
  Flushed 64 docs | 0 chunks | totals → 110656 docs / 0 chunks
  Flushed 64 docs | 0 chunks | totals → 110720 docs / 0 chunks
  Flushed 64 docs | 0 chunks | totals → 110784 docs / 0 chunks
  Flushed 64 docs | 0 chunks | totals → 110848 docs / 0 chunks
  Flushed 64 docs | 0 chunks | totals → 110912 docs / 0 chunks
  Flushed 64 docs | 0 chunks | totals → 110976 docs / 0 chunks
  Flushed 64 docs | 0 chunks | totals → 111040 docs / 0 chunks
  Flushed 64 docs | 0 chunks | totals → 111104 docs / 0 chunks
  Flushed 64 docs | 0 chunks | totals → 111168 docs / 0 chunks
  Flushed 64 docs | 0 chunks | totals → 111232 docs / 0 chunks
  Flushed 64 docs | 0 chunks | totals → 111296 docs / 0 chunks
  Flushed 64 docs | 0 chunks | totals → 111360 docs / 0 chunks
  Flushed 64 docs | 0 chunks | totals → 111424 docs / 0 chunks
  Flushed 64 docs | 0 chunks | totals → 111488 docs / 0 chunks
  Flushed 64 docs | 0 chunks | totals → 111552 docs / 0 chunks
  Flushed 64 docs | 0 chunks | totals → 111616 docs / 0 chunks
  Flushed 64 docs | 0 chunks | totals → 111680 docs / 0 chunks
  Flushed 64 docs | 0 chunks | totals → 111744 docs / 0 chunks
  Flushed 64 docs | 0 chunks | totals → 111808 docs / 0 chunks
  Flushed 64 docs | 0 chunks | totals → 111872 docs / 0 chunks
  Flushed 64 docs | 0 chunks | totals → 111936 docs / 0 chunks
  Flushed 64 docs | 0 chunks | totals → 112000 docs / 0 chunks
  Flushed 64 docs | 0 chunks | totals → 112064 docs / 0 chunks
  Flushed 64 docs | 0 chunks | totals → 112128 docs / 0 chunks
  Flushed 64 docs | 0 chunks | totals → 112192 docs / 0 chunks
  Flushed 64 docs | 0 chunks | totals → 112256 docs / 0 chunks
  Flushed 64 docs | 0 chunks | totals → 112320 docs / 0 chunks
  Flushed 64 docs | 0 chunks | totals → 112384 docs / 0 chunks
  Flushed 64 docs | 0 chunks | totals → 112448 docs / 0 chunks
  Flushed 64 docs | 0 chunks | totals → 112512 docs / 0 chunks
  Flushed 64 docs | 0 chunks | totals → 112576 docs / 0 chunks
  Flushed 64 docs | 0 chunks | totals → 112640 docs / 0 chunks
  Flushed 64 docs | 0 chunks | totals → 112704 docs / 0 chunks
  Flushed 64 docs | 0 chunks | totals → 112768 docs / 0 chunks
  Flushed 64 docs | 0 chunks | totals → 112832 docs / 0 chunks
  Flushed 64 docs | 0 chunks | totals → 112896 docs / 0 chunks
  Flushed 64 docs | 0 chunks | totals → 112960 docs / 0 chunks
  Flushed 64 docs | 0 chunks | totals → 113024 docs / 0 chunks
  Flushed 64 docs | 0 chunks | totals → 113088 docs / 0 chunks
  Flushed 64 docs | 0 chunks | totals → 113152 docs / 0 chunks
  Flushed 64 docs | 0 chunks | totals → 113216 docs / 0 chunks
  Flushed 64 docs | 0 chunks | totals → 113280 docs / 0 chunks
  Flushed 64 docs | 0 chunks | totals → 113344 docs / 0 chunks
  Flushed 64 docs | 0 chunks | totals → 113408 docs / 0 chunks
  Flushed 64 docs | 0 chunks | totals → 113472 docs / 0 chunks
  Flushed 64 docs | 0 chunks | totals → 113536 docs / 0 chunks
  Flushed 64 docs | 0 chunks | totals → 113600 docs / 0 chunks
  Flushed 64 docs | 0 chunks | totals → 113664 docs / 0 chunks
  Flushed 64 docs | 0 chunks | totals → 113728 docs / 0 chunks
  Flushed 64 docs | 0 chunks | totals → 113792 docs / 0 chunks
  Flushed 64 docs | 0 chunks | totals → 113856 docs / 0 chunks
  Flushed 64 docs | 0 chunks | totals → 113920 docs / 0 chunks
  Flushed 64 docs | 0 chunks | totals → 113984 docs / 0 chunks
  Flushed 64 docs | 0 chunks | totals → 114048 docs / 0 chunks
  Flushed 64 docs | 0 chunks | totals → 114112 docs / 0 chunks
  Flushed 64 docs | 0 chunks | totals → 114176 docs / 0 chunks
  Flushed 64 docs | 0 chunks | totals → 114240 docs / 0 chunks
  Flushed 64 docs | 0 chunks | totals → 114304 docs / 0 chunks
  Flushed 64 docs | 0 chunks | totals → 114368 docs / 0 chunks
  Flushed 64 docs | 0 chunks | totals → 114432 docs / 0 chunks
  Flushed 64 docs | 0 chunks | totals → 114496 docs / 0 chunks
  Flushed 64 docs | 0 chunks | totals → 114560 docs / 0 chunks
  Flushed 64 docs | 0 chunks | totals → 114624 docs / 0 chunks
  Flushed 64 docs | 0 chunks | totals → 114688 docs / 0 chunks
  Flushed 64 docs | 0 chunks | totals → 114752 docs / 0 chunks
  Flushed 64 docs | 0 chunks | totals → 114816 docs / 0 chunks
  Flushed 64 docs | 0 chunks | totals → 114880 docs / 0 chunks
  Flushed 64 docs | 0 chunks | totals → 114944 docs / 0 chunks
  Flushed 64 docs | 0 chunks | totals → 115008 docs / 0 chunks
  Flushed 64 docs | 0 chunks | totals → 115072 docs / 0 chunks
  Flushed 64 docs | 0 chunks | totals → 115136 docs / 0 chunks
  Flushed 64 docs | 0 chunks | totals → 115200 docs / 0 chunks
  Flushed 64 docs | 0 chunks | totals → 115264 docs / 0 chunks
  Flushed 64 docs | 0 chunks | totals → 115328 docs / 0 chunks
  Flushed 64 docs | 0 chunks | totals → 115392 docs / 0 chunks
  Flushed 64 docs | 0 chunks | totals → 115456 docs / 0 chunks
  Flushed 64 docs | 0 chunks | totals → 115520 docs / 0 chunks
  Flushed 64 docs | 0 chunks | totals → 115584 docs / 0 chunks
  Flushed 64 docs | 0 chunks | totals → 115648 docs / 0 chunks
  Flushed 64 docs | 0 chunks | totals → 115712 docs / 0 chunks
  Flushed 64 docs | 0 chunks | totals → 115776 docs / 0 chunks
  Flushed 64 docs | 0 chunks | totals → 115840 docs / 0 chunks
  Flushed 64 docs | 0 chunks | totals → 115904 docs / 0 chunks
  Flushed 64 docs | 0 chunks | totals → 115968 docs / 0 chunks
  Flushed 64 docs | 0 chunks | totals → 116032 docs / 0 chunks
  Flushed 64 docs | 0 chunks | totals → 116096 docs / 0 chunks
  Flushed 64 docs | 0 chunks | totals → 116160 docs / 0 chunks
  Flushed 64 docs | 0 chunks | totals → 116224 docs / 0 chunks
  Flushed 64 docs | 0 chunks | totals → 116288 docs / 0 chunks
  Flushed 64 docs | 0 chunks | totals → 116352 docs / 0 chunks
  Flushed 64 docs | 0 chunks | totals → 116416 docs / 0 chunks
  Flushed 64 docs | 0 chunks | totals → 116480 docs / 0 chunks
  Flushed 64 docs | 0 chunks | totals → 116544 docs / 0 chunks
  Flushed 64 docs | 0 chunks | totals → 116608 docs / 0 chunks
  Flushed 64 docs | 0 chunks | totals → 116672 docs / 0 chunks
  Flushed 64 docs | 0 chunks | totals → 116736 docs / 0 chunks
  Flushed 64 docs | 0 chunks | totals → 116800 docs / 0 chunks
  Flushed 64 docs | 0 chunks | totals → 116864 docs / 0 chunks
  Flushed 64 docs | 0 chunks | totals → 116928 docs / 0 chunks
  Flushed 64 docs | 0 chunks | totals → 116992 docs / 0 chunks
  Flushed 64 docs | 0 chunks | totals → 117056 docs / 0 chunks
  Flushed 64 docs | 0 chunks | totals → 117120 docs / 0 chunks
  Flushed 64 docs | 0 chunks | totals → 117184 docs / 0 chunks
  Flushed 64 docs | 0 chunks | totals → 117248 docs / 0 chunks
  Flushed 64 docs | 0 chunks | totals → 117312 docs / 0 chunks
  Flushed 64 docs | 0 chunks | totals → 117376 docs / 0 chunks
  Flushed 64 docs | 0 chunks | totals → 117440 docs / 0 chunks
  Flushed 64 docs | 0 chunks | totals → 117504 docs / 0 chunks
  Flushed 64 docs | 0 chunks | totals → 117568 docs / 0 chunks
  Flushed 64 docs | 0 chunks | totals → 117632 docs / 0 chunks
  Flushed 64 docs | 0 chunks | totals → 117696 docs / 0 chunks
  Flushed 64 docs | 0 chunks | totals → 117760 docs / 0 chunks
  Flushed 64 docs | 0 chunks | totals → 117824 docs / 0 chunks
  Flushed 64 docs | 0 chunks | totals → 117888 docs / 0 chunks
  Flushed 64 docs | 0 chunks | totals → 117952 docs / 0 chunks
  Flushed 64 docs | 0 chunks | totals → 118016 docs / 0 chunks
  Flushed 64 docs | 0 chunks | totals → 118080 docs / 0 chunks
  Flushed 64 docs | 0 chunks | totals → 118144 docs / 0 chunks
  Flushed 64 docs | 0 chunks | totals → 118208 docs / 0 chunks
  Flushed 64 docs | 0 chunks | totals → 118272 docs / 0 chunks
  Flushed 64 docs | 0 chunks | totals → 118336 docs / 0 chunks
  Flushed 64 docs | 0 chunks | totals → 118400 docs / 0 chunks
  Flushed 64 docs | 0 chunks | totals → 118464 docs / 0 chunks
  Flushed 64 docs | 0 chunks | totals → 118528 docs / 0 chunks
  Flushed 64 docs | 0 chunks | totals → 118592 docs / 0 chunks
  Flushed 64 docs | 0 chunks | totals → 118656 docs / 0 chunks
  Flushed 64 docs | 0 chunks | totals → 118720 docs / 0 chunks
  Flushed 64 docs | 0 chunks | totals → 118784 docs / 0 chunks
  Flushed 64 docs | 0 chunks | totals → 118848 docs / 0 chunks
  Flushed 64 docs | 0 chunks | totals → 118912 docs / 0 chunks
  Flushed 64 docs | 0 chunks | totals → 118976 docs / 0 chunks
  Flushed 64 docs | 0 chunks | totals → 119040 docs / 0 chunks
  Flushed 64 docs | 0 chunks | totals → 119104 docs / 0 chunks
  Flushed 64 docs | 0 chunks | totals → 119168 docs / 0 chunks
  Flushed 64 docs | 0 chunks | totals → 119232 docs / 0 chunks
  Flushed 64 docs | 0 chunks | totals → 119296 docs / 0 chunks
  Flushed 64 docs | 0 chunks | totals → 119360 docs / 0 chunks
  Flushed 64 docs | 0 chunks | totals → 119424 docs / 0 chunks
  Flushed 64 docs | 0 chunks | totals → 119488 docs / 0 chunks
  Flushed 64 docs | 0 chunks | totals → 119552 docs / 0 chunks
  Flushed 64 docs | 0 chunks | totals → 119616 docs / 0 chunks
  Flushed 64 docs | 0 chunks | totals → 119680 docs / 0 chunks
  Flushed 64 docs | 0 chunks | totals → 119744 docs / 0 chunks
  Flushed 64 docs | 0 chunks | totals → 119808 docs / 0 chunks
  Flushed 64 docs | 0 chunks | totals → 119872 docs / 0 chunks
  Flushed 64 docs | 0 chunks | totals → 119936 docs / 0 chunks
  Flushed 64 docs | 0 chunks | totals → 120000 docs / 0 chunks
  Flushed 64 docs | 0 chunks | totals → 120064 docs / 0 chunks
  Flushed 64 docs | 0 chunks | totals → 120128 docs / 0 chunks
  Flushed 64 docs | 0 chunks | totals → 120192 docs / 0 chunks
  Flushed 64 docs | 0 chunks | totals → 120256 docs / 0 chunks
  Flushed 64 docs | 0 chunks | totals → 120320 docs / 0 chunks
  Flushed 64 docs | 0 chunks | totals → 120384 docs / 0 chunks
  Flushed 64 docs | 0 chunks | totals → 120448 docs / 0 chunks
  Flushed 64 docs | 0 chunks | totals → 120512 docs / 0 chunks
  Flushed 64 docs | 0 chunks | totals → 120576 docs / 0 chunks
  Flushed 64 docs | 0 chunks | totals → 120640 docs / 0 chunks
  Flushed 64 docs | 0 chunks | totals → 120704 docs / 0 chunks
  Flushed 64 docs | 0 chunks | totals → 120768 docs / 0 chunks
  Flushed 64 docs | 0 chunks | totals → 120832 docs / 0 chunks
  Flushed 64 docs | 0 chunks | totals → 120896 docs / 0 chunks
  Flushed 64 docs | 0 chunks | totals → 120960 docs / 0 chunks
  Flushed 64 docs | 0 chunks | totals → 121024 docs / 0 chunks
  Flushed 64 docs | 0 chunks | totals → 121088 docs / 0 chunks
  Flushed 64 docs | 0 chunks | totals → 121152 docs / 0 chunks
  Flushed 64 docs | 0 chunks | totals → 121216 docs / 0 chunks
  Flushed 64 docs | 0 chunks | totals → 121280 docs / 0 chunks
  Flushed 64 docs | 0 chunks | totals → 121344 docs / 0 chunks
  Flushed 64 docs | 0 chunks | totals → 121408 docs / 0 chunks
  Flushed 64 docs | 0 chunks | totals → 121472 docs / 0 chunks
  Flushed 64 docs | 0 chunks | totals → 121536 docs / 0 chunks
  Flushed 64 docs | 0 chunks | totals → 121600 docs / 0 chunks
  Flushed 64 docs | 0 chunks | totals → 121664 docs / 0 chunks
  Flushed 64 docs | 0 chunks | totals → 121728 docs / 0 chunks
  Flushed 64 docs | 0 chunks | totals → 121792 docs / 0 chunks
  Flushed 64 docs | 0 chunks | totals → 121856 docs / 0 chunks
  Flushed 64 docs | 0 chunks | totals → 121920 docs / 0 chunks
  Flushed 64 docs | 0 chunks | totals → 121984 docs / 0 chunks
  Flushed 64 docs | 0 chunks | totals → 122048 docs / 0 chunks
  Flushed 64 docs | 0 chunks | totals → 122112 docs / 0 chunks
  Flushed 64 docs | 0 chunks | totals → 122176 docs / 0 chunks
  Flushed 64 docs | 0 chunks | totals → 122240 docs / 0 chunks
  Flushed 64 docs | 0 chunks | totals → 122304 docs / 0 chunks
  Flushed 64 docs | 0 chunks | totals → 122368 docs / 0 chunks
  Flushed 64 docs | 0 chunks | totals → 122432 docs / 0 chunks
  Flushed 64 docs | 0 chunks | totals → 122496 docs / 0 chunks
  Flushed 64 docs | 0 chunks | totals → 122560 docs / 0 chunks
  Flushed 64 docs | 0 chunks | totals → 122624 docs / 0 chunks
  Flushed 64 docs | 0 chunks | totals → 122688 docs / 0 chunks
  Flushed 64 docs | 0 chunks | totals → 122752 docs / 0 chunks
  Flushed 64 docs | 0 chunks | totals → 122816 docs / 0 chunks
  Flushed 64 docs | 0 chunks | totals → 122880 docs / 0 chunks
  Flushed 64 docs | 0 chunks | totals → 122944 docs / 0 chunks
  Flushed 64 docs | 0 chunks | totals → 123008 docs / 0 chunks
  Flushed 64 docs | 0 chunks | totals → 123072 docs / 0 chunks
  Flushed 64 docs | 0 chunks | totals → 123136 docs / 0 chunks
  Flushed 64 docs | 0 chunks | totals → 123200 docs / 0 chunks
  Flushed 64 docs | 0 chunks | totals → 123264 docs / 0 chunks
  Flushed 64 docs | 0 chunks | totals → 123328 docs / 0 chunks
  Flushed 64 docs | 0 chunks | totals → 123392 docs / 0 chunks
  Flushed 64 docs | 0 chunks | totals → 123456 docs / 0 chunks
  Flushed 64 docs | 0 chunks | totals → 123520 docs / 0 chunks
  Flushed 64 docs | 0 chunks | totals → 123584 docs / 0 chunks
  Flushed 64 docs | 0 chunks | totals → 123648 docs / 0 chunks
  Flushed 64 docs | 0 chunks | totals → 123712 docs / 0 chunks
  Flushed 64 docs | 0 chunks | totals → 123776 docs / 0 chunks
  Flushed 64 docs | 0 chunks | totals → 123840 docs / 0 chunks
  Flushed 64 docs | 0 chunks | totals → 123904 docs / 0 chunks
  Flushed 64 docs | 0 chunks | totals → 123968 docs / 0 chunks
  Flushed 64 docs | 0 chunks | totals → 124032 docs / 0 chunks
  Flushed 64 docs | 0 chunks | totals → 124096 docs / 0 chunks
  Flushed 64 docs | 0 chunks | totals → 124160 docs / 0 chunks
  Flushed 64 docs | 0 chunks | totals → 124224 docs / 0 chunks
  Flushed 64 docs | 0 chunks | totals → 124288 docs / 0 chunks
  Flushed 64 docs | 0 chunks | totals → 124352 docs / 0 chunks
  Flushed 64 docs | 0 chunks | totals → 124416 docs / 0 chunks
  Flushed 64 docs | 0 chunks | totals → 124480 docs / 0 chunks
  Flushed 64 docs | 0 chunks | totals → 124544 docs / 0 chunks
  Flushed 64 docs | 0 chunks | totals → 124608 docs / 0 chunks
  Flushed 64 docs | 0 chunks | totals → 124672 docs / 0 chunks
  Flushed 64 docs | 0 chunks | totals → 124736 docs / 0 chunks
  Flushed 64 docs | 0 chunks | totals → 124800 docs / 0 chunks
  Flushed 64 docs | 0 chunks | totals → 124864 docs / 0 chunks
  Flushed 64 docs | 0 chunks | totals → 124928 docs / 0 chunks
  Flushed 64 docs | 0 chunks | totals → 124992 docs / 0 chunks
  Flushed 64 docs | 0 chunks | totals → 125056 docs / 0 chunks
  Flushed 64 docs | 0 chunks | totals → 125120 docs / 0 chunks
  Flushed 64 docs | 0 chunks | totals → 125184 docs / 0 chunks
  Flushed 64 docs | 0 chunks | totals → 125248 docs / 0 chunks
  Flushed 64 docs | 0 chunks | totals → 125312 docs / 0 chunks
  Flushed 64 docs | 0 chunks | totals → 125376 docs / 0 chunks
  Flushed 64 docs | 0 chunks | totals → 125440 docs / 0 chunks
  Flushed 64 docs | 0 chunks | totals → 125504 docs / 0 chunks
  Flushed 64 docs | 0 chunks | totals → 125568 docs / 0 chunks
  Flushed 64 docs | 0 chunks | totals → 125632 docs / 0 chunks
  Flushed 64 docs | 0 chunks | totals → 125696 docs / 0 chunks
  Flushed 64 docs | 0 chunks | totals → 125760 docs / 0 chunks
  Flushed 64 docs | 0 chunks | totals → 125824 docs / 0 chunks
  Flushed 64 docs | 0 chunks | totals → 125888 docs / 0 chunks
  Flushed 64 docs | 0 chunks | totals → 125952 docs / 0 chunks
  Flushed 64 docs | 0 chunks | totals → 126016 docs / 0 chunks
  Flushed 64 docs | 0 chunks | totals → 126080 docs / 0 chunks
  Flushed 64 docs | 0 chunks | totals → 126144 docs / 0 chunks
  Flushed 64 docs | 0 chunks | totals → 126208 docs / 0 chunks
  Flushed 64 docs | 0 chunks | totals → 126272 docs / 0 chunks
  Flushed 64 docs | 0 chunks | totals → 126336 docs / 0 chunks
  Flushed 64 docs | 0 chunks | totals → 126400 docs / 0 chunks
  Flushed 64 docs | 0 chunks | totals → 126464 docs / 0 chunks
  Flushed 64 docs | 0 chunks | totals → 126528 docs / 0 chunks
  Flushed 64 docs | 0 chunks | totals → 126592 docs / 0 chunks
  Flushed 64 docs | 0 chunks | totals → 126656 docs / 0 chunks
  Flushed 64 docs | 0 chunks | totals → 126720 docs / 0 chunks
  Flushed 64 docs | 0 chunks | totals → 126784 docs / 0 chunks
  Flushed 64 docs | 0 chunks | totals → 126848 docs / 0 chunks
  Flushed 64 docs | 0 chunks | totals → 126912 docs / 0 chunks
  Flushed 64 docs | 0 chunks | totals → 126976 docs / 0 chunks
  Flushed 64 docs | 0 chunks | totals → 127040 docs / 0 chunks
  Flushed 64 docs | 0 chunks | totals → 127104 docs / 0 chunks
  Flushed 64 docs | 0 chunks | totals → 127168 docs / 0 chunks
  Flushed 64 docs | 0 chunks | totals → 127232 docs / 0 chunks
  Flushed 64 docs | 0 chunks | totals → 127296 docs / 0 chunks
  Flushed 64 docs | 0 chunks | totals → 127360 docs / 0 chunks
  Flushed 64 docs | 0 chunks | totals → 127424 docs / 0 chunks
  Flushed 64 docs | 0 chunks | totals → 127488 docs / 0 chunks
  Flushed 64 docs | 0 chunks | totals → 127552 docs / 0 chunks
  Flushed 64 docs | 0 chunks | totals → 127616 docs / 0 chunks
  Flushed 64 docs | 0 chunks | totals → 127680 docs / 0 chunks
  Flushed 64 docs | 0 chunks | totals → 127744 docs / 0 chunks
  Flushed 64 docs | 0 chunks | totals → 127808 docs / 0 chunks
  Flushed 64 docs | 0 chunks | totals → 127872 docs / 0 chunks
  Flushed 64 docs | 0 chunks | totals → 127936 docs / 0 chunks
  Flushed 64 docs | 0 chunks | totals → 128000 docs / 0 chunks
  Flushed 64 docs | 0 chunks | totals → 128064 docs / 0 chunks
  Flushed 64 docs | 0 chunks | totals → 128128 docs / 0 chunks
  Flushed 64 docs | 0 chunks | totals → 128192 docs / 0 chunks
  Flushed 64 docs | 0 chunks | totals → 128256 docs / 0 chunks
  Flushed 64 docs | 0 chunks | totals → 128320 docs / 0 chunks
  Flushed 64 docs | 0 chunks | totals → 128384 docs / 0 chunks
  Flushed 64 docs | 0 chunks | totals → 128448 docs / 0 chunks
  Flushed 64 docs | 0 chunks | totals → 128512 docs / 0 chunks
  Flushed 64 docs | 0 chunks | totals → 128576 docs / 0 chunks
  Flushed 64 docs | 0 chunks | totals → 128640 docs / 0 chunks
  Flushed 64 docs | 0 chunks | totals → 128704 docs / 0 chunks
  Flushed 64 docs | 0 chunks | totals → 128768 docs / 0 chunks
  Flushed 64 docs | 0 chunks | totals → 128832 docs / 0 chunks
  Flushed 64 docs | 0 chunks | totals → 128896 docs / 0 chunks
  Flushed 64 docs | 0 chunks | totals → 128960 docs / 0 chunks
  Flushed 64 docs | 0 chunks | totals → 129024 docs / 0 chunks
  Flushed 64 docs | 0 chunks | totals → 129088 docs / 0 chunks
  Flushed 64 docs | 0 chunks | totals → 129152 docs / 0 chunks
  Flushed 64 docs | 0 chunks | totals → 129216 docs / 0 chunks
  Flushed 64 docs | 0 chunks | totals → 129280 docs / 0 chunks
  Flushed 64 docs | 0 chunks | totals → 129344 docs / 0 chunks
  Flushed 64 docs | 0 chunks | totals → 129408 docs / 0 chunks
  Flushed 64 docs | 0 chunks | totals → 129472 docs / 0 chunks
  Flushed 64 docs | 0 chunks | totals → 129536 docs / 0 chunks
  Flushed 64 docs | 0 chunks | totals → 129600 docs / 0 chunks
  Flushed 64 docs | 0 chunks | totals → 129664 docs / 0 chunks
  Flushed 64 docs | 0 chunks | totals → 129728 docs / 0 chunks
  Flushed 64 docs | 0 chunks | totals → 129792 docs / 0 chunks
  Flushed 64 docs | 0 chunks | totals → 129856 docs / 0 chunks
  Flushed 64 docs | 0 chunks | totals → 129920 docs / 0 chunks
  Flushed 64 docs | 0 chunks | totals → 129984 docs / 0 chunks
  Flushed 64 docs | 0 chunks | totals → 130048 docs / 0 chunks
  Flushed 64 docs | 0 chunks | totals → 130112 docs / 0 chunks
  Flushed 64 docs | 0 chunks | totals → 130176 docs / 0 chunks
  Flushed 64 docs | 0 chunks | totals → 130240 docs / 0 chunks
  Flushed 64 docs | 0 chunks | totals → 130304 docs / 0 chunks
  Flushed 64 docs | 0 chunks | totals → 130368 docs / 0 chunks
  Flushed 64 docs | 0 chunks | totals → 130432 docs / 0 chunks
  Flushed 64 docs | 0 chunks | totals → 130496 docs / 0 chunks
  Flushed 64 docs | 0 chunks | totals → 130560 docs / 0 chunks
  Flushed 64 docs | 0 chunks | totals → 130624 docs / 0 chunks
  Flushed 64 docs | 0 chunks | totals → 130688 docs / 0 chunks
  Flushed 64 docs | 0 chunks | totals → 130752 docs / 0 chunks
  Flushed 64 docs | 0 chunks | totals → 130816 docs / 0 chunks
  Flushed 64 docs | 0 chunks | totals → 130880 docs / 0 chunks
  Flushed 64 docs | 0 chunks | totals → 130944 docs / 0 chunks
  Flushed 64 docs | 0 chunks | totals → 131008 docs / 0 chunks
  Flushed 64 docs | 0 chunks | totals → 131072 docs / 0 chunks
  Flushed 64 docs | 0 chunks | totals → 131136 docs / 0 chunks
  Flushed 64 docs | 0 chunks | totals → 131200 docs / 0 chunks
  Flushed 64 docs | 0 chunks | totals → 131264 docs / 0 chunks
  Flushed 64 docs | 0 chunks | totals → 131328 docs / 0 chunks
  Flushed 64 docs | 0 chunks | totals → 131392 docs / 0 chunks
  Flushed 64 docs | 0 chunks | totals → 131456 docs / 0 chunks
  Flushed 64 docs | 0 chunks | totals → 131520 docs / 0 chunks
  Flushed 64 docs | 0 chunks | totals → 131584 docs / 0 chunks
  Flushed 64 docs | 0 chunks | totals → 131648 docs / 0 chunks
  Flushed 64 docs | 0 chunks | totals → 131712 docs / 0 chunks
  Flushed 64 docs | 0 chunks | totals → 131776 docs / 0 chunks
  Flushed 64 docs | 0 chunks | totals → 131840 docs / 0 chunks
  Flushed 64 docs | 0 chunks | totals → 131904 docs / 0 chunks
  Flushed 64 docs | 0 chunks | totals → 131968 docs / 0 chunks
  Flushed 64 docs | 0 chunks | totals → 132032 docs / 0 chunks
  Flushed 64 docs | 0 chunks | totals → 132096 docs / 0 chunks
  Flushed 64 docs | 0 chunks | totals → 132160 docs / 0 chunks
  Flushed 64 docs | 0 chunks | totals → 132224 docs / 0 chunks
  Flushed 64 docs | 0 chunks | totals → 132288 docs / 0 chunks
  Flushed 64 docs | 0 chunks | totals → 132352 docs / 0 chunks
  Flushed 64 docs | 0 chunks | totals → 132416 docs / 0 chunks
  Flushed 64 docs | 0 chunks | totals → 132480 docs / 0 chunks
  Flushed 64 docs | 0 chunks | totals → 132544 docs / 0 chunks
  Flushed 64 docs | 0 chunks | totals → 132608 docs / 0 chunks
  Flushed 64 docs | 0 chunks | totals → 132672 docs / 0 chunks
  Flushed 64 docs | 0 chunks | totals → 132736 docs / 0 chunks
  Flushed 64 docs | 0 chunks | totals → 132800 docs / 0 chunks
  Flushed 64 docs | 0 chunks | totals → 132864 docs / 0 chunks
  Flushed 64 docs | 0 chunks | totals → 132928 docs / 0 chunks
  Flushed 64 docs | 0 chunks | totals → 132992 docs / 0 chunks
  Flushed 64 docs | 0 chunks | totals → 133056 docs / 0 chunks
  Flushed 64 docs | 0 chunks | totals → 133120 docs / 0 chunks
  Flushed 64 docs | 0 chunks | totals → 133184 docs / 0 chunks
  Flushed 64 docs | 0 chunks | totals → 133248 docs / 0 chunks
  Flushed 64 docs | 0 chunks | totals → 133312 docs / 0 chunks
  Flushed 64 docs | 0 chunks | totals → 133376 docs / 0 chunks
  Flushed 64 docs | 0 chunks | totals → 133440 docs / 0 chunks
  Flushed 64 docs | 0 chunks | totals → 133504 docs / 0 chunks
  Flushed 64 docs | 0 chunks | totals → 133568 docs / 0 chunks
  Flushed 64 docs | 0 chunks | totals → 133632 docs / 0 chunks
  Flushed 64 docs | 0 chunks | totals → 133696 docs / 0 chunks
  Flushed 64 docs | 0 chunks | totals → 133760 docs / 0 chunks
  Flushed 64 docs | 0 chunks | totals → 133824 docs / 0 chunks
  Flushed 64 docs | 0 chunks | totals → 133888 docs / 0 chunks
  Flushed 64 docs | 0 chunks | totals → 133952 docs / 0 chunks
  Flushed 64 docs | 0 chunks | totals → 134016 docs / 0 chunks
  Flushed 64 docs | 0 chunks | totals → 134080 docs / 0 chunks
  Flushed 64 docs | 0 chunks | totals → 134144 docs / 0 chunks
  Flushed 64 docs | 0 chunks | totals → 134208 docs / 0 chunks
  Flushed 64 docs | 0 chunks | totals → 134272 docs / 0 chunks
  Flushed 64 docs | 0 chunks | totals → 134336 docs / 0 chunks
  Flushed 64 docs | 0 chunks | totals → 134400 docs / 0 chunks
  Flushed 64 docs | 0 chunks | totals → 134464 docs / 0 chunks
  Flushed 64 docs | 0 chunks | totals → 134528 docs / 0 chunks
  Flushed 64 docs | 0 chunks | totals → 134592 docs / 0 chunks
  Flushed 64 docs | 0 chunks | totals → 134656 docs / 0 chunks
  Flushed 64 docs | 0 chunks | totals → 134720 docs / 0 chunks
  Flushed 64 docs | 0 chunks | totals → 134784 docs / 0 chunks
  Flushed 64 docs | 0 chunks | totals → 134848 docs / 0 chunks
  Flushed 64 docs | 0 chunks | totals → 134912 docs / 0 chunks
  Flushed 64 docs | 0 chunks | totals → 134976 docs / 0 chunks
  Flushed 64 docs | 0 chunks | totals → 135040 docs / 0 chunks
  Flushed 64 docs | 0 chunks | totals → 135104 docs / 0 chunks
  Flushed 64 docs | 0 chunks | totals → 135168 docs / 0 chunks
  Flushed 64 docs | 0 chunks | totals → 135232 docs / 0 chunks
  Flushed 64 docs | 0 chunks | totals → 135296 docs / 0 chunks
  Flushed 64 docs | 0 chunks | totals → 135360 docs / 0 chunks
  Flushed 64 docs | 0 chunks | totals → 135424 docs / 0 chunks
  Flushed 64 docs | 0 chunks | totals → 135488 docs / 0 chunks
  Flushed 64 docs | 0 chunks | totals → 135552 docs / 0 chunks
  Flushed 64 docs | 0 chunks | totals → 135616 docs / 0 chunks
  Flushed 64 docs | 0 chunks | totals → 135680 docs / 0 chunks
  Flushed 64 docs | 0 chunks | totals → 135744 docs / 0 chunks
  Flushed 64 docs | 0 chunks | totals → 135808 docs / 0 chunks
  Flushed 64 docs | 0 chunks | totals → 135872 docs / 0 chunks
  Flushed 64 docs | 0 chunks | totals → 135936 docs / 0 chunks
  Flushed 64 docs | 0 chunks | totals → 136000 docs / 0 chunks
  Flushed 64 docs | 0 chunks | totals → 136064 docs / 0 chunks
  Flushed 64 docs | 0 chunks | totals → 136128 docs / 0 chunks
  Flushed 64 docs | 0 chunks | totals → 136192 docs / 0 chunks
  Flushed 64 docs | 0 chunks | totals → 136256 docs / 0 chunks
  Flushed 64 docs | 0 chunks | totals → 136320 docs / 0 chunks
  Flushed 64 docs | 0 chunks | totals → 136384 docs / 0 chunks
  Flushed 64 docs | 0 chunks | totals → 136448 docs / 0 chunks
  Flushed 64 docs | 0 chunks | totals → 136512 docs / 0 chunks
  Flushed 64 docs | 0 chunks | totals → 136576 docs / 0 chunks
  Flushed 64 docs | 0 chunks | totals → 136640 docs / 0 chunks
  Flushed 64 docs | 0 chunks | totals → 136704 docs / 0 chunks
  Flushed 64 docs | 0 chunks | totals → 136768 docs / 0 chunks
  Flushed 64 docs | 0 chunks | totals → 136832 docs / 0 chunks
  Flushed 64 docs | 0 chunks | totals → 136896 docs / 0 chunks
  Flushed 64 docs | 0 chunks | totals → 136960 docs / 0 chunks
  Flushed 64 docs | 0 chunks | totals → 137024 docs / 0 chunks
  Flushed 64 docs | 0 chunks | totals → 137088 docs / 0 chunks
  Flushed 64 docs | 0 chunks | totals → 137152 docs / 0 chunks
  Flushed 64 docs | 0 chunks | totals → 137216 docs / 0 chunks
  Flushed 64 docs | 0 chunks | totals → 137280 docs / 0 chunks
  Flushed 64 docs | 0 chunks | totals → 137344 docs / 0 chunks
  Flushed 64 docs | 0 chunks | totals → 137408 docs / 0 chunks
  Flushed 64 docs | 0 chunks | totals → 137472 docs / 0 chunks
  Flushed 64 docs | 0 chunks | totals → 137536 docs / 0 chunks
  Flushed 64 docs | 0 chunks | totals → 137600 docs / 0 chunks
  Flushed 64 docs | 0 chunks | totals → 137664 docs / 0 chunks
  Flushed 64 docs | 0 chunks | totals → 137728 docs / 0 chunks
  Flushed 64 docs | 0 chunks | totals → 137792 docs / 0 chunks
  Flushed 64 docs | 0 chunks | totals → 137856 docs / 0 chunks
  Flushed 64 docs | 0 chunks | totals → 137920 docs / 0 chunks
  Flushed 64 docs | 0 chunks | totals → 137984 docs / 0 chunks
  Flushed 64 docs | 0 chunks | totals → 138048 docs / 0 chunks
  Flushed 64 docs | 0 chunks | totals → 138112 docs / 0 chunks
  Flushed 64 docs | 0 chunks | totals → 138176 docs / 0 chunks
  Flushed 64 docs | 0 chunks | totals → 138240 docs / 0 chunks
  Flushed 64 docs | 0 chunks | totals → 138304 docs / 0 chunks
  Flushed 64 docs | 0 chunks | totals → 138368 docs / 0 chunks
  Flushed 64 docs | 0 chunks | totals → 138432 docs / 0 chunks
  Flushed 64 docs | 0 chunks | totals → 138496 docs / 0 chunks
  Flushed 64 docs | 0 chunks | totals → 138560 docs / 0 chunks
  Flushed 64 docs | 0 chunks | totals → 138624 docs / 0 chunks
  Flushed 64 docs | 0 chunks | totals → 138688 docs / 0 chunks
  Flushed 64 docs | 0 chunks | totals → 138752 docs / 0 chunks
  Flushed 64 docs | 0 chunks | totals → 138816 docs / 0 chunks
  Flushed 64 docs | 0 chunks | totals → 138880 docs / 0 chunks
  Flushed 64 docs | 0 chunks | totals → 138944 docs / 0 chunks
  Flushed 64 docs | 0 chunks | totals → 139008 docs / 0 chunks
  Flushed 64 docs | 0 chunks | totals → 139072 docs / 0 chunks
  Flushed 64 docs | 0 chunks | totals → 139136 docs / 0 chunks
  Flushed 64 docs | 0 chunks | totals → 139200 docs / 0 chunks
  Flushed 64 docs | 0 chunks | totals → 139264 docs / 0 chunks
  Flushed 64 docs | 0 chunks | totals → 139328 docs / 0 chunks
  Flushed 64 docs | 0 chunks | totals → 139392 docs / 0 chunks
  Flushed 64 docs | 0 chunks | totals → 139456 docs / 0 chunks
  Flushed 64 docs | 0 chunks | totals → 139520 docs / 0 chunks
  Flushed 64 docs | 0 chunks | totals → 139584 docs / 0 chunks
  Flushed 64 docs | 0 chunks | totals → 139648 docs / 0 chunks
  Flushed 64 docs | 0 chunks | totals → 139712 docs / 0 chunks
  Flushed 64 docs | 0 chunks | totals → 139776 docs / 0 chunks
  Flushed 64 docs | 0 chunks | totals → 139840 docs / 0 chunks
  Flushed 64 docs | 0 chunks | totals → 139904 docs / 0 chunks
  Flushed 64 docs | 0 chunks | totals → 139968 docs / 0 chunks
  Flushed 64 docs | 0 chunks | totals → 140032 docs / 0 chunks
  Flushed 64 docs | 0 chunks | totals → 140096 docs / 0 chunks
  Flushed 64 docs | 0 chunks | totals → 140160 docs / 0 chunks
  Flushed 64 docs | 0 chunks | totals → 140224 docs / 0 chunks
  Flushed 64 docs | 0 chunks | totals → 140288 docs / 0 chunks
  Flushed 64 docs | 0 chunks | totals → 140352 docs / 0 chunks
  Flushed 64 docs | 0 chunks | totals → 140416 docs / 0 chunks
  Flushed 64 docs | 0 chunks | totals → 140480 docs / 0 chunks
  Flushed 64 docs | 0 chunks | totals → 140544 docs / 0 chunks
  Flushed 64 docs | 0 chunks | totals → 140608 docs / 0 chunks
  Flushed 64 docs | 0 chunks | totals → 140672 docs / 0 chunks
  Flushed 64 docs | 0 chunks | totals → 140736 docs / 0 chunks
  Flushed 64 docs | 0 chunks | totals → 140800 docs / 0 chunks
  Flushed 64 docs | 0 chunks | totals → 140864 docs / 0 chunks
  Flushed 64 docs | 0 chunks | totals → 140928 docs / 0 chunks
  Flushed 64 docs | 0 chunks | totals → 140992 docs / 0 chunks
  Flushed 64 docs | 0 chunks | totals → 141056 docs / 0 chunks
  Flushed 64 docs | 0 chunks | totals → 141120 docs / 0 chunks
  Flushed 64 docs | 0 chunks | totals → 141184 docs / 0 chunks
  Flushed 64 docs | 0 chunks | totals → 141248 docs / 0 chunks
  Flushed 64 docs | 0 chunks | totals → 141312 docs / 0 chunks
  Flushed 64 docs | 0 chunks | totals → 141376 docs / 0 chunks
  Flushed 64 docs | 0 chunks | totals → 141440 docs / 0 chunks
  Flushed 64 docs | 0 chunks | totals → 141504 docs / 0 chunks
  Flushed 64 docs | 0 chunks | totals → 141568 docs / 0 chunks
  Flushed 64 docs | 0 chunks | totals → 141632 docs / 0 chunks
  Flushed 64 docs | 0 chunks | totals → 141696 docs / 0 chunks
  Flushed 64 docs | 0 chunks | totals → 141760 docs / 0 chunks
  Flushed 64 docs | 0 chunks | totals → 141824 docs / 0 chunks
  Flushed 64 docs | 0 chunks | totals → 141888 docs / 0 chunks
  Flushed 64 docs | 0 chunks | totals → 141952 docs / 0 chunks
  Flushed 64 docs | 0 chunks | totals → 142016 docs / 0 chunks
  Flushed 64 docs | 0 chunks | totals → 142080 docs / 0 chunks
  Flushed 64 docs | 0 chunks | totals → 142144 docs / 0 chunks
  Flushed 64 docs | 0 chunks | totals → 142208 docs / 0 chunks
  Flushed 64 docs | 0 chunks | totals → 142272 docs / 0 chunks
  Flushed 64 docs | 0 chunks | totals → 142336 docs / 0 chunks
  Flushed 64 docs | 0 chunks | totals → 142400 docs / 0 chunks
  Flushed 64 docs | 0 chunks | totals → 142464 docs / 0 chunks
  Flushed 64 docs | 0 chunks | totals → 142528 docs / 0 chunks
  Flushed 64 docs | 0 chunks | totals → 142592 docs / 0 chunks
  Flushed 64 docs | 0 chunks | totals → 142656 docs / 0 chunks
  Flushed 64 docs | 0 chunks | totals → 142720 docs / 0 chunks
  Flushed 64 docs | 0 chunks | totals → 142784 docs / 0 chunks
  Flushed 64 docs | 0 chunks | totals → 142848 docs / 0 chunks
  Flushed 64 docs | 0 chunks | totals → 142912 docs / 0 chunks
  Flushed 64 docs | 0 chunks | totals → 142976 docs / 0 chunks
  Flushed 64 docs | 0 chunks | totals → 143040 docs / 0 chunks
  Flushed 64 docs | 0 chunks | totals → 143104 docs / 0 chunks
  Flushed 64 docs | 0 chunks | totals → 143168 docs / 0 chunks
  Flushed 64 docs | 0 chunks | totals → 143232 docs / 0 chunks
  Flushed 64 docs | 0 chunks | totals → 143296 docs / 0 chunks
  Flushed 64 docs | 0 chunks | totals → 143360 docs / 0 chunks
  Flushed 64 docs | 0 chunks | totals → 143424 docs / 0 chunks
  Flushed 64 docs | 0 chunks | totals → 143488 docs / 0 chunks
  Flushed 64 docs | 0 chunks | totals → 143552 docs / 0 chunks
  Flushed 64 docs | 0 chunks | totals → 143616 docs / 0 chunks
  Flushed 64 docs | 0 chunks | totals → 143680 docs / 0 chunks
  Flushed 64 docs | 0 chunks | totals → 143744 docs / 0 chunks
  Flushed 64 docs | 0 chunks | totals → 143808 docs / 0 chunks
  Flushed 64 docs | 0 chunks | totals → 143872 docs / 0 chunks
  Flushed 64 docs | 0 chunks | totals → 143936 docs / 0 chunks
  Flushed 64 docs | 0 chunks | totals → 144000 docs / 0 chunks
  Flushed 64 docs | 0 chunks | totals → 144064 docs / 0 chunks
  Flushed 64 docs | 0 chunks | totals → 144128 docs / 0 chunks
  Flushed 64 docs | 0 chunks | totals → 144192 docs / 0 chunks
  Flushed 64 docs | 0 chunks | totals → 144256 docs / 0 chunks
  Flushed 64 docs | 0 chunks | totals → 144320 docs / 0 chunks
  Flushed 64 docs | 0 chunks | totals → 144384 docs / 0 chunks
  Flushed 64 docs | 0 chunks | totals → 144448 docs / 0 chunks
  Flushed 64 docs | 0 chunks | totals → 144512 docs / 0 chunks
  Flushed 64 docs | 0 chunks | totals → 144576 docs / 0 chunks
  Flushed 64 docs | 0 chunks | totals → 144640 docs / 0 chunks
  Flushed 64 docs | 0 chunks | totals → 144704 docs / 0 chunks
  Flushed 64 docs | 0 chunks | totals → 144768 docs / 0 chunks
  Flushed 64 docs | 0 chunks | totals → 144832 docs / 0 chunks
  Flushed 64 docs | 0 chunks | totals → 144896 docs / 0 chunks
  Flushed 64 docs | 0 chunks | totals → 144960 docs / 0 chunks
  Flushed 64 docs | 0 chunks | totals → 145024 docs / 0 chunks
  Flushed 64 docs | 0 chunks | totals → 145088 docs / 0 chunks
  Flushed 64 docs | 0 chunks | totals → 145152 docs / 0 chunks
  Flushed 64 docs | 0 chunks | totals → 145216 docs / 0 chunks
  Flushed 64 docs | 0 chunks | totals → 145280 docs / 0 chunks
  Flushed 64 docs | 0 chunks | totals → 145344 docs / 0 chunks
  Flushed 64 docs | 0 chunks | totals → 145408 docs / 0 chunks
  Flushed 64 docs | 0 chunks | totals → 145472 docs / 0 chunks
  Flushed 64 docs | 0 chunks | totals → 145536 docs / 0 chunks
  Flushed 64 docs | 0 chunks | totals → 145600 docs / 0 chunks
  Flushed 64 docs | 0 chunks | totals → 145664 docs / 0 chunks
  Flushed 64 docs | 0 chunks | totals → 145728 docs / 0 chunks
  Flushed 64 docs | 0 chunks | totals → 145792 docs / 0 chunks
  Flushed 64 docs | 0 chunks | totals → 145856 docs / 0 chunks
  Flushed 64 docs | 0 chunks | totals → 145920 docs / 0 chunks
  Flushed 64 docs | 0 chunks | totals → 145984 docs / 0 chunks
  Flushed 64 docs | 0 chunks | totals → 146048 docs / 0 chunks
  Flushed 64 docs | 0 chunks | totals → 146112 docs / 0 chunks
  Flushed 64 docs | 0 chunks | totals → 146176 docs / 0 chunks
  Flushed 64 docs | 0 chunks | totals → 146240 docs / 0 chunks
  Flushed 64 docs | 0 chunks | totals → 146304 docs / 0 chunks
  Flushed 64 docs | 0 chunks | totals → 146368 docs / 0 chunks
  Flushed 64 docs | 0 chunks | totals → 146432 docs / 0 chunks
  Flushed 64 docs | 0 chunks | totals → 146496 docs / 0 chunks
  Flushed 64 docs | 0 chunks | totals → 146560 docs / 0 chunks
  Flushed 64 docs | 0 chunks | totals → 146624 docs / 0 chunks
  Flushed 64 docs | 0 chunks | totals → 146688 docs / 0 chunks
  Flushed 64 docs | 0 chunks | totals → 146752 docs / 0 chunks
  Flushed 64 docs | 0 chunks | totals → 146816 docs / 0 chunks
  Flushed 64 docs | 0 chunks | totals → 146880 docs / 0 chunks
  Flushed 64 docs | 0 chunks | totals → 146944 docs / 0 chunks
  Flushed 64 docs | 0 chunks | totals → 147008 docs / 0 chunks
  Flushed 64 docs | 0 chunks | totals → 147072 docs / 0 chunks
  Flushed 64 docs | 0 chunks | totals → 147136 docs / 0 chunks
  Flushed 64 docs | 0 chunks | totals → 147200 docs / 0 chunks
  Flushed 64 docs | 0 chunks | totals → 147264 docs / 0 chunks
  Flushed 64 docs | 0 chunks | totals → 147328 docs / 0 chunks
  Flushed 64 docs | 0 chunks | totals → 147392 docs / 0 chunks
  Flushed 64 docs | 0 chunks | totals → 147456 docs / 0 chunks
  Flushed 64 docs | 0 chunks | totals → 147520 docs / 0 chunks
  Flushed 64 docs | 0 chunks | totals → 147584 docs / 0 chunks
  Flushed 64 docs | 0 chunks | totals → 147648 docs / 0 chunks
  Flushed 64 docs | 0 chunks | totals → 147712 docs / 0 chunks
  Flushed 64 docs | 0 chunks | totals → 147776 docs / 0 chunks
  Flushed 64 docs | 0 chunks | totals → 147840 docs / 0 chunks
  Flushed 64 docs | 0 chunks | totals → 147904 docs / 0 chunks
  Flushed 64 docs | 0 chunks | totals → 147968 docs / 0 chunks
  Flushed 64 docs | 0 chunks | totals → 148032 docs / 0 chunks
  Flushed 64 docs | 0 chunks | totals → 148096 docs / 0 chunks
  Flushed 64 docs | 0 chunks | totals → 148160 docs / 0 chunks
  Flushed 64 docs | 0 chunks | totals → 148224 docs / 0 chunks
  Flushed 64 docs | 0 chunks | totals → 148288 docs / 0 chunks
  Flushed 64 docs | 0 chunks | totals → 148352 docs / 0 chunks
  Flushed 64 docs | 0 chunks | totals → 148416 docs / 0 chunks
  Flushed 64 docs | 0 chunks | totals → 148480 docs / 0 chunks
  Flushed 64 docs | 0 chunks | totals → 148544 docs / 0 chunks
  Flushed 64 docs | 0 chunks | totals → 148608 docs / 0 chunks
  Flushed 64 docs | 0 chunks | totals → 148672 docs / 0 chunks
  Flushed 64 docs | 0 chunks | totals → 148736 docs / 0 chunks
  Flushed 64 docs | 0 chunks | totals → 148800 docs / 0 chunks
  Flushed 64 docs | 0 chunks | totals → 148864 docs / 0 chunks
  Flushed 64 docs | 0 chunks | totals → 148928 docs / 0 chunks
  Flushed 64 docs | 0 chunks | totals → 148992 docs / 0 chunks
  Flushed 64 docs | 0 chunks | totals → 149056 docs / 0 chunks
  Flushed 64 docs | 0 chunks | totals → 149120 docs / 0 chunks
  Flushed 64 docs | 0 chunks | totals → 149184 docs / 0 chunks
  Flushed 64 docs | 0 chunks | totals → 149248 docs / 0 chunks
  Flushed 64 docs | 0 chunks | totals → 149312 docs / 0 chunks
  Flushed 64 docs | 0 chunks | totals → 149376 docs / 0 chunks
  Flushed 64 docs | 0 chunks | totals → 149440 docs / 0 chunks
  Flushed 64 docs | 0 chunks | totals → 149504 docs / 0 chunks
  Flushed 64 docs | 0 chunks | totals → 149568 docs / 0 chunks
  Flushed 64 docs | 0 chunks | totals → 149632 docs / 0 chunks
  Flushed 64 docs | 0 chunks | totals → 149696 docs / 0 chunks
  Flushed 64 docs | 0 chunks | totals → 149760 docs / 0 chunks
  Flushed 64 docs | 0 chunks | totals → 149824 docs / 0 chunks
  Flushed 64 docs | 0 chunks | totals → 149888 docs / 0 chunks
  Flushed 64 docs | 0 chunks | totals → 149952 docs / 0 chunks
  Flushed 64 docs | 0 chunks | totals → 150016 docs / 0 chunks
  Flushed 64 docs | 0 chunks | totals → 150080 docs / 0 chunks
  Flushed 64 docs | 0 chunks | totals → 150144 docs / 0 chunks
  Flushed 64 docs | 0 chunks | totals → 150208 docs / 0 chunks
  Flushed 64 docs | 0 chunks | totals → 150272 docs / 0 chunks
  Flushed 64 docs | 0 chunks | totals → 150336 docs / 0 chunks
  Flushed 64 docs | 0 chunks | totals → 150400 docs / 0 chunks
  Flushed 64 docs | 0 chunks | totals → 150464 docs / 0 chunks
  Flushed 64 docs | 0 chunks | totals → 150528 docs / 0 chunks
  Flushed 64 docs | 0 chunks | totals → 150592 docs / 0 chunks
  Flushed 64 docs | 0 chunks | totals → 150656 docs / 0 chunks
  Flushed 64 docs | 0 chunks | totals → 150720 docs / 0 chunks
  Flushed 64 docs | 0 chunks | totals → 150784 docs / 0 chunks
  Flushed 64 docs | 0 chunks | totals → 150848 docs / 0 chunks
  Flushed 64 docs | 0 chunks | totals → 150912 docs / 0 chunks
  Flushed 64 docs | 0 chunks | totals → 150976 docs / 0 chunks
  Flushed 64 docs | 0 chunks | totals → 151040 docs / 0 chunks
  Flushed 64 docs | 0 chunks | totals → 151104 docs / 0 chunks
  Flushed 64 docs | 0 chunks | totals → 151168 docs / 0 chunks
  Flushed 64 docs | 0 chunks | totals → 151232 docs / 0 chunks
  Flushed 64 docs | 0 chunks | totals → 151296 docs / 0 chunks
  Flushed 64 docs | 0 chunks | totals → 151360 docs / 0 chunks
  Flushed 64 docs | 0 chunks | totals → 151424 docs / 0 chunks
  Flushed 64 docs | 0 chunks | totals → 151488 docs / 0 chunks
  Flushed 64 docs | 0 chunks | totals → 151552 docs / 0 chunks
  Flushed 64 docs | 0 chunks | totals → 151616 docs / 0 chunks
  Flushed 64 docs | 0 chunks | totals → 151680 docs / 0 chunks
  Flushed 64 docs | 0 chunks | totals → 151744 docs / 0 chunks
  Flushed 64 docs | 0 chunks | totals → 151808 docs / 0 chunks
  Flushed 64 docs | 0 chunks | totals → 151872 docs / 0 chunks
  Flushed 64 docs | 0 chunks | totals → 151936 docs / 0 chunks
  Flushed 64 docs | 0 chunks | totals → 152000 docs / 0 chunks
  Flushed 64 docs | 0 chunks | totals → 152064 docs / 0 chunks
  Flushed 64 docs | 0 chunks | totals → 152128 docs / 0 chunks
  Flushed 64 docs | 0 chunks | totals → 152192 docs / 0 chunks
  Flushed 64 docs | 0 chunks | totals → 152256 docs / 0 chunks
  Flushed 64 docs | 0 chunks | totals → 152320 docs / 0 chunks
  Flushed 64 docs | 0 chunks | totals → 152384 docs / 0 chunks
  Flushed 64 docs | 0 chunks | totals → 152448 docs / 0 chunks
  Flushed 64 docs | 0 chunks | totals → 152512 docs / 0 chunks
  Flushed 64 docs | 0 chunks | totals → 152576 docs / 0 chunks
  Flushed 64 docs | 0 chunks | totals → 152640 docs / 0 chunks
  Flushed 64 docs | 0 chunks | totals → 152704 docs / 0 chunks
  Flushed 64 docs | 0 chunks | totals → 152768 docs / 0 chunks
  Flushed 64 docs | 0 chunks | totals → 152832 docs / 0 chunks
  Flushed 64 docs | 0 chunks | totals → 152896 docs / 0 chunks
  Flushed 64 docs | 0 chunks | totals → 152960 docs / 0 chunks
  Flushed 64 docs | 0 chunks | totals → 153024 docs / 0 chunks
  Flushed 64 docs | 0 chunks | totals → 153088 docs / 0 chunks
  Flushed 64 docs | 0 chunks | totals → 153152 docs / 0 chunks
  Flushed 64 docs | 0 chunks | totals → 153216 docs / 0 chunks
  Flushed 64 docs | 0 chunks | totals → 153280 docs / 0 chunks
  Flushed 64 docs | 0 chunks | totals → 153344 docs / 0 chunks
  Flushed 64 docs | 0 chunks | totals → 153408 docs / 0 chunks
  Flushed 64 docs | 0 chunks | totals → 153472 docs / 0 chunks
  Flushed 64 docs | 0 chunks | totals → 153536 docs / 0 chunks
  Flushed 64 docs | 0 chunks | totals → 153600 docs / 0 chunks
  Flushed 64 docs | 0 chunks | totals → 153664 docs / 0 chunks
  Flushed 64 docs | 0 chunks | totals → 153728 docs / 0 chunks
  Flushed 64 docs | 0 chunks | totals → 153792 docs / 0 chunks
  Flushed 64 docs | 0 chunks | totals → 153856 docs / 0 chunks
  Flushed 64 docs | 0 chunks | totals → 153920 docs / 0 chunks
  Flushed 64 docs | 0 chunks | totals → 153984 docs / 0 chunks
  Flushed 64 docs | 0 chunks | totals → 154048 docs / 0 chunks
  Flushed 64 docs | 0 chunks | totals → 154112 docs / 0 chunks
  Flushed 64 docs | 0 chunks | totals → 154176 docs / 0 chunks
  Flushed 64 docs | 0 chunks | totals → 154240 docs / 0 chunks
  Flushed 64 docs | 0 chunks | totals → 154304 docs / 0 chunks
  Flushed 64 docs | 0 chunks | totals → 154368 docs / 0 chunks
  Flushed 64 docs | 0 chunks | totals → 154432 docs / 0 chunks
  Flushed 64 docs | 0 chunks | totals → 154496 docs / 0 chunks
  Flushed 64 docs | 0 chunks | totals → 154560 docs / 0 chunks
  Flushed 64 docs | 0 chunks | totals → 154624 docs / 0 chunks
  Flushed 64 docs | 0 chunks | totals → 154688 docs / 0 chunks
  Flushed 64 docs | 0 chunks | totals → 154752 docs / 0 chunks
  Flushed 64 docs | 0 chunks | totals → 154816 docs / 0 chunks
  Flushed 64 docs | 0 chunks | totals → 154880 docs / 0 chunks
  Flushed 64 docs | 0 chunks | totals → 154944 docs / 0 chunks
  Flushed 64 docs | 0 chunks | totals → 155008 docs / 0 chunks
  Flushed 64 docs | 0 chunks | totals → 155072 docs / 0 chunks
  Flushed 64 docs | 0 chunks | totals → 155136 docs / 0 chunks
  Flushed 64 docs | 0 chunks | totals → 155200 docs / 0 chunks
  Flushed 64 docs | 0 chunks | totals → 155264 docs / 0 chunks
  Flushed 64 docs | 0 chunks | totals → 155328 docs / 0 chunks
  Flushed 64 docs | 0 chunks | totals → 155392 docs / 0 chunks
  Flushed 64 docs | 0 chunks | totals → 155456 docs / 0 chunks
  Flushed 64 docs | 0 chunks | totals → 155520 docs / 0 chunks
  Flushed 64 docs | 0 chunks | totals → 155584 docs / 0 chunks
  Flushed 64 docs | 0 chunks | totals → 155648 docs / 0 chunks
  Flushed 64 docs | 0 chunks | totals → 155712 docs / 0 chunks
  Flushed 64 docs | 0 chunks | totals → 155776 docs / 0 chunks
  Flushed 64 docs | 0 chunks | totals → 155840 docs / 0 chunks
  Flushed 64 docs | 0 chunks | totals → 155904 docs / 0 chunks
  Flushed 64 docs | 0 chunks | totals → 155968 docs / 0 chunks
  Flushed 64 docs | 0 chunks | totals → 156032 docs / 0 chunks
  Flushed 64 docs | 0 chunks | totals → 156096 docs / 0 chunks
  Flushed 64 docs | 0 chunks | totals → 156160 docs / 0 chunks
  Flushed 64 docs | 0 chunks | totals → 156224 docs / 0 chunks
  Flushed 64 docs | 0 chunks | totals → 156288 docs / 0 chunks
  Flushed 64 docs | 0 chunks | totals → 156352 docs / 0 chunks
  Flushed 64 docs | 0 chunks | totals → 156416 docs / 0 chunks
  Flushed 64 docs | 0 chunks | totals → 156480 docs / 0 chunks
  Flushed 64 docs | 0 chunks | totals → 156544 docs / 0 chunks
  Flushed 64 docs | 0 chunks | totals → 156608 docs / 0 chunks
  Flushed 64 docs | 0 chunks | totals → 156672 docs / 0 chunks
  Flushed 64 docs | 0 chunks | totals → 156736 docs / 0 chunks
  Flushed 64 docs | 0 chunks | totals → 156800 docs / 0 chunks
  Flushed 64 docs | 0 chunks | totals → 156864 docs / 0 chunks
  Flushed 64 docs | 0 chunks | totals → 156928 docs / 0 chunks
  Flushed 64 docs | 0 chunks | totals → 156992 docs / 0 chunks
  Flushed 64 docs | 0 chunks | totals → 157056 docs / 0 chunks
  Flushed 64 docs | 0 chunks | totals → 157120 docs / 0 chunks
  Flushed 64 docs | 0 chunks | totals → 157184 docs / 0 chunks
  Flushed 64 docs | 0 chunks | totals → 157248 docs / 0 chunks
  Flushed 64 docs | 0 chunks | totals → 157312 docs / 0 chunks
  Flushed 64 docs | 0 chunks | totals → 157376 docs / 0 chunks
  Flushed 64 docs | 0 chunks | totals → 157440 docs / 0 chunks
  Flushed 64 docs | 0 chunks | totals → 157504 docs / 0 chunks
  Flushed 64 docs | 0 chunks | totals → 157568 docs / 0 chunks
  Flushed 64 docs | 0 chunks | totals → 157632 docs / 0 chunks
  Flushed 64 docs | 0 chunks | totals → 157696 docs / 0 chunks
  Flushed 64 docs | 0 chunks | totals → 157760 docs / 0 chunks
  Flushed 64 docs | 0 chunks | totals → 157824 docs / 0 chunks
  Flushed 64 docs | 0 chunks | totals → 157888 docs / 0 chunks
  Flushed 64 docs | 0 chunks | totals → 157952 docs / 0 chunks
  Flushed 64 docs | 0 chunks | totals → 158016 docs / 0 chunks
  Flushed 64 docs | 0 chunks | totals → 158080 docs / 0 chunks
  Flushed 64 docs | 0 chunks | totals → 158144 docs / 0 chunks
  Flushed 64 docs | 0 chunks | totals → 158208 docs / 0 chunks
  Flushed 64 docs | 0 chunks | totals → 158272 docs / 0 chunks
  Flushed 64 docs | 0 chunks | totals → 158336 docs / 0 chunks
  Flushed 64 docs | 0 chunks | totals → 158400 docs / 0 chunks
  Flushed 64 docs | 0 chunks | totals → 158464 docs / 0 chunks
  Flushed 64 docs | 0 chunks | totals → 158528 docs / 0 chunks
  Flushed 64 docs | 0 chunks | totals → 158592 docs / 0 chunks
  Flushed 64 docs | 0 chunks | totals → 158656 docs / 0 chunks
  Flushed 64 docs | 0 chunks | totals → 158720 docs / 0 chunks
  Flushed 64 docs | 0 chunks | totals → 158784 docs / 0 chunks
  Flushed 64 docs | 0 chunks | totals → 158848 docs / 0 chunks
  Flushed 64 docs | 0 chunks | totals → 158912 docs / 0 chunks
  Flushed 64 docs | 0 chunks | totals → 158976 docs / 0 chunks
  Flushed 64 docs | 0 chunks | totals → 159040 docs / 0 chunks
  Flushed 64 docs | 0 chunks | totals → 159104 docs / 0 chunks
  Flushed 64 docs | 0 chunks | totals → 159168 docs / 0 chunks
  Flushed 64 docs | 0 chunks | totals → 159232 docs / 0 chunks
  Flushed 64 docs | 0 chunks | totals → 159296 docs / 0 chunks
  Flushed 64 docs | 0 chunks | totals → 159360 docs / 0 chunks
  Flushed 64 docs | 0 chunks | totals → 159424 docs / 0 chunks
  Flushed 64 docs | 0 chunks | totals → 159488 docs / 0 chunks
  Flushed 64 docs | 0 chunks | totals → 159552 docs / 0 chunks
  Flushed 64 docs | 0 chunks | totals → 159616 docs / 0 chunks
  Flushed 64 docs | 0 chunks | totals → 159680 docs / 0 chunks
  Flushed 64 docs | 0 chunks | totals → 159744 docs / 0 chunks
  Flushed 64 docs | 0 chunks | totals → 159808 docs / 0 chunks
  Flushed 64 docs | 0 chunks | totals → 159872 docs / 0 chunks
  Flushed 64 docs | 0 chunks | totals → 159936 docs / 0 chunks
  Flushed 64 docs | 0 chunks | totals → 160000 docs / 0 chunks
  Flushed 64 docs | 0 chunks | totals → 160064 docs / 0 chunks
  Flushed 64 docs | 0 chunks | totals → 160128 docs / 0 chunks
  Flushed 64 docs | 0 chunks | totals → 160192 docs / 0 chunks
  Flushed 64 docs | 0 chunks | totals → 160256 docs / 0 chunks
  Flushed 64 docs | 0 chunks | totals → 160320 docs / 0 chunks
  Flushed 64 docs | 0 chunks | totals → 160384 docs / 0 chunks
  Flushed 64 docs | 0 chunks | totals → 160448 docs / 0 chunks
  Flushed 64 docs | 0 chunks | totals → 160512 docs / 0 chunks
  Flushed 64 docs | 0 chunks | totals → 160576 docs / 0 chunks
  Flushed 64 docs | 0 chunks | totals → 160640 docs / 0 chunks
  Flushed 64 docs | 0 chunks | totals → 160704 docs / 0 chunks
  Flushed 64 docs | 0 chunks | totals → 160768 docs / 0 chunks
  Flushed 64 docs | 0 chunks | totals → 160832 docs / 0 chunks
  Flushed 64 docs | 0 chunks | totals → 160896 docs / 0 chunks
  Flushed 64 docs | 0 chunks | totals → 160960 docs / 0 chunks
  Flushed 64 docs | 0 chunks | totals → 161024 docs / 0 chunks
  Flushed 64 docs | 0 chunks | totals → 161088 docs / 0 chunks
  Flushed 64 docs | 0 chunks | totals → 161152 docs / 0 chunks
  Flushed 64 docs | 0 chunks | totals → 161216 docs / 0 chunks
  Flushed 64 docs | 0 chunks | totals → 161280 docs / 0 chunks
  Flushed 64 docs | 0 chunks | totals → 161344 docs / 0 chunks
  Flushed 64 docs | 0 chunks | totals → 161408 docs / 0 chunks
  Flushed 64 docs | 0 chunks | totals → 161472 docs / 0 chunks
  Flushed 64 docs | 0 chunks | totals → 161536 docs / 0 chunks
  Flushed 64 docs | 0 chunks | totals → 161600 docs / 0 chunks
  Flushed 64 docs | 0 chunks | totals → 161664 docs / 0 chunks
  Flushed 64 docs | 0 chunks | totals → 161728 docs / 0 chunks
  Flushed 64 docs | 0 chunks | totals → 161792 docs / 0 chunks
  Flushed 64 docs | 0 chunks | totals → 161856 docs / 0 chunks
  Flushed 64 docs | 0 chunks | totals → 161920 docs / 0 chunks
  Flushed 64 docs | 0 chunks | totals → 161984 docs / 0 chunks
  Flushed 64 docs | 0 chunks | totals → 162048 docs / 0 chunks
  Flushed 64 docs | 0 chunks | totals → 162112 docs / 0 chunks
  Flushed 64 docs | 0 chunks | totals → 162176 docs / 0 chunks
  Flushed 64 docs | 0 chunks | totals → 162240 docs / 0 chunks
  Flushed 64 docs | 0 chunks | totals → 162304 docs / 0 chunks
  Flushed 64 docs | 0 chunks | totals → 162368 docs / 0 chunks
  Flushed 64 docs | 0 chunks | totals → 162432 docs / 0 chunks
  Flushed 64 docs | 0 chunks | totals → 162496 docs / 0 chunks
  Flushed 64 docs | 0 chunks | totals → 162560 docs / 0 chunks
  Flushed 64 docs | 0 chunks | totals → 162624 docs / 0 chunks
  Flushed 64 docs | 0 chunks | totals → 162688 docs / 0 chunks
  Flushed 64 docs | 0 chunks | totals → 162752 docs / 0 chunks
  Flushed 64 docs | 0 chunks | totals → 162816 docs / 0 chunks
  Flushed 64 docs | 0 chunks | totals → 162880 docs / 0 chunks
  Flushed 64 docs | 0 chunks | totals → 162944 docs / 0 chunks
  Flushed 64 docs | 0 chunks | totals → 163008 docs / 0 chunks
  Flushed 64 docs | 0 chunks | totals → 163072 docs / 0 chunks
  Flushed 64 docs | 0 chunks | totals → 163136 docs / 0 chunks
  Flushed 64 docs | 0 chunks | totals → 163200 docs / 0 chunks
  Flushed 64 docs | 0 chunks | totals → 163264 docs / 0 chunks
  Flushed 64 docs | 0 chunks | totals → 163328 docs / 0 chunks
  Flushed 64 docs | 0 chunks | totals → 163392 docs / 0 chunks
  Flushed 64 docs | 0 chunks | totals → 163456 docs / 0 chunks
  Flushed 64 docs | 0 chunks | totals → 163520 docs / 0 chunks
  Flushed 64 docs | 0 chunks | totals → 163584 docs / 0 chunks
  Flushed 64 docs | 0 chunks | totals → 163648 docs / 0 chunks
  Flushed 64 docs | 0 chunks | totals → 163712 docs / 0 chunks
  Flushed 64 docs | 0 chunks | totals → 163776 docs / 0 chunks
  Flushed 64 docs | 0 chunks | totals → 163840 docs / 0 chunks
  Flushed 64 docs | 0 chunks | totals → 163904 docs / 0 chunks
  Flushed 64 docs | 0 chunks | totals → 163968 docs / 0 chunks
  Flushed 64 docs | 0 chunks | totals → 164032 docs / 0 chunks
  Flushed 64 docs | 0 chunks | totals → 164096 docs / 0 chunks
  Flushed 64 docs | 0 chunks | totals → 164160 docs / 0 chunks
  Flushed 64 docs | 0 chunks | totals → 164224 docs / 0 chunks
  Flushed 64 docs | 0 chunks | totals → 164288 docs / 0 chunks
  Flushed 64 docs | 0 chunks | totals → 164352 docs / 0 chunks
  Flushed 64 docs | 0 chunks | totals → 164416 docs / 0 chunks
  Flushed 64 docs | 0 chunks | totals → 164480 docs / 0 chunks
  Flushed 64 docs | 0 chunks | totals → 164544 docs / 0 chunks
  Flushed 64 docs | 0 chunks | totals → 164608 docs / 0 chunks
  Flushed 64 docs | 0 chunks | totals → 164672 docs / 0 chunks
  Flushed 64 docs | 0 chunks | totals → 164736 docs / 0 chunks
  Flushed 64 docs | 0 chunks | totals → 164800 docs / 0 chunks
  Flushed 64 docs | 0 chunks | totals → 164864 docs / 0 chunks
  Flushed 64 docs | 0 chunks | totals → 164928 docs / 0 chunks
  Flushed 64 docs | 0 chunks | totals → 164992 docs / 0 chunks
  Flushed 64 docs | 0 chunks | totals → 165056 docs / 0 chunks
  Flushed 64 docs | 0 chunks | totals → 165120 docs / 0 chunks
  Flushed 64 docs | 0 chunks | totals → 165184 docs / 0 chunks
  Flushed 64 docs | 0 chunks | totals → 165248 docs / 0 chunks
  Flushed 64 docs | 0 chunks | totals → 165312 docs / 0 chunks
  Flushed 64 docs | 0 chunks | totals → 165376 docs / 0 chunks
  Flushed 64 docs | 0 chunks | totals → 165440 docs / 0 chunks
  Flushed 64 docs | 0 chunks | totals → 165504 docs / 0 chunks
  Flushed 64 docs | 0 chunks | totals → 165568 docs / 0 chunks
  Flushed 64 docs | 0 chunks | totals → 165632 docs / 0 chunks
  Flushed 64 docs | 0 chunks | totals → 165696 docs / 0 chunks
  Flushed 64 docs | 0 chunks | totals → 165760 docs / 0 chunks
  Flushed 64 docs | 0 chunks | totals → 165824 docs / 0 chunks
  Flushed 64 docs | 0 chunks | totals → 165888 docs / 0 chunks
  Flushed 64 docs | 0 chunks | totals → 165952 docs / 0 chunks
  Flushed 64 docs | 0 chunks | totals → 166016 docs / 0 chunks
  Flushed 64 docs | 0 chunks | totals → 166080 docs / 0 chunks
  Flushed 64 docs | 0 chunks | totals → 166144 docs / 0 chunks
  Flushed 64 docs | 0 chunks | totals → 166208 docs / 0 chunks
  Flushed 64 docs | 0 chunks | totals → 166272 docs / 0 chunks
  Flushed 64 docs | 0 chunks | totals → 166336 docs / 0 chunks
  Flushed 64 docs | 0 chunks | totals → 166400 docs / 0 chunks
  Flushed 64 docs | 0 chunks | totals → 166464 docs / 0 chunks
  Flushed 64 docs | 0 chunks | totals → 166528 docs / 0 chunks
  Flushed 64 docs | 0 chunks | totals → 166592 docs / 0 chunks
  Flushed 64 docs | 0 chunks | totals → 166656 docs / 0 chunks
  Flushed 64 docs | 0 chunks | totals → 166720 docs / 0 chunks
  Flushed 64 docs | 0 chunks | totals → 166784 docs / 0 chunks
  Flushed 64 docs | 0 chunks | totals → 166848 docs / 0 chunks
  Flushed 64 docs | 0 chunks | totals → 166912 docs / 0 chunks
  Flushed 64 docs | 0 chunks | totals → 166976 docs / 0 chunks
  Flushed 64 docs | 0 chunks | totals → 167040 docs / 0 chunks
  Flushed 64 docs | 0 chunks | totals → 167104 docs / 0 chunks
  Flushed 64 docs | 0 chunks | totals → 167168 docs / 0 chunks
  Flushed 64 docs | 0 chunks | totals → 167232 docs / 0 chunks
  Flushed 64 docs | 0 chunks | totals → 167296 docs / 0 chunks
  Flushed 64 docs | 0 chunks | totals → 167360 docs / 0 chunks
  Flushed 64 docs | 0 chunks | totals → 167424 docs / 0 chunks
  Flushed 64 docs | 0 chunks | totals → 167488 docs / 0 chunks
  Flushed 64 docs | 0 chunks | totals → 167552 docs / 0 chunks
  Flushed 64 docs | 0 chunks | totals → 167616 docs / 0 chunks
  Flushed 64 docs | 0 chunks | totals → 167680 docs / 0 chunks
  Flushed 64 docs | 0 chunks | totals → 167744 docs / 0 chunks
  Flushed 64 docs | 0 chunks | totals → 167808 docs / 0 chunks
  Flushed 64 docs | 0 chunks | totals → 167872 docs / 0 chunks
  Flushed 64 docs | 0 chunks | totals → 167936 docs / 0 chunks
  Flushed 64 docs | 0 chunks | totals → 168000 docs / 0 chunks
  Flushed 64 docs | 0 chunks | totals → 168064 docs / 0 chunks
  Flushed 64 docs | 0 chunks | totals → 168128 docs / 0 chunks
  Flushed 64 docs | 0 chunks | totals → 168192 docs / 0 chunks
  Flushed 64 docs | 0 chunks | totals → 168256 docs / 0 chunks
  Flushed 64 docs | 0 chunks | totals → 168320 docs / 0 chunks
  Flushed 64 docs | 0 chunks | totals → 168384 docs / 0 chunks
  Flushed 64 docs | 0 chunks | totals → 168448 docs / 0 chunks
  Flushed 64 docs | 0 chunks | totals → 168512 docs / 0 chunks
  Flushed 64 docs | 0 chunks | totals → 168576 docs / 0 chunks
  Flushed 64 docs | 0 chunks | totals → 168640 docs / 0 chunks
  Flushed 64 docs | 0 chunks | totals → 168704 docs / 0 chunks
  Flushed 64 docs | 0 chunks | totals → 168768 docs / 0 chunks
  Flushed 64 docs | 0 chunks | totals → 168832 docs / 0 chunks
  Flushed 64 docs | 0 chunks | totals → 168896 docs / 0 chunks
  Flushed 64 docs | 0 chunks | totals → 168960 docs / 0 chunks
  Flushed 64 docs | 0 chunks | totals → 169024 docs / 0 chunks
  Flushed 64 docs | 0 chunks | totals → 169088 docs / 0 chunks
  Flushed 64 docs | 0 chunks | totals → 169152 docs / 0 chunks
  Flushed 64 docs | 0 chunks | totals → 169216 docs / 0 chunks
  Flushed 64 docs | 0 chunks | totals → 169280 docs / 0 chunks
  Flushed 64 docs | 0 chunks | totals → 169344 docs / 0 chunks
  Flushed 64 docs | 0 chunks | totals → 169408 docs / 0 chunks
  Flushed 64 docs | 0 chunks | totals → 169472 docs / 0 chunks
  Flushed 64 docs | 0 chunks | totals → 169536 docs / 0 chunks
  Flushed 64 docs | 0 chunks | totals → 169600 docs / 0 chunks
  Flushed 64 docs | 0 chunks | totals → 169664 docs / 0 chunks
  Flushed 64 docs | 0 chunks | totals → 169728 docs / 0 chunks
  Flushed 64 docs | 0 chunks | totals → 169792 docs / 0 chunks
  Flushed 64 docs | 0 chunks | totals → 169856 docs / 0 chunks
  Flushed 64 docs | 0 chunks | totals → 169920 docs / 0 chunks
  Flushed 64 docs | 0 chunks | totals → 169984 docs / 0 chunks
  Flushed 64 docs | 0 chunks | totals → 170048 docs / 0 chunks
  Flushed 64 docs | 0 chunks | totals → 170112 docs / 0 chunks
  Flushed 64 docs | 0 chunks | totals → 170176 docs / 0 chunks
  Flushed 64 docs | 0 chunks | totals → 170240 docs / 0 chunks
  Flushed 64 docs | 0 chunks | totals → 170304 docs / 0 chunks
  Flushed 64 docs | 0 chunks | totals → 170368 docs / 0 chunks
  Flushed 64 docs | 0 chunks | totals → 170432 docs / 0 chunks
  Flushed 64 docs | 0 chunks | totals → 170496 docs / 0 chunks
  Flushed 64 docs | 0 chunks | totals → 170560 docs / 0 chunks
  Flushed 64 docs | 0 chunks | totals → 170624 docs / 0 chunks
  Flushed 64 docs | 0 chunks | totals → 170688 docs / 0 chunks
  Flushed 64 docs | 0 chunks | totals → 170752 docs / 0 chunks
  Flushed 64 docs | 0 chunks | totals → 170816 docs / 0 chunks
  Flushed 64 docs | 0 chunks | totals → 170880 docs / 0 chunks
  Flushed 64 docs | 0 chunks | totals → 170944 docs / 0 chunks
  Flushed 64 docs | 0 chunks | totals → 171008 docs / 0 chunks
  Flushed 64 docs | 0 chunks | totals → 171072 docs / 0 chunks
  Flushed 64 docs | 0 chunks | totals → 171136 docs / 0 chunks
  Flushed 64 docs | 0 chunks | totals → 171200 docs / 0 chunks
  Flushed 64 docs | 0 chunks | totals → 171264 docs / 0 chunks
  Flushed 64 docs | 0 chunks | totals → 171328 docs / 0 chunks
  Flushed 64 docs | 0 chunks | totals → 171392 docs / 0 chunks
  Flushed 64 docs | 0 chunks | totals → 171456 docs / 0 chunks
  Flushed 64 docs | 0 chunks | totals → 171520 docs / 0 chunks
  Flushed 64 docs | 0 chunks | totals → 171584 docs / 0 chunks
  Flushed 64 docs | 0 chunks | totals → 171648 docs / 0 chunks
  Flushed 64 docs | 0 chunks | totals → 171712 docs / 0 chunks
  Flushed 64 docs | 0 chunks | totals → 171776 docs / 0 chunks
  Flushed 64 docs | 0 chunks | totals → 171840 docs / 0 chunks
  Flushed 64 docs | 0 chunks | totals → 171904 docs / 0 chunks
  Flushed 64 docs | 0 chunks | totals → 171968 docs / 0 chunks
  Flushed 64 docs | 0 chunks | totals → 172032 docs / 0 chunks
  Flushed 64 docs | 0 chunks | totals → 172096 docs / 0 chunks
  Flushed 64 docs | 0 chunks | totals → 172160 docs / 0 chunks
  Flushed 64 docs | 0 chunks | totals → 172224 docs / 0 chunks
  Flushed 64 docs | 0 chunks | totals → 172288 docs / 0 chunks
  Flushed 64 docs | 0 chunks | totals → 172352 docs / 0 chunks
  Flushed 64 docs | 0 chunks | totals → 172416 docs / 0 chunks
  Flushed 64 docs | 0 chunks | totals → 172480 docs / 0 chunks
  Flushed 64 docs | 0 chunks | totals → 172544 docs / 0 chunks
  Flushed 64 docs | 0 chunks | totals → 172608 docs / 0 chunks
  Flushed 64 docs | 0 chunks | totals → 172672 docs / 0 chunks
  Flushed 64 docs | 0 chunks | totals → 172736 docs / 0 chunks
  Flushed 64 docs | 0 chunks | totals → 172800 docs / 0 chunks
  Flushed 64 docs | 0 chunks | totals → 172864 docs / 0 chunks
  Flushed 64 docs | 0 chunks | totals → 172928 docs / 0 chunks
  Flushed 64 docs | 0 chunks | totals → 172992 docs / 0 chunks
  Flushed 64 docs | 0 chunks | totals → 173056 docs / 0 chunks
  Flushed 64 docs | 0 chunks | totals → 173120 docs / 0 chunks
  Flushed 64 docs | 0 chunks | totals → 173184 docs / 0 chunks
  Flushed 64 docs | 0 chunks | totals → 173248 docs / 0 chunks
  Flushed 64 docs | 0 chunks | totals → 173312 docs / 0 chunks
  Flushed 64 docs | 0 chunks | totals → 173376 docs / 0 chunks
  Flushed 64 docs | 0 chunks | totals → 173440 docs / 0 chunks
  Flushed 64 docs | 0 chunks | totals → 173504 docs / 0 chunks
  Flushed 64 docs | 0 chunks | totals → 173568 docs / 0 chunks
  Flushed 64 docs | 0 chunks | totals → 173632 docs / 0 chunks
  Flushed 64 docs | 0 chunks | totals → 173696 docs / 0 chunks
  Flushed 64 docs | 0 chunks | totals → 173760 docs / 0 chunks
  Flushed 64 docs | 0 chunks | totals → 173824 docs / 0 chunks
  Flushed 64 docs | 0 chunks | totals → 173888 docs / 0 chunks
  Flushed 64 docs | 0 chunks | totals → 173952 docs / 0 chunks
  Flushed 64 docs | 0 chunks | totals → 174016 docs / 0 chunks
  Flushed 64 docs | 0 chunks | totals → 174080 docs / 0 chunks
  Flushed 64 docs | 0 chunks | totals → 174144 docs / 0 chunks
  Flushed 64 docs | 0 chunks | totals → 174208 docs / 0 chunks
  Flushed 64 docs | 0 chunks | totals → 174272 docs / 0 chunks
  Flushed 64 docs | 0 chunks | totals → 174336 docs / 0 chunks
  Flushed 64 docs | 0 chunks | totals → 174400 docs / 0 chunks
  Flushed 64 docs | 0 chunks | totals → 174464 docs / 0 chunks
  Flushed 64 docs | 0 chunks | totals → 174528 docs / 0 chunks
  Flushed 64 docs | 0 chunks | totals → 174592 docs / 0 chunks
  Flushed 64 docs | 0 chunks | totals → 174656 docs / 0 chunks
  Flushed 64 docs | 0 chunks | totals → 174720 docs / 0 chunks
  Flushed 64 docs | 0 chunks | totals → 174784 docs / 0 chunks
  Flushed 64 docs | 0 chunks | totals → 174848 docs / 0 chunks
  Flushed 64 docs | 0 chunks | totals → 174912 docs / 0 chunks
  Flushed 64 docs | 0 chunks | totals → 174976 docs / 0 chunks
  Flushed 64 docs | 0 chunks | totals → 175040 docs / 0 chunks
  Flushed 64 docs | 0 chunks | totals → 175104 docs / 0 chunks
  Flushed 64 docs | 0 chunks | totals → 175168 docs / 0 chunks
  Flushed 64 docs | 0 chunks | totals → 175232 docs / 0 chunks
  Flushed 64 docs | 0 chunks | totals → 175296 docs / 0 chunks
  Flushed 64 docs | 0 chunks | totals → 175360 docs / 0 chunks
  Flushed 64 docs | 0 chunks | totals → 175424 docs / 0 chunks
  Flushed 64 docs | 0 chunks | totals → 175488 docs / 0 chunks
  Flushed 64 docs | 0 chunks | totals → 175552 docs / 0 chunks
  Flushed 64 docs | 0 chunks | totals → 175616 docs / 0 chunks
  Flushed 64 docs | 0 chunks | totals → 175680 docs / 0 chunks
  Flushed 64 docs | 0 chunks | totals → 175744 docs / 0 chunks
  Flushed 64 docs | 0 chunks | totals → 175808 docs / 0 chunks
  Flushed 64 docs | 0 chunks | totals → 175872 docs / 0 chunks
  Flushed 64 docs | 0 chunks | totals → 175936 docs / 0 chunks
  Flushed 64 docs | 0 chunks | totals → 176000 docs / 0 chunks
  Flushed 64 docs | 0 chunks | totals → 176064 docs / 0 chunks
  Flushed 64 docs | 0 chunks | totals → 176128 docs / 0 chunks
  Flushed 64 docs | 0 chunks | totals → 176192 docs / 0 chunks
  Flushed 64 docs | 0 chunks | totals → 176256 docs / 0 chunks
  Flushed 64 docs | 0 chunks | totals → 176320 docs / 0 chunks
  Flushed 64 docs | 0 chunks | totals → 176384 docs / 0 chunks
  Flushed 64 docs | 0 chunks | totals → 176448 docs / 0 chunks
  Flushed 64 docs | 0 chunks | totals → 176512 docs / 0 chunks
  Flushed 64 docs | 0 chunks | totals → 176576 docs / 0 chunks
  Flushed 64 docs | 0 chunks | totals → 176640 docs / 0 chunks
  Flushed 64 docs | 0 chunks | totals → 176704 docs / 0 chunks
  Flushed 64 docs | 0 chunks | totals → 176768 docs / 0 chunks
  Flushed 64 docs | 0 chunks | totals → 176832 docs / 0 chunks
  Flushed 64 docs | 0 chunks | totals → 176896 docs / 0 chunks
  Flushed 64 docs | 0 chunks | totals → 176960 docs / 0 chunks
  Flushed 64 docs | 0 chunks | totals → 177024 docs / 0 chunks
  Flushed 64 docs | 0 chunks | totals → 177088 docs / 0 chunks
  Flushed 64 docs | 0 chunks | totals → 177152 docs / 0 chunks
  Flushed 64 docs | 0 chunks | totals → 177216 docs / 0 chunks
  Flushed 64 docs | 0 chunks | totals → 177280 docs / 0 chunks
  Flushed 64 docs | 0 chunks | totals → 177344 docs / 0 chunks
  Flushed 64 docs | 0 chunks | totals → 177408 docs / 0 chunks
  Flushed 64 docs | 0 chunks | totals → 177472 docs / 0 chunks
  Flushed 64 docs | 0 chunks | totals → 177536 docs / 0 chunks
  Flushed 64 docs | 0 chunks | totals → 177600 docs / 0 chunks
  Flushed 64 docs | 0 chunks | totals → 177664 docs / 0 chunks
  Flushed 64 docs | 0 chunks | totals → 177728 docs / 0 chunks
  Flushed 64 docs | 0 chunks | totals → 177792 docs / 0 chunks
  Flushed 64 docs | 0 chunks | totals → 177856 docs / 0 chunks
  Flushed 64 docs | 0 chunks | totals → 177920 docs / 0 chunks
  Flushed 64 docs | 0 chunks | totals → 177984 docs / 0 chunks
  Flushed 64 docs | 0 chunks | totals → 178048 docs / 0 chunks
  Flushed 64 docs | 0 chunks | totals → 178112 docs / 0 chunks
  Flushed 64 docs | 0 chunks | totals → 178176 docs / 0 chunks
  Flushed 64 docs | 0 chunks | totals → 178240 docs / 0 chunks
  Flushed 64 docs | 0 chunks | totals → 178304 docs / 0 chunks
  Flushed 64 docs | 0 chunks | totals → 178368 docs / 0 chunks
  Flushed 64 docs | 0 chunks | totals → 178432 docs / 0 chunks
  Flushed 64 docs | 0 chunks | totals → 178496 docs / 0 chunks
  Flushed 64 docs | 0 chunks | totals → 178560 docs / 0 chunks
  Flushed 64 docs | 0 chunks | totals → 178624 docs / 0 chunks
  Flushed 64 docs | 0 chunks | totals → 178688 docs / 0 chunks
  Flushed 64 docs | 0 chunks | totals → 178752 docs / 0 chunks
  Flushed 64 docs | 0 chunks | totals → 178816 docs / 0 chunks
  Flushed 64 docs | 0 chunks | totals → 178880 docs / 0 chunks
  Flushed 64 docs | 0 chunks | totals → 178944 docs / 0 chunks
  Flushed 64 docs | 0 chunks | totals → 179008 docs / 0 chunks
  Flushed 64 docs | 0 chunks | totals → 179072 docs / 0 chunks
  Flushed 64 docs | 0 chunks | totals → 179136 docs / 0 chunks
  Flushed 64 docs | 0 chunks | totals → 179200 docs / 0 chunks
  Flushed 64 docs | 0 chunks | totals → 179264 docs / 0 chunks
  Flushed 64 docs | 0 chunks | totals → 179328 docs / 0 chunks
  Flushed 64 docs | 0 chunks | totals → 179392 docs / 0 chunks
  Flushed 64 docs | 0 chunks | totals → 179456 docs / 0 chunks
  Flushed 64 docs | 0 chunks | totals → 179520 docs / 0 chunks
  Flushed 64 docs | 0 chunks | totals → 179584 docs / 0 chunks
  Flushed 64 docs | 0 chunks | totals → 179648 docs / 0 chunks
  Flushed 64 docs | 0 chunks | totals → 179712 docs / 0 chunks
  Flushed 64 docs | 0 chunks | totals → 179776 docs / 0 chunks
  Flushed 64 docs | 0 chunks | totals → 179840 docs / 0 chunks
  Flushed 64 docs | 0 chunks | totals → 179904 docs / 0 chunks
  Flushed 64 docs | 0 chunks | totals → 179968 docs / 0 chunks
  Flushed 64 docs | 0 chunks | totals → 180032 docs / 0 chunks
  Flushed 64 docs | 0 chunks | totals → 180096 docs / 0 chunks
  Flushed 64 docs | 0 chunks | totals → 180160 docs / 0 chunks
  Flushed 64 docs | 0 chunks | totals → 180224 docs / 0 chunks
  Flushed 64 docs | 0 chunks | totals → 180288 docs / 0 chunks
  Flushed 64 docs | 0 chunks | totals → 180352 docs / 0 chunks
  Flushed 64 docs | 0 chunks | totals → 180416 docs / 0 chunks
  Flushed 64 docs | 0 chunks | totals → 180480 docs / 0 chunks
  Flushed 64 docs | 0 chunks | totals → 180544 docs / 0 chunks
  Flushed 64 docs | 0 chunks | totals → 180608 docs / 0 chunks
  Flushed 64 docs | 0 chunks | totals → 180672 docs / 0 chunks
  Flushed 64 docs | 0 chunks | totals → 180736 docs / 0 chunks
  Flushed 64 docs | 0 chunks | totals → 180800 docs / 0 chunks
  Flushed 64 docs | 0 chunks | totals → 180864 docs / 0 chunks
  Flushed 64 docs | 0 chunks | totals → 180928 docs / 0 chunks
  Flushed 64 docs | 0 chunks | totals → 180992 docs / 0 chunks
  Flushed 64 docs | 0 chunks | totals → 181056 docs / 0 chunks
  Flushed 64 docs | 0 chunks | totals → 181120 docs / 0 chunks
  Flushed 64 docs | 0 chunks | totals → 181184 docs / 0 chunks
  Flushed 64 docs | 0 chunks | totals → 181248 docs / 0 chunks
  Flushed 64 docs | 0 chunks | totals → 181312 docs / 0 chunks
  Flushed 64 docs | 0 chunks | totals → 181376 docs / 0 chunks
  Flushed 64 docs | 0 chunks | totals → 181440 docs / 0 chunks
  Flushed 64 docs | 0 chunks | totals → 181504 docs / 0 chunks
  Flushed 64 docs | 0 chunks | totals → 181568 docs / 0 chunks
  Flushed 64 docs | 0 chunks | totals → 181632 docs / 0 chunks
  Flushed 64 docs | 0 chunks | totals → 181696 docs / 0 chunks
  Flushed 64 docs | 0 chunks | totals → 181760 docs / 0 chunks
  Flushed 64 docs | 0 chunks | totals → 181824 docs / 0 chunks
  Flushed 64 docs | 0 chunks | totals → 181888 docs / 0 chunks
  Flushed 64 docs | 0 chunks | totals → 181952 docs / 0 chunks
  Flushed 64 docs | 0 chunks | totals → 182016 docs / 0 chunks
  Flushed 64 docs | 0 chunks | totals → 182080 docs / 0 chunks
  Flushed 64 docs | 0 chunks | totals → 182144 docs / 0 chunks
  Flushed 64 docs | 0 chunks | totals → 182208 docs / 0 chunks
  Flushed 64 docs | 0 chunks | totals → 182272 docs / 0 chunks
  Flushed 64 docs | 0 chunks | totals → 182336 docs / 0 chunks
  Flushed 64 docs | 0 chunks | totals → 182400 docs / 0 chunks
  Flushed 64 docs | 0 chunks | totals → 182464 docs / 0 chunks
  Flushed 64 docs | 0 chunks | totals → 182528 docs / 0 chunks
  Flushed 64 docs | 0 chunks | totals → 182592 docs / 0 chunks
  Flushed 64 docs | 0 chunks | totals → 182656 docs / 0 chunks
  Flushed 64 docs | 0 chunks | totals → 182720 docs / 0 chunks
  Flushed 64 docs | 0 chunks | totals → 182784 docs / 0 chunks
  Flushed 64 docs | 0 chunks | totals → 182848 docs / 0 chunks
  Flushed 64 docs | 0 chunks | totals → 182912 docs / 0 chunks
  Flushed 64 docs | 0 chunks | totals → 182976 docs / 0 chunks
  Flushed 64 docs | 0 chunks | totals → 183040 docs / 0 chunks
  Flushed 64 docs | 0 chunks | totals → 183104 docs / 0 chunks
  Flushed 64 docs | 0 chunks | totals → 183168 docs / 0 chunks
  Flushed 64 docs | 0 chunks | totals → 183232 docs / 0 chunks
  Flushed 64 docs | 0 chunks | totals → 183296 docs / 0 chunks
  Flushed 64 docs | 0 chunks | totals → 183360 docs / 0 chunks
  Flushed 64 docs | 0 chunks | totals → 183424 docs / 0 chunks
  Flushed 64 docs | 0 chunks | totals → 183488 docs / 0 chunks
  Flushed 64 docs | 0 chunks | totals → 183552 docs / 0 chunks
  Flushed 64 docs | 0 chunks | totals → 183616 docs / 0 chunks
  Flushed 64 docs | 0 chunks | totals → 183680 docs / 0 chunks
  Flushed 64 docs | 0 chunks | totals → 183744 docs / 0 chunks
  Flushed 64 docs | 0 chunks | totals → 183808 docs / 0 chunks
  Flushed 64 docs | 0 chunks | totals → 183872 docs / 0 chunks
  Flushed 64 docs | 0 chunks | totals → 183936 docs / 0 chunks
  Flushed 64 docs | 0 chunks | totals → 184000 docs / 0 chunks
  Flushed 64 docs | 0 chunks | totals → 184064 docs / 0 chunks
  Flushed 64 docs | 0 chunks | totals → 184128 docs / 0 chunks
  Flushed 64 docs | 0 chunks | totals → 184192 docs / 0 chunks
  Flushed 64 docs | 0 chunks | totals → 184256 docs / 0 chunks
  Flushed 64 docs | 0 chunks | totals → 184320 docs / 0 chunks
  Flushed 64 docs | 0 chunks | totals → 184384 docs / 0 chunks
  Flushed 64 docs | 0 chunks | totals → 184448 docs / 0 chunks
  Flushed 64 docs | 0 chunks | totals → 184512 docs / 0 chunks
  Flushed 64 docs | 0 chunks | totals → 184576 docs / 0 chunks
  Flushed 64 docs | 0 chunks | totals → 184640 docs / 0 chunks
  Flushed 64 docs | 0 chunks | totals → 184704 docs / 0 chunks
  Flushed 64 docs | 0 chunks | totals → 184768 docs / 0 chunks
  Flushed 64 docs | 0 chunks | totals → 184832 docs / 0 chunks
  Flushed 64 docs | 0 chunks | totals → 184896 docs / 0 chunks
  Flushed 64 docs | 0 chunks | totals → 184960 docs / 0 chunks
  Flushed 64 docs | 0 chunks | totals → 185024 docs / 0 chunks
  Flushed 64 docs | 0 chunks | totals → 185088 docs / 0 chunks
  Flushed 64 docs | 0 chunks | totals → 185152 docs / 0 chunks
  Flushed 64 docs | 0 chunks | totals → 185216 docs / 0 chunks
  Flushed 64 docs | 0 chunks | totals → 185280 docs / 0 chunks
  Flushed 64 docs | 0 chunks | totals → 185344 docs / 0 chunks
  Flushed 64 docs | 0 chunks | totals → 185408 docs / 0 chunks
  Flushed 64 docs | 0 chunks | totals → 185472 docs / 0 chunks
  Flushed 64 docs | 0 chunks | totals → 185536 docs / 0 chunks
  Flushed 64 docs | 0 chunks | totals → 185600 docs / 0 chunks
  Flushed 64 docs | 0 chunks | totals → 185664 docs / 0 chunks
  Flushed 64 docs | 0 chunks | totals → 185728 docs / 0 chunks
  Flushed 64 docs | 0 chunks | totals → 185792 docs / 0 chunks
  Flushed 64 docs | 0 chunks | totals → 185856 docs / 0 chunks
  Flushed 64 docs | 0 chunks | totals → 185920 docs / 0 chunks
  Flushed 64 docs | 0 chunks | totals → 185984 docs / 0 chunks
  Flushed 64 docs | 0 chunks | totals → 186048 docs / 0 chunks
  Flushed 64 docs | 0 chunks | totals → 186112 docs / 0 chunks
  Flushed 64 docs | 0 chunks | totals → 186176 docs / 0 chunks
  Flushed 64 docs | 0 chunks | totals → 186240 docs / 0 chunks
  Flushed 64 docs | 0 chunks | totals → 186304 docs / 0 chunks
  Flushed 64 docs | 0 chunks | totals → 186368 docs / 0 chunks
  Flushed 64 docs | 0 chunks | totals → 186432 docs / 0 chunks
  Flushed 64 docs | 0 chunks | totals → 186496 docs / 0 chunks
  Flushed 64 docs | 0 chunks | totals → 186560 docs / 0 chunks
  Flushed 64 docs | 0 chunks | totals → 186624 docs / 0 chunks
  Flushed 64 docs | 0 chunks | totals → 186688 docs / 0 chunks
  Flushed 64 docs | 0 chunks | totals → 186752 docs / 0 chunks
  Flushed 64 docs | 0 chunks | totals → 186816 docs / 0 chunks
  Flushed 64 docs | 0 chunks | totals → 186880 docs / 0 chunks
  Flushed 64 docs | 0 chunks | totals → 186944 docs / 0 chunks
  Flushed 64 docs | 0 chunks | totals → 187008 docs / 0 chunks
  Flushed 64 docs | 0 chunks | totals → 187072 docs / 0 chunks
  Flushed 64 docs | 0 chunks | totals → 187136 docs / 0 chunks
  Flushed 64 docs | 0 chunks | totals → 187200 docs / 0 chunks
  Flushed 64 docs | 0 chunks | totals → 187264 docs / 0 chunks
  Flushed 64 docs | 0 chunks | totals → 187328 docs / 0 chunks
  Flushed 64 docs | 0 chunks | totals → 187392 docs / 0 chunks
  Flushed 64 docs | 0 chunks | totals → 187456 docs / 0 chunks
  Flushed 64 docs | 0 chunks | totals → 187520 docs / 0 chunks
  Flushed 64 docs | 0 chunks | totals → 187584 docs / 0 chunks
  Flushed 64 docs | 0 chunks | totals → 187648 docs / 0 chunks
  Flushed 64 docs | 0 chunks | totals → 187712 docs / 0 chunks
  Flushed 64 docs | 0 chunks | totals → 187776 docs / 0 chunks
  Flushed 64 docs | 0 chunks | totals → 187840 docs / 0 chunks
  Flushed 64 docs | 0 chunks | totals → 187904 docs / 0 chunks
  Flushed 64 docs | 0 chunks | totals → 187968 docs / 0 chunks
  Flushed 64 docs | 0 chunks | totals → 188032 docs / 0 chunks
  Flushed 64 docs | 0 chunks | totals → 188096 docs / 0 chunks
  Flushed 64 docs | 0 chunks | totals → 188160 docs / 0 chunks
  Flushed 64 docs | 0 chunks | totals → 188224 docs / 0 chunks
  Flushed 64 docs | 0 chunks | totals → 188288 docs / 0 chunks
  Flushed 64 docs | 0 chunks | totals → 188352 docs / 0 chunks
  Flushed 64 docs | 0 chunks | totals → 188416 docs / 0 chunks
  Flushed 64 docs | 0 chunks | totals → 188480 docs / 0 chunks
  Flushed 64 docs | 0 chunks | totals → 188544 docs / 0 chunks
  Flushed 64 docs | 0 chunks | totals → 188608 docs / 0 chunks
  Flushed 64 docs | 0 chunks | totals → 188672 docs / 0 chunks
  Flushed 64 docs | 0 chunks | totals → 188736 docs / 0 chunks
  Flushed 64 docs | 0 chunks | totals → 188800 docs / 0 chunks
  Flushed 64 docs | 0 chunks | totals → 188864 docs / 0 chunks
  Flushed 64 docs | 0 chunks | totals → 188928 docs / 0 chunks
  Flushed 64 docs | 0 chunks | totals → 188992 docs / 0 chunks
  Flushed 64 docs | 0 chunks | totals → 189056 docs / 0 chunks
  Flushed 64 docs | 0 chunks | totals → 189120 docs / 0 chunks
  Flushed 64 docs | 0 chunks | totals → 189184 docs / 0 chunks
  Flushed 64 docs | 0 chunks | totals → 189248 docs / 0 chunks
  Flushed 64 docs | 0 chunks | totals → 189312 docs / 0 chunks
  Flushed 64 docs | 0 chunks | totals → 189376 docs / 0 chunks
  Flushed 64 docs | 0 chunks | totals → 189440 docs / 0 chunks
  Flushed 64 docs | 0 chunks | totals → 189504 docs / 0 chunks
  Flushed 64 docs | 0 chunks | totals → 189568 docs / 0 chunks
  Flushed 64 docs | 0 chunks | totals → 189632 docs / 0 chunks
  Flushed 64 docs | 0 chunks | totals → 189696 docs / 0 chunks
  Flushed 64 docs | 0 chunks | totals → 189760 docs / 0 chunks
  Flushed 64 docs | 0 chunks | totals → 189824 docs / 0 chunks
  Flushed 64 docs | 0 chunks | totals → 189888 docs / 0 chunks
  Flushed 64 docs | 0 chunks | totals → 189952 docs / 0 chunks
  Flushed 64 docs | 0 chunks | totals → 190016 docs / 0 chunks
  Flushed 64 docs | 0 chunks | totals → 190080 docs / 0 chunks
  Flushed 64 docs | 0 chunks | totals → 190144 docs / 0 chunks
  Flushed 64 docs | 0 chunks | totals → 190208 docs / 0 chunks
  Flushed 64 docs | 0 chunks | totals → 190272 docs / 0 chunks
  Flushed 64 docs | 0 chunks | totals → 190336 docs / 0 chunks
  Flushed 64 docs | 0 chunks | totals → 190400 docs / 0 chunks
  Flushed 64 docs | 0 chunks | totals → 190464 docs / 0 chunks
  Flushed 64 docs | 0 chunks | totals → 190528 docs / 0 chunks
  Flushed 64 docs | 0 chunks | totals → 190592 docs / 0 chunks
  Flushed 64 docs | 0 chunks | totals → 190656 docs / 0 chunks
  Flushed 64 docs | 0 chunks | totals → 190720 docs / 0 chunks
  Flushed 64 docs | 0 chunks | totals → 190784 docs / 0 chunks
  Flushed 64 docs | 0 chunks | totals → 190848 docs / 0 chunks
  Flushed 64 docs | 0 chunks | totals → 190912 docs / 0 chunks
  Flushed 64 docs | 0 chunks | totals → 190976 docs / 0 chunks
  Flushed 64 docs | 0 chunks | totals → 191040 docs / 0 chunks
  Flushed 64 docs | 0 chunks | totals → 191104 docs / 0 chunks
  Flushed 64 docs | 0 chunks | totals → 191168 docs / 0 chunks
  Flushed 64 docs | 0 chunks | totals → 191232 docs / 0 chunks
  Flushed 64 docs | 0 chunks | totals → 191296 docs / 0 chunks
  Flushed 64 docs | 0 chunks | totals → 191360 docs / 0 chunks
  Flushed 64 docs | 0 chunks | totals → 191424 docs / 0 chunks
  Flushed 64 docs | 0 chunks | totals → 191488 docs / 0 chunks
  Flushed 64 docs | 0 chunks | totals → 191552 docs / 0 chunks
  Flushed 64 docs | 0 chunks | totals → 191616 docs / 0 chunks
  Flushed 64 docs | 0 chunks | totals → 191680 docs / 0 chunks
  Flushed 64 docs | 0 chunks | totals → 191744 docs / 0 chunks
  Flushed 64 docs | 0 chunks | totals → 191808 docs / 0 chunks
  Flushed 64 docs | 0 chunks | totals → 191872 docs / 0 chunks
  Flushed 64 docs | 0 chunks | totals → 191936 docs / 0 chunks
  Flushed 64 docs | 0 chunks | totals → 192000 docs / 0 chunks
  Flushed 64 docs | 0 chunks | totals → 192064 docs / 0 chunks
  Flushed 64 docs | 0 chunks | totals → 192128 docs / 0 chunks
  Flushed 64 docs | 0 chunks | totals → 192192 docs / 0 chunks
  Flushed 64 docs | 0 chunks | totals → 192256 docs / 0 chunks
  Flushed 64 docs | 0 chunks | totals → 192320 docs / 0 chunks
  Flushed 64 docs | 0 chunks | totals → 192384 docs / 0 chunks
  Flushed 64 docs | 0 chunks | totals → 192448 docs / 0 chunks
  Flushed 64 docs | 0 chunks | totals → 192512 docs / 0 chunks
  Flushed 64 docs | 0 chunks | totals → 192576 docs / 0 chunks
  Flushed 64 docs | 0 chunks | totals → 192640 docs / 0 chunks
  Flushed 64 docs | 0 chunks | totals → 192704 docs / 0 chunks
  Flushed 64 docs | 0 chunks | totals → 192768 docs / 0 chunks
  Flushed 64 docs | 0 chunks | totals → 192832 docs / 0 chunks
  Flushed 64 docs | 0 chunks | totals → 192896 docs / 0 chunks
  Flushed 64 docs | 0 chunks | totals → 192960 docs / 0 chunks
  Flushed 64 docs | 0 chunks | totals → 193024 docs / 0 chunks
  Flushed 64 docs | 0 chunks | totals → 193088 docs / 0 chunks
  Flushed 64 docs | 0 chunks | totals → 193152 docs / 0 chunks
  Flushed 64 docs | 0 chunks | totals → 193216 docs / 0 chunks
  Flushed 64 docs | 0 chunks | totals → 193280 docs / 0 chunks
  Flushed 64 docs | 0 chunks | totals → 193344 docs / 0 chunks
  Flushed 64 docs | 0 chunks | totals → 193408 docs / 0 chunks
  Flushed 64 docs | 0 chunks | totals → 193472 docs / 0 chunks
  Flushed 64 docs | 0 chunks | totals → 193536 docs / 0 chunks
  Flushed 64 docs | 0 chunks | totals → 193600 docs / 0 chunks
  Flushed 64 docs | 0 chunks | totals → 193664 docs / 0 chunks
  Flushed 64 docs | 0 chunks | totals → 193728 docs / 0 chunks
  Flushed 64 docs | 0 chunks | totals → 193792 docs / 0 chunks
  Flushed 64 docs | 0 chunks | totals → 193856 docs / 0 chunks
  Flushed 64 docs | 0 chunks | totals → 193920 docs / 0 chunks
  Flushed 64 docs | 0 chunks | totals → 193984 docs / 0 chunks
  Flushed 64 docs | 0 chunks | totals → 194048 docs / 0 chunks
  Flushed 64 docs | 0 chunks | totals → 194112 docs / 0 chunks
  Flushed 64 docs | 0 chunks | totals → 194176 docs / 0 chunks
  Flushed 64 docs | 0 chunks | totals → 194240 docs / 0 chunks
  Flushed 64 docs | 0 chunks | totals → 194304 docs / 0 chunks
  Flushed 64 docs | 0 chunks | totals → 194368 docs / 0 chunks
  Flushed 64 docs | 0 chunks | totals → 194432 docs / 0 chunks
  Flushed 64 docs | 0 chunks | totals → 194496 docs / 0 chunks
  Flushed 64 docs | 0 chunks | totals → 194560 docs / 0 chunks
  Flushed 64 docs | 0 chunks | totals → 194624 docs / 0 chunks
  Flushed 64 docs | 0 chunks | totals → 194688 docs / 0 chunks
  Flushed 64 docs | 0 chunks | totals → 194752 docs / 0 chunks
  Flushed 64 docs | 0 chunks | totals → 194816 docs / 0 chunks
  Flushed 64 docs | 0 chunks | totals → 194880 docs / 0 chunks
  Flushed 64 docs | 0 chunks | totals → 194944 docs / 0 chunks
  Flushed 64 docs | 0 chunks | totals → 195008 docs / 0 chunks
  Flushed 64 docs | 0 chunks | totals → 195072 docs / 0 chunks
  Flushed 64 docs | 0 chunks | totals → 195136 docs / 0 chunks
  Flushed 64 docs | 0 chunks | totals → 195200 docs / 0 chunks
  Flushed 64 docs | 0 chunks | totals → 195264 docs / 0 chunks
  Flushed 64 docs | 0 chunks | totals → 195328 docs / 0 chunks
  Flushed 64 docs | 0 chunks | totals → 195392 docs / 0 chunks
  Flushed 64 docs | 0 chunks | totals → 195456 docs / 0 chunks
  Flushed 64 docs | 0 chunks | totals → 195520 docs / 0 chunks
  Flushed 64 docs | 0 chunks | totals → 195584 docs / 0 chunks
  Flushed 64 docs | 0 chunks | totals → 195648 docs / 0 chunks
  Flushed 64 docs | 0 chunks | totals → 195712 docs / 0 chunks
  Flushed 64 docs | 0 chunks | totals → 195776 docs / 0 chunks
  Flushed 64 docs | 0 chunks | totals → 195840 docs / 0 chunks
  Flushed 64 docs | 0 chunks | totals → 195904 docs / 0 chunks
  Flushed 64 docs | 0 chunks | totals → 195968 docs / 0 chunks
  Flushed 64 docs | 0 chunks | totals → 196032 docs / 0 chunks
  Flushed 64 docs | 0 chunks | totals → 196096 docs / 0 chunks
  Flushed 64 docs | 0 chunks | totals → 196160 docs / 0 chunks
  Flushed 64 docs | 0 chunks | totals → 196224 docs / 0 chunks
  Flushed 64 docs | 0 chunks | totals → 196288 docs / 0 chunks
  Flushed 64 docs | 0 chunks | totals → 196352 docs / 0 chunks
  Flushed 64 docs | 0 chunks | totals → 196416 docs / 0 chunks
  Flushed 64 docs | 0 chunks | totals → 196480 docs / 0 chunks
  Flushed 64 docs | 0 chunks | totals → 196544 docs / 0 chunks
  Flushed 64 docs | 0 chunks | totals → 196608 docs / 0 chunks
  Flushed 64 docs | 0 chunks | totals → 196672 docs / 0 chunks
  Flushed 64 docs | 0 chunks | totals → 196736 docs / 0 chunks
  Flushed 64 docs | 0 chunks | totals → 196800 docs / 0 chunks
  Flushed 64 docs | 0 chunks | totals → 196864 docs / 0 chunks
  Flushed 64 docs | 0 chunks | totals → 196928 docs / 0 chunks
  Flushed 64 docs | 0 chunks | totals → 196992 docs / 0 chunks
  Flushed 64 docs | 0 chunks | totals → 197056 docs / 0 chunks
  Flushed 64 docs | 0 chunks | totals → 197120 docs / 0 chunks
  Flushed 64 docs | 0 chunks | totals → 197184 docs / 0 chunks
  Flushed 64 docs | 0 chunks | totals → 197248 docs / 0 chunks
  Flushed 64 docs | 0 chunks | totals → 197312 docs / 0 chunks
  Flushed 64 docs | 0 chunks | totals → 197376 docs / 0 chunks
  Flushed 64 docs | 0 chunks | totals → 197440 docs / 0 chunks
  Flushed 64 docs | 0 chunks | totals → 197504 docs / 0 chunks
  Flushed 64 docs | 0 chunks | totals → 197568 docs / 0 chunks
  Flushed 64 docs | 0 chunks | totals → 197632 docs / 0 chunks
  Flushed 64 docs | 0 chunks | totals → 197696 docs / 0 chunks
  Flushed 64 docs | 0 chunks | totals → 197760 docs / 0 chunks
  Flushed 64 docs | 0 chunks | totals → 197824 docs / 0 chunks
  Flushed 64 docs | 0 chunks | totals → 197888 docs / 0 chunks
  Flushed 64 docs | 0 chunks | totals → 197952 docs / 0 chunks
  Flushed 64 docs | 0 chunks | totals → 198016 docs / 0 chunks
  Flushed 64 docs | 0 chunks | totals → 198080 docs / 0 chunks
  Flushed 64 docs | 0 chunks | totals → 198144 docs / 0 chunks
  Flushed 64 docs | 0 chunks | totals → 198208 docs / 0 chunks
  Flushed 64 docs | 0 chunks | totals → 198272 docs / 0 chunks
  Flushed 64 docs | 0 chunks | totals → 198336 docs / 0 chunks
  Flushed 64 docs | 0 chunks | totals → 198400 docs / 0 chunks
  Flushed 64 docs | 0 chunks | totals → 198464 docs / 0 chunks
  Flushed 64 docs | 0 chunks | totals → 198528 docs / 0 chunks
  Flushed 64 docs | 0 chunks | totals → 198592 docs / 0 chunks
  Flushed 64 docs | 0 chunks | totals → 198656 docs / 0 chunks
  Flushed 64 docs | 0 chunks | totals → 198720 docs / 0 chunks
  Flushed 64 docs | 0 chunks | totals → 198784 docs / 0 chunks
  Flushed 64 docs | 0 chunks | totals → 198848 docs / 0 chunks
  Flushed 64 docs | 0 chunks | totals → 198912 docs / 0 chunks
  Flushed 64 docs | 0 chunks | totals → 198976 docs / 0 chunks
  Flushed 64 docs | 0 chunks | totals → 199040 docs / 0 chunks
  Flushed 64 docs | 0 chunks | totals → 199104 docs / 0 chunks
  Flushed 64 docs | 0 chunks | totals → 199168 docs / 0 chunks
  Flushed 64 docs | 0 chunks | totals → 199232 docs / 0 chunks
  Flushed 64 docs | 0 chunks | totals → 199296 docs / 0 chunks
  Flushed 64 docs | 0 chunks | totals → 199360 docs / 0 chunks
  Flushed 64 docs | 0 chunks | totals → 199424 docs / 0 chunks
  Flushed 64 docs | 0 chunks | totals → 199488 docs / 0 chunks
  Flushed 64 docs | 0 chunks | totals → 199552 docs / 0 chunks
  Flushed 64 docs | 0 chunks | totals → 199616 docs / 0 chunks
  Flushed 64 docs | 0 chunks | totals → 199680 docs / 0 chunks
  Flushed 64 docs | 0 chunks | totals → 199744 docs / 0 chunks
  Flushed 64 docs | 0 chunks | totals → 199808 docs / 0 chunks
  Flushed 64 docs | 0 chunks | totals → 199872 docs / 0 chunks
  Flushed 64 docs | 0 chunks | totals → 199936 docs / 0 chunks
  Flushed 64 docs | 0 chunks | totals → 200000 docs / 0 chunks
  Flushed 64 docs | 0 chunks | totals → 200064 docs / 0 chunks
  Flushed 64 docs | 0 chunks | totals → 200128 docs / 0 chunks
  Flushed 64 docs | 0 chunks | totals → 200192 docs / 0 chunks
  Flushed 64 docs | 0 chunks | totals → 200256 docs / 0 chunks
  Flushed 64 docs | 0 chunks | totals → 200320 docs / 0 chunks
  Flushed 64 docs | 0 chunks | totals → 200384 docs / 0 chunks
  Flushed 64 docs | 0 chunks | totals → 200448 docs / 0 chunks
  Flushed 64 docs | 0 chunks | totals → 200512 docs / 0 chunks
  Flushed 64 docs | 0 chunks | totals → 200576 docs / 0 chunks
  Flushed 64 docs | 0 chunks | totals → 200640 docs / 0 chunks
  Flushed 64 docs | 0 chunks | totals → 200704 docs / 0 chunks
  Flushed 64 docs | 0 chunks | totals → 200768 docs / 0 chunks
  Flushed 64 docs | 0 chunks | totals → 200832 docs / 0 chunks
  Flushed 64 docs | 0 chunks | totals → 200896 docs / 0 chunks
  Flushed 64 docs | 0 chunks | totals → 200960 docs / 0 chunks
  Flushed 64 docs | 0 chunks | totals → 201024 docs / 0 chunks
  Flushed 64 docs | 0 chunks | totals → 201088 docs / 0 chunks
  Flushed 64 docs | 0 chunks | totals → 201152 docs / 0 chunks
  Flushed 64 docs | 0 chunks | totals → 201216 docs / 0 chunks
  Flushed 64 docs | 0 chunks | totals → 201280 docs / 0 chunks
  Flushed 64 docs | 0 chunks | totals → 201344 docs / 0 chunks
  Flushed 64 docs | 0 chunks | totals → 201408 docs / 0 chunks
  Flushed 64 docs | 0 chunks | totals → 201472 docs / 0 chunks
  Flushed 64 docs | 0 chunks | totals → 201536 docs / 0 chunks
  Flushed 64 docs | 0 chunks | totals → 201600 docs / 0 chunks
  Flushed 64 docs | 0 chunks | totals → 201664 docs / 0 chunks
  Flushed 64 docs | 0 chunks | totals → 201728 docs / 0 chunks
  Flushed 64 docs | 0 chunks | totals → 201792 docs / 0 chunks
  Flushed 64 docs | 0 chunks | totals → 201856 docs / 0 chunks
  Flushed 64 docs | 0 chunks | totals → 201920 docs / 0 chunks
  Flushed 64 docs | 0 chunks | totals → 201984 docs / 0 chunks
  Flushed 64 docs | 0 chunks | totals → 202048 docs / 0 chunks
  Flushed 64 docs | 0 chunks | totals → 202112 docs / 0 chunks
  Flushed 64 docs | 0 chunks | totals → 202176 docs / 0 chunks
  Flushed 64 docs | 0 chunks | totals → 202240 docs / 0 chunks
  Flushed 64 docs | 0 chunks | totals → 202304 docs / 0 chunks
  Flushed 64 docs | 0 chunks | totals → 202368 docs / 0 chunks
  Flushed 64 docs | 0 chunks | totals → 202432 docs / 0 chunks
  Flushed 64 docs | 0 chunks | totals → 202496 docs / 0 chunks
  Flushed 64 docs | 0 chunks | totals → 202560 docs / 0 chunks
  Flushed 64 docs | 0 chunks | totals → 202624 docs / 0 chunks
  Flushed 64 docs | 0 chunks | totals → 202688 docs / 0 chunks
  Flushed 64 docs | 0 chunks | totals → 202752 docs / 0 chunks
  Flushed 64 docs | 0 chunks | totals → 202816 docs / 0 chunks
  Flushed 64 docs | 0 chunks | totals → 202880 docs / 0 chunks
  Flushed 64 docs | 0 chunks | totals → 202944 docs / 0 chunks
  Flushed 64 docs | 0 chunks | totals → 203008 docs / 0 chunks
  Flushed 64 docs | 0 chunks | totals → 203072 docs / 0 chunks
  Flushed 64 docs | 0 chunks | totals → 203136 docs / 0 chunks
  Flushed 64 docs | 0 chunks | totals → 203200 docs / 0 chunks
  Flushed 64 docs | 0 chunks | totals → 203264 docs / 0 chunks
  Flushed 64 docs | 0 chunks | totals → 203328 docs / 0 chunks
  Flushed 64 docs | 0 chunks | totals → 203392 docs / 0 chunks
  Flushed 64 docs | 0 chunks | totals → 203456 docs / 0 chunks
  Flushed 64 docs | 0 chunks | totals → 203520 docs / 0 chunks
  Flushed 64 docs | 0 chunks | totals → 203584 docs / 0 chunks
  Flushed 64 docs | 0 chunks | totals → 203648 docs / 0 chunks
  Flushed 64 docs | 0 chunks | totals → 203712 docs / 0 chunks
  Flushed 64 docs | 0 chunks | totals → 203776 docs / 0 chunks
  Flushed 64 docs | 0 chunks | totals → 203840 docs / 0 chunks
  Flushed 64 docs | 0 chunks | totals → 203904 docs / 0 chunks
  Flushed 64 docs | 0 chunks | totals → 203968 docs / 0 chunks
  Flushed 64 docs | 0 chunks | totals → 204032 docs / 0 chunks
  Flushed 64 docs | 0 chunks | totals → 204096 docs / 0 chunks
  Flushed 64 docs | 0 chunks | totals → 204160 docs / 0 chunks
  Flushed 64 docs | 0 chunks | totals → 204224 docs / 0 chunks
  Flushed 64 docs | 0 chunks | totals → 204288 docs / 0 chunks
  Flushed 64 docs | 0 chunks | totals → 204352 docs / 0 chunks
  Flushed 64 docs | 0 chunks | totals → 204416 docs / 0 chunks
  Flushed 64 docs | 0 chunks | totals → 204480 docs / 0 chunks
  Flushed 64 docs | 0 chunks | totals → 204544 docs / 0 chunks
  Flushed 64 docs | 0 chunks | totals → 204608 docs / 0 chunks
  Flushed 64 docs | 0 chunks | totals → 204672 docs / 0 chunks
  Flushed 64 docs | 0 chunks | totals → 204736 docs / 0 chunks
  Flushed 64 docs | 0 chunks | totals → 204800 docs / 0 chunks
  Flushed 64 docs | 0 chunks | totals → 204864 docs / 0 chunks
  Flushed 64 docs | 0 chunks | totals → 204928 docs / 0 chunks
  Flushed 64 docs | 0 chunks | totals → 204992 docs / 0 chunks
  Flushed 64 docs | 0 chunks | totals → 205056 docs / 0 chunks
  Flushed 64 docs | 0 chunks | totals → 205120 docs / 0 chunks
  Flushed 64 docs | 0 chunks | totals → 205184 docs / 0 chunks
  Flushed 64 docs | 0 chunks | totals → 205248 docs / 0 chunks
  Flushed 64 docs | 0 chunks | totals → 205312 docs / 0 chunks
  Flushed 64 docs | 0 chunks | totals → 205376 docs / 0 chunks
  Flushed 64 docs | 0 chunks | totals → 205440 docs / 0 chunks
  Flushed 64 docs | 0 chunks | totals → 205504 docs / 0 chunks
  Flushed 64 docs | 0 chunks | totals → 205568 docs / 0 chunks
  Flushed 64 docs | 0 chunks | totals → 205632 docs / 0 chunks
  Flushed 64 docs | 0 chunks | totals → 205696 docs / 0 chunks
  Flushed 64 docs | 0 chunks | totals → 205760 docs / 0 chunks
  Flushed 64 docs | 0 chunks | totals → 205824 docs / 0 chunks
  Flushed 64 docs | 0 chunks | totals → 205888 docs / 0 chunks
  Flushed 64 docs | 0 chunks | totals → 205952 docs / 0 chunks
  Flushed 64 docs | 0 chunks | totals → 206016 docs / 0 chunks
  Flushed 64 docs | 0 chunks | totals → 206080 docs / 0 chunks
  Flushed 64 docs | 0 chunks | totals → 206144 docs / 0 chunks
  Flushed 64 docs | 0 chunks | totals → 206208 docs / 0 chunks
  Flushed 64 docs | 0 chunks | totals → 206272 docs / 0 chunks
  Flushed 64 docs | 0 chunks | totals → 206336 docs / 0 chunks
  Flushed 64 docs | 0 chunks | totals → 206400 docs / 0 chunks
  Flushed 64 docs | 0 chunks | totals → 206464 docs / 0 chunks
  Flushed 64 docs | 0 chunks | totals → 206528 docs / 0 chunks
  Flushed 64 docs | 0 chunks | totals → 206592 docs / 0 chunks
  Flushed 64 docs | 0 chunks | totals → 206656 docs / 0 chunks
  Flushed 64 docs | 0 chunks | totals → 206720 docs / 0 chunks
  Flushed 64 docs | 0 chunks | totals → 206784 docs / 0 chunks
  Flushed 64 docs | 0 chunks | totals → 206848 docs / 0 chunks
  Flushed 64 docs | 0 chunks | totals → 206912 docs / 0 chunks
  Flushed 64 docs | 0 chunks | totals → 206976 docs / 0 chunks
  Flushed 64 docs | 0 chunks | totals → 207040 docs / 0 chunks
  Flushed 64 docs | 0 chunks | totals → 207104 docs / 0 chunks
  Flushed 64 docs | 0 chunks | totals → 207168 docs / 0 chunks
  Flushed 64 docs | 0 chunks | totals → 207232 docs / 0 chunks
  Flushed 64 docs | 0 chunks | totals → 207296 docs / 0 chunks
  Flushed 64 docs | 0 chunks | totals → 207360 docs / 0 chunks
  Flushed 64 docs | 0 chunks | totals → 207424 docs / 0 chunks
  Flushed 64 docs | 0 chunks | totals → 207488 docs / 0 chunks
  Flushed 64 docs | 0 chunks | totals → 207552 docs / 0 chunks
  Flushed 64 docs | 0 chunks | totals → 207616 docs / 0 chunks
  Flushed 64 docs | 0 chunks | totals → 207680 docs / 0 chunks
  Flushed 64 docs | 0 chunks | totals → 207744 docs / 0 chunks
  Flushed 64 docs | 0 chunks | totals → 207808 docs / 0 chunks
  Flushed 64 docs | 0 chunks | totals → 207872 docs / 0 chunks
  Flushed 64 docs | 0 chunks | totals → 207936 docs / 0 chunks
  Flushed 64 docs | 0 chunks | totals → 208000 docs / 0 chunks
  Flushed 64 docs | 0 chunks | totals → 208064 docs / 0 chunks
  Flushed 64 docs | 0 chunks | totals → 208128 docs / 0 chunks
  Flushed 64 docs | 0 chunks | totals → 208192 docs / 0 chunks
  Flushed 64 docs | 0 chunks | totals → 208256 docs / 0 chunks
  Flushed 64 docs | 0 chunks | totals → 208320 docs / 0 chunks
  Flushed 64 docs | 0 chunks | totals → 208384 docs / 0 chunks
  Flushed 64 docs | 0 chunks | totals → 208448 docs / 0 chunks
  Flushed 64 docs | 0 chunks | totals → 208512 docs / 0 chunks
  Flushed 64 docs | 0 chunks | totals → 208576 docs / 0 chunks
  Flushed 64 docs | 0 chunks | totals → 208640 docs / 0 chunks
  Flushed 64 docs | 0 chunks | totals → 208704 docs / 0 chunks
  Flushed 64 docs | 0 chunks | totals → 208768 docs / 0 chunks
  Flushed 64 docs | 0 chunks | totals → 208832 docs / 0 chunks
  Flushed 64 docs | 0 chunks | totals → 208896 docs / 0 chunks
  Flushed 64 docs | 0 chunks | totals → 208960 docs / 0 chunks
  Flushed 64 docs | 0 chunks | totals → 209024 docs / 0 chunks
  Flushed 64 docs | 0 chunks | totals → 209088 docs / 0 chunks
  Flushed 64 docs | 0 chunks | totals → 209152 docs / 0 chunks
  Flushed 64 docs | 0 chunks | totals → 209216 docs / 0 chunks
  Flushed 64 docs | 0 chunks | totals → 209280 docs / 0 chunks
  Flushed 64 docs | 0 chunks | totals → 209344 docs / 0 chunks
  Flushed 64 docs | 0 chunks | totals → 209408 docs / 0 chunks
  Flushed 64 docs | 0 chunks | totals → 209472 docs / 0 chunks
  Flushed 64 docs | 0 chunks | totals → 209536 docs / 0 chunks
  Flushed 64 docs | 0 chunks | totals → 209600 docs / 0 chunks
  Flushed 64 docs | 0 chunks | totals → 209664 docs / 0 chunks
  Flushed 64 docs | 0 chunks | totals → 209728 docs / 0 chunks
  Flushed 64 docs | 0 chunks | totals → 209792 docs / 0 chunks
  Flushed 64 docs | 0 chunks | totals → 209856 docs / 0 chunks
  Flushed 64 docs | 0 chunks | totals → 209920 docs / 0 chunks
  Flushed 64 docs | 0 chunks | totals → 209984 docs / 0 chunks
  Flushed 64 docs | 0 chunks | totals → 210048 docs / 0 chunks
  Flushed 64 docs | 0 chunks | totals → 210112 docs / 0 chunks
  Flushed 64 docs | 0 chunks | totals → 210176 docs / 0 chunks
  Flushed 64 docs | 0 chunks | totals → 210240 docs / 0 chunks
  Flushed 64 docs | 0 chunks | totals → 210304 docs / 0 chunks
  Flushed 64 docs | 0 chunks | totals → 210368 docs / 0 chunks
  Flushed 64 docs | 0 chunks | totals → 210432 docs / 0 chunks
  Flushed 64 docs | 0 chunks | totals → 210496 docs / 0 chunks
  Flushed 64 docs | 0 chunks | totals → 210560 docs / 0 chunks
  Flushed 64 docs | 0 chunks | totals → 210624 docs / 0 chunks
  Flushed 64 docs | 0 chunks | totals → 210688 docs / 0 chunks
  Flushed 64 docs | 0 chunks | totals → 210752 docs / 0 chunks
  Flushed 64 docs | 0 chunks | totals → 210816 docs / 0 chunks
  Flushed 64 docs | 0 chunks | totals → 210880 docs / 0 chunks
  Flushed 64 docs | 0 chunks | totals → 210944 docs / 0 chunks
  Flushed 64 docs | 0 chunks | totals → 211008 docs / 0 chunks
  Flushed 64 docs | 0 chunks | totals → 211072 docs / 0 chunks
  Flushed 64 docs | 0 chunks | totals → 211136 docs / 0 chunks
  Flushed 64 docs | 0 chunks | totals → 211200 docs / 0 chunks
  Flushed 64 docs | 0 chunks | totals → 211264 docs / 0 chunks
  Flushed 64 docs | 0 chunks | totals → 211328 docs / 0 chunks
  Flushed 64 docs | 0 chunks | totals → 211392 docs / 0 chunks
  Flushed 64 docs | 0 chunks | totals → 211456 docs / 0 chunks
  Flushed 64 docs | 0 chunks | totals → 211520 docs / 0 chunks
  Flushed 64 docs | 0 chunks | totals → 211584 docs / 0 chunks
  Flushed 64 docs | 0 chunks | totals → 211648 docs / 0 chunks
  Flushed 64 docs | 0 chunks | totals → 211712 docs / 0 chunks
  Flushed 64 docs | 0 chunks | totals → 211776 docs / 0 chunks
  Flushed 64 docs | 0 chunks | totals → 211840 docs / 0 chunks
  Flushed 64 docs | 0 chunks | totals → 211904 docs / 0 chunks
  Flushed 64 docs | 0 chunks | totals → 211968 docs / 0 chunks
  Flushed 64 docs | 0 chunks | totals → 212032 docs / 0 chunks
  Flushed 64 docs | 0 chunks | totals → 212096 docs / 0 chunks
  Flushed 64 docs | 0 chunks | totals → 212160 docs / 0 chunks
  Flushed 64 docs | 0 chunks | totals → 212224 docs / 0 chunks
  Flushed 64 docs | 0 chunks | totals → 212288 docs / 0 chunks
  Flushed 64 docs | 0 chunks | totals → 212352 docs / 0 chunks
  Flushed 64 docs | 0 chunks | totals → 212416 docs / 0 chunks
  Flushed 64 docs | 0 chunks | totals → 212480 docs / 0 chunks
  Flushed 64 docs | 0 chunks | totals → 212544 docs / 0 chunks
  Flushed 64 docs | 0 chunks | totals → 212608 docs / 0 chunks
  Flushed 64 docs | 0 chunks | totals → 212672 docs / 0 chunks
  Flushed 64 docs | 0 chunks | totals → 212736 docs / 0 chunks
  Flushed 64 docs | 0 chunks | totals → 212800 docs / 0 chunks
  Flushed 64 docs | 0 chunks | totals → 212864 docs / 0 chunks
  Flushed 64 docs | 0 chunks | totals → 212928 docs / 0 chunks
  Flushed 64 docs | 0 chunks | totals → 212992 docs / 0 chunks
  Flushed 64 docs | 0 chunks | totals → 213056 docs / 0 chunks
  Flushed 64 docs | 0 chunks | totals → 213120 docs / 0 chunks
  Flushed 64 docs | 0 chunks | totals → 213184 docs / 0 chunks
  Flushed 64 docs | 0 chunks | totals → 213248 docs / 0 chunks
  Flushed 64 docs | 0 chunks | totals → 213312 docs / 0 chunks
  Flushed 64 docs | 0 chunks | totals → 213376 docs / 0 chunks
  Flushed 64 docs | 0 chunks | totals → 213440 docs / 0 chunks
  Flushed 64 docs | 0 chunks | totals → 213504 docs / 0 chunks
  Flushed 64 docs | 0 chunks | totals → 213568 docs / 0 chunks
  Flushed 64 docs | 0 chunks | totals → 213632 docs / 0 chunks
  Flushed 64 docs | 0 chunks | totals → 213696 docs / 0 chunks
  Flushed 64 docs | 0 chunks | totals → 213760 docs / 0 chunks
  Flushed 64 docs | 0 chunks | totals → 213824 docs / 0 chunks
  Flushed 64 docs | 0 chunks | totals → 213888 docs / 0 chunks
  Flushed 64 docs | 0 chunks | totals → 213952 docs / 0 chunks
  Flushed 64 docs | 0 chunks | totals → 214016 docs / 0 chunks
  Flushed 64 docs | 0 chunks | totals → 214080 docs / 0 chunks
  Flushed 64 docs | 0 chunks | totals → 214144 docs / 0 chunks
  Flushed 64 docs | 0 chunks | totals → 214208 docs / 0 chunks
  Flushed 64 docs | 0 chunks | totals → 214272 docs / 0 chunks
  Flushed 64 docs | 0 chunks | totals → 214336 docs / 0 chunks
  Flushed 64 docs | 0 chunks | totals → 214400 docs / 0 chunks
  Flushed 64 docs | 0 chunks | totals → 214464 docs / 0 chunks
  Flushed 64 docs | 0 chunks | totals → 214528 docs / 0 chunks
  Flushed 64 docs | 0 chunks | totals → 214592 docs / 0 chunks
  Flushed 64 docs | 0 chunks | totals → 214656 docs / 0 chunks
  Flushed 64 docs | 0 chunks | totals → 214720 docs / 0 chunks
  Flushed 64 docs | 0 chunks | totals → 214784 docs / 0 chunks
  Flushed 64 docs | 0 chunks | totals → 214848 docs / 0 chunks
  Flushed 64 docs | 0 chunks | totals → 214912 docs / 0 chunks
  Flushed 64 docs | 0 chunks | totals → 214976 docs / 0 chunks
  Flushed 64 docs | 0 chunks | totals → 215040 docs / 0 chunks
  Flushed 64 docs | 0 chunks | totals → 215104 docs / 0 chunks
  Flushed 64 docs | 0 chunks | totals → 215168 docs / 0 chunks
  Flushed 64 docs | 0 chunks | totals → 215232 docs / 0 chunks
  Flushed 64 docs | 0 chunks | totals → 215296 docs / 0 chunks
  Flushed 64 docs | 0 chunks | totals → 215360 docs / 0 chunks
  Flushed 64 docs | 0 chunks | totals → 215424 docs / 0 chunks
  Flushed 64 docs | 0 chunks | totals → 215488 docs / 0 chunks
  Flushed 64 docs | 0 chunks | totals → 215552 docs / 0 chunks
  Flushed 64 docs | 0 chunks | totals → 215616 docs / 0 chunks
  Flushed 64 docs | 0 chunks | totals → 215680 docs / 0 chunks
  Flushed 64 docs | 0 chunks | totals → 215744 docs / 0 chunks
  Flushed 64 docs | 0 chunks | totals → 215808 docs / 0 chunks
  Flushed 64 docs | 0 chunks | totals → 215872 docs / 0 chunks
  Flushed 64 docs | 0 chunks | totals → 215936 docs / 0 chunks
  Flushed 64 docs | 0 chunks | totals → 216000 docs / 0 chunks
  Flushed 64 docs | 0 chunks | totals → 216064 docs / 0 chunks
  Flushed 64 docs | 0 chunks | totals → 216128 docs / 0 chunks
  Flushed 64 docs | 0 chunks | totals → 216192 docs / 0 chunks
  Flushed 64 docs | 0 chunks | totals → 216256 docs / 0 chunks
  Flushed 64 docs | 0 chunks | totals → 216320 docs / 0 chunks
  Flushed 64 docs | 0 chunks | totals → 216384 docs / 0 chunks
  Flushed 64 docs | 0 chunks | totals → 216448 docs / 0 chunks
  Flushed 64 docs | 0 chunks | totals → 216512 docs / 0 chunks
  Flushed 64 docs | 0 chunks | totals → 216576 docs / 0 chunks
  Flushed 64 docs | 0 chunks | totals → 216640 docs / 0 chunks
  Flushed 64 docs | 0 chunks | totals → 216704 docs / 0 chunks
  Flushed 64 docs | 0 chunks | totals → 216768 docs / 0 chunks
  Flushed 64 docs | 0 chunks | totals → 216832 docs / 0 chunks
  Flushed 64 docs | 0 chunks | totals → 216896 docs / 0 chunks
  Flushed 64 docs | 0 chunks | totals → 216960 docs / 0 chunks
  Flushed 64 docs | 0 chunks | totals → 217024 docs / 0 chunks
  Flushed 64 docs | 0 chunks | totals → 217088 docs / 0 chunks
  Flushed 64 docs | 0 chunks | totals → 217152 docs / 0 chunks
  Flushed 64 docs | 0 chunks | totals → 217216 docs / 0 chunks
  Flushed 64 docs | 0 chunks | totals → 217280 docs / 0 chunks
  Flushed 64 docs | 0 chunks | totals → 217344 docs / 0 chunks
  Flushed 64 docs | 0 chunks | totals → 217408 docs / 0 chunks
  Flushed 64 docs | 0 chunks | totals → 217472 docs / 0 chunks
  Flushed 64 docs | 0 chunks | totals → 217536 docs / 0 chunks
  Flushed 64 docs | 0 chunks | totals → 217600 docs / 0 chunks
  Flushed 64 docs | 0 chunks | totals → 217664 docs / 0 chunks
  Flushed 64 docs | 0 chunks | totals → 217728 docs / 0 chunks
  Flushed 64 docs | 0 chunks | totals → 217792 docs / 0 chunks
  Flushed 64 docs | 0 chunks | totals → 217856 docs / 0 chunks
  Flushed 64 docs | 0 chunks | totals → 217920 docs / 0 chunks
  Flushed 64 docs | 0 chunks | totals → 217984 docs / 0 chunks
  Flushed 64 docs | 0 chunks | totals → 218048 docs / 0 chunks
  Flushed 64 docs | 0 chunks | totals → 218112 docs / 0 chunks
  Flushed 64 docs | 0 chunks | totals → 218176 docs / 0 chunks
  Flushed 64 docs | 0 chunks | totals → 218240 docs / 0 chunks
  Flushed 64 docs | 0 chunks | totals → 218304 docs / 0 chunks
  Flushed 64 docs | 0 chunks | totals → 218368 docs / 0 chunks
  Flushed 64 docs | 0 chunks | totals → 218432 docs / 0 chunks
  Flushed 64 docs | 0 chunks | totals → 218496 docs / 0 chunks
  Flushed 64 docs | 0 chunks | totals → 218560 docs / 0 chunks
  Flushed 64 docs | 0 chunks | totals → 218624 docs / 0 chunks
  Flushed 64 docs | 0 chunks | totals → 218688 docs / 0 chunks
  Flushed 64 docs | 0 chunks | totals → 218752 docs / 0 chunks
  Flushed 64 docs | 0 chunks | totals → 218816 docs / 0 chunks
  Flushed 64 docs | 0 chunks | totals → 218880 docs / 0 chunks
  Flushed 64 docs | 0 chunks | totals → 218944 docs / 0 chunks
  Flushed 64 docs | 0 chunks | totals → 219008 docs / 0 chunks
  Flushed 64 docs | 0 chunks | totals → 219072 docs / 0 chunks
  Flushed 64 docs | 0 chunks | totals → 219136 docs / 0 chunks
  Flushed 64 docs | 0 chunks | totals → 219200 docs / 0 chunks
  Flushed 64 docs | 0 chunks | totals → 219264 docs / 0 chunks
  Flushed 64 docs | 0 chunks | totals → 219328 docs / 0 chunks
  Flushed 64 docs | 0 chunks | totals → 219392 docs / 0 chunks
  Flushed 64 docs | 0 chunks | totals → 219456 docs / 0 chunks
  Flushed 64 docs | 0 chunks | totals → 219520 docs / 0 chunks
  Flushed 64 docs | 0 chunks | totals → 219584 docs / 0 chunks
  Flushed 64 docs | 0 chunks | totals → 219648 docs / 0 chunks
  Flushed 64 docs | 0 chunks | totals → 219712 docs / 0 chunks
  Flushed 64 docs | 0 chunks | totals → 219776 docs / 0 chunks
  Flushed 64 docs | 0 chunks | totals → 219840 docs / 0 chunks
  Flushed 64 docs | 0 chunks | totals → 219904 docs / 0 chunks
  Flushed 64 docs | 0 chunks | totals → 219968 docs / 0 chunks
  Flushed 64 docs | 0 chunks | totals → 220032 docs / 0 chunks
  Flushed 64 docs | 0 chunks | totals → 220096 docs / 0 chunks
  Flushed 64 docs | 0 chunks | totals → 220160 docs / 0 chunks
  Flushed 64 docs | 0 chunks | totals → 220224 docs / 0 chunks
  Flushed 64 docs | 0 chunks | totals → 220288 docs / 0 chunks
  Flushed 64 docs | 0 chunks | totals → 220352 docs / 0 chunks
  Flushed 64 docs | 0 chunks | totals → 220416 docs / 0 chunks
  Flushed 64 docs | 0 chunks | totals → 220480 docs / 0 chunks
  Flushed 64 docs | 0 chunks | totals → 220544 docs / 0 chunks
  Flushed 64 docs | 0 chunks | totals → 220608 docs / 0 chunks
  Flushed 64 docs | 0 chunks | totals → 220672 docs / 0 chunks
  Flushed 64 docs | 0 chunks | totals → 220736 docs / 0 chunks
  Flushed 64 docs | 0 chunks | totals → 220800 docs / 0 chunks
  Flushed 64 docs | 0 chunks | totals → 220864 docs / 0 chunks
  Flushed 64 docs | 0 chunks | totals → 220928 docs / 0 chunks
  Flushed 64 docs | 0 chunks | totals → 220992 docs / 0 chunks
  Flushed 64 docs | 0 chunks | totals → 221056 docs / 0 chunks
  Flushed 64 docs | 0 chunks | totals → 221120 docs / 0 chunks
  Flushed 64 docs | 0 chunks | totals → 221184 docs / 0 chunks
  Flushed 64 docs | 0 chunks | totals → 221248 docs / 0 chunks
  Flushed 64 docs | 0 chunks | totals → 221312 docs / 0 chunks
  Flushed 64 docs | 0 chunks | totals → 221376 docs / 0 chunks
  Flushed 64 docs | 0 chunks | totals → 221440 docs / 0 chunks
  Flushed 64 docs | 0 chunks | totals → 221504 docs / 0 chunks
  Flushed 64 docs | 0 chunks | totals → 221568 docs / 0 chunks
  Flushed 64 docs | 0 chunks | totals → 221632 docs / 0 chunks
  Flushed 64 docs | 0 chunks | totals → 221696 docs / 0 chunks
  Flushed 64 docs | 0 chunks | totals → 221760 docs / 0 chunks
  Flushed 64 docs | 0 chunks | totals → 221824 docs / 0 chunks
  Flushed 64 docs | 0 chunks | totals → 221888 docs / 0 chunks
  Flushed 64 docs | 0 chunks | totals → 221952 docs / 0 chunks
  Flushed 64 docs | 0 chunks | totals → 222016 docs / 0 chunks
  Flushed 64 docs | 0 chunks | totals → 222080 docs / 0 chunks
  Flushed 64 docs | 0 chunks | totals → 222144 docs / 0 chunks
  Flushed 64 docs | 0 chunks | totals → 222208 docs / 0 chunks
  Flushed 64 docs | 0 chunks | totals → 222272 docs / 0 chunks
  Flushed 64 docs | 0 chunks | totals → 222336 docs / 0 chunks
  Flushed 64 docs | 0 chunks | totals → 222400 docs / 0 chunks
  Flushed 64 docs | 0 chunks | totals → 222464 docs / 0 chunks
  Flushed 64 docs | 0 chunks | totals → 222528 docs / 0 chunks
  Flushed 64 docs | 0 chunks | totals → 222592 docs / 0 chunks
  Flushed 64 docs | 0 chunks | totals → 222656 docs / 0 chunks
  Flushed 64 docs | 0 chunks | totals → 222720 docs / 0 chunks
  Flushed 64 docs | 0 chunks | totals → 222784 docs / 0 chunks
  Flushed 64 docs | 0 chunks | totals → 222848 docs / 0 chunks
  Flushed 64 docs | 0 chunks | totals → 222912 docs / 0 chunks
  Flushed 64 docs | 0 chunks | totals → 222976 docs / 0 chunks
  Flushed 64 docs | 0 chunks | totals → 223040 docs / 0 chunks
  Flushed 64 docs | 0 chunks | totals → 223104 docs / 0 chunks
  Flushed 64 docs | 0 chunks | totals → 223168 docs / 0 chunks
  Flushed 64 docs | 0 chunks | totals → 223232 docs / 0 chunks
  Flushed 64 docs | 0 chunks | totals → 223296 docs / 0 chunks
  Flushed 64 docs | 0 chunks | totals → 223360 docs / 0 chunks
  Flushed 64 docs | 0 chunks | totals → 223424 docs / 0 chunks
  Flushed 64 docs | 0 chunks | totals → 223488 docs / 0 chunks
  Flushed 64 docs | 0 chunks | totals → 223552 docs / 0 chunks
  Flushed 64 docs | 0 chunks | totals → 223616 docs / 0 chunks
  Flushed 64 docs | 0 chunks | totals → 223680 docs / 0 chunks
  Flushed 64 docs | 0 chunks | totals → 223744 docs / 0 chunks
  Flushed 64 docs | 0 chunks | totals → 223808 docs / 0 chunks
  Flushed 64 docs | 0 chunks | totals → 223872 docs / 0 chunks
  Flushed 64 docs | 0 chunks | totals → 223936 docs / 0 chunks
  Flushed 64 docs | 0 chunks | totals → 224000 docs / 0 chunks
  Flushed 64 docs | 0 chunks | totals → 224064 docs / 0 chunks
  Flushed 64 docs | 0 chunks | totals → 224128 docs / 0 chunks
  Flushed 64 docs | 0 chunks | totals → 224192 docs / 0 chunks
  Flushed 64 docs | 0 chunks | totals → 224256 docs / 0 chunks
  Flushed 64 docs | 0 chunks | totals → 224320 docs / 0 chunks
  Flushed 64 docs | 0 chunks | totals → 224384 docs / 0 chunks
  Flushed 64 docs | 0 chunks | totals → 224448 docs / 0 chunks
  Flushed 64 docs | 0 chunks | totals → 224512 docs / 0 chunks
  Flushed 64 docs | 0 chunks | totals → 224576 docs / 0 chunks
  Flushed 64 docs | 0 chunks | totals → 224640 docs / 0 chunks
  Flushed 64 docs | 0 chunks | totals → 224704 docs / 0 chunks
  Flushed 64 docs | 0 chunks | totals → 224768 docs / 0 chunks
  Flushed 64 docs | 0 chunks | totals → 224832 docs / 0 chunks
  Flushed 64 docs | 0 chunks | totals → 224896 docs / 0 chunks
  Flushed 64 docs | 0 chunks | totals → 224960 docs / 0 chunks
  Flushed 64 docs | 0 chunks | totals → 225024 docs / 0 chunks
  Flushed 64 docs | 0 chunks | totals → 225088 docs / 0 chunks
  Flushed 64 docs | 0 chunks | totals → 225152 docs / 0 chunks
  Flushed 64 docs | 0 chunks | totals → 225216 docs / 0 chunks
  Flushed 64 docs | 0 chunks | totals → 225280 docs / 0 chunks
  Flushed 64 docs | 0 chunks | totals → 225344 docs / 0 chunks
  Flushed 64 docs | 0 chunks | totals → 225408 docs / 0 chunks
  Flushed 64 docs | 0 chunks | totals → 225472 docs / 0 chunks
  Flushed 64 docs | 0 chunks | totals → 225536 docs / 0 chunks
  Flushed 64 docs | 0 chunks | totals → 225600 docs / 0 chunks
  Flushed 64 docs | 0 chunks | totals → 225664 docs / 0 chunks
  Flushed 64 docs | 0 chunks | totals → 225728 docs / 0 chunks
  Flushed 64 docs | 0 chunks | totals → 225792 docs / 0 chunks
  Flushed 64 docs | 0 chunks | totals → 225856 docs / 0 chunks
  Flushed 64 docs | 0 chunks | totals → 225920 docs / 0 chunks
  Flushed 64 docs | 0 chunks | totals → 225984 docs / 0 chunks
  Flushed 64 docs | 0 chunks | totals → 226048 docs / 0 chunks
  Flushed 64 docs | 0 chunks | totals → 226112 docs / 0 chunks
  Flushed 64 docs | 0 chunks | totals → 226176 docs / 0 chunks
  Flushed 64 docs | 0 chunks | totals → 226240 docs / 0 chunks
  Flushed 64 docs | 0 chunks | totals → 226304 docs / 0 chunks
  Flushed 64 docs | 0 chunks | totals → 226368 docs / 0 chunks
  Flushed 64 docs | 0 chunks | totals → 226432 docs / 0 chunks
  Flushed 64 docs | 0 chunks | totals → 226496 docs / 0 chunks
  Flushed 64 docs | 0 chunks | totals → 226560 docs / 0 chunks
  Flushed 64 docs | 0 chunks | totals → 226624 docs / 0 chunks
  Flushed 64 docs | 0 chunks | totals → 226688 docs / 0 chunks
  Flushed 64 docs | 0 chunks | totals → 226752 docs / 0 chunks
  Flushed 64 docs | 0 chunks | totals → 226816 docs / 0 chunks
  Flushed 64 docs | 0 chunks | totals → 226880 docs / 0 chunks
  Flushed 64 docs | 0 chunks | totals → 226944 docs / 0 chunks
  Flushed 64 docs | 0 chunks | totals → 227008 docs / 0 chunks
  Flushed 64 docs | 0 chunks | totals → 227072 docs / 0 chunks
  Flushed 64 docs | 0 chunks | totals → 227136 docs / 0 chunks
  Flushed 64 docs | 0 chunks | totals → 227200 docs / 0 chunks
  Flushed 64 docs | 0 chunks | totals → 227264 docs / 0 chunks
  Flushed 64 docs | 0 chunks | totals → 227328 docs / 0 chunks
  Flushed 64 docs | 0 chunks | totals → 227392 docs / 0 chunks
  Flushed 64 docs | 0 chunks | totals → 227456 docs / 0 chunks
  Flushed 64 docs | 0 chunks | totals → 227520 docs / 0 chunks
  Flushed 64 docs | 0 chunks | totals → 227584 docs / 0 chunks
  Flushed 64 docs | 0 chunks | totals → 227648 docs / 0 chunks
  Flushed 64 docs | 0 chunks | totals → 227712 docs / 0 chunks
  Flushed 64 docs | 0 chunks | totals → 227776 docs / 0 chunks
  Flushed 64 docs | 0 chunks | totals → 227840 docs / 0 chunks
  Flushed 64 docs | 0 chunks | totals → 227904 docs / 0 chunks
  Flushed 64 docs | 0 chunks | totals → 227968 docs / 0 chunks
  Flushed 64 docs | 0 chunks | totals → 228032 docs / 0 chunks
  Flushed 64 docs | 0 chunks | totals → 228096 docs / 0 chunks
  Flushed 64 docs | 0 chunks | totals → 228160 docs / 0 chunks
  Flushed 64 docs | 0 chunks | totals → 228224 docs / 0 chunks
  Flushed 64 docs | 0 chunks | totals → 228288 docs / 0 chunks
  Flushed 64 docs | 0 chunks | totals → 228352 docs / 0 chunks
  Flushed 64 docs | 0 chunks | totals → 228416 docs / 0 chunks
  Flushed 64 docs | 0 chunks | totals → 228480 docs / 0 chunks
  Flushed 64 docs | 0 chunks | totals → 228544 docs / 0 chunks
  Flushed 64 docs | 0 chunks | totals → 228608 docs / 0 chunks
  Flushed 64 docs | 0 chunks | totals → 228672 docs / 0 chunks
  Flushed 64 docs | 0 chunks | totals → 228736 docs / 0 chunks
  Flushed 64 docs | 0 chunks | totals → 228800 docs / 0 chunks
  Flushed 64 docs | 0 chunks | totals → 228864 docs / 0 chunks
  Flushed 64 docs | 0 chunks | totals → 228928 docs / 0 chunks
  Flushed 64 docs | 0 chunks | totals → 228992 docs / 0 chunks
  Flushed 64 docs | 0 chunks | totals → 229056 docs / 0 chunks
  Flushed 64 docs | 0 chunks | totals → 229120 docs / 0 chunks
  Flushed 64 docs | 0 chunks | totals → 229184 docs / 0 chunks
  Flushed 64 docs | 0 chunks | totals → 229248 docs / 0 chunks
  Flushed 64 docs | 0 chunks | totals → 229312 docs / 0 chunks
  Flushed 64 docs | 0 chunks | totals → 229376 docs / 0 chunks
  Flushed 64 docs | 0 chunks | totals → 229440 docs / 0 chunks
  Flushed 64 docs | 0 chunks | totals → 229504 docs / 0 chunks
  Flushed 64 docs | 0 chunks | totals → 229568 docs / 0 chunks
  Flushed 64 docs | 0 chunks | totals → 229632 docs / 0 chunks
  Flushed 64 docs | 0 chunks | totals → 229696 docs / 0 chunks
  Flushed 64 docs | 0 chunks | totals → 229760 docs / 0 chunks
  Flushed 64 docs | 0 chunks | totals → 229824 docs / 0 chunks
  Flushed 64 docs | 0 chunks | totals → 229888 docs / 0 chunks
  Flushed 64 docs | 0 chunks | totals → 229952 docs / 0 chunks
  Flushed 64 docs | 0 chunks | totals → 230016 docs / 0 chunks
  Flushed 64 docs | 0 chunks | totals → 230080 docs / 0 chunks
  Flushed 64 docs | 0 chunks | totals → 230144 docs / 0 chunks
  Flushed 64 docs | 0 chunks | totals → 230208 docs / 0 chunks
  Flushed 64 docs | 0 chunks | totals → 230272 docs / 0 chunks
  Flushed 64 docs | 0 chunks | totals → 230336 docs / 0 chunks
  Flushed 64 docs | 0 chunks | totals → 230400 docs / 0 chunks
  Flushed 64 docs | 0 chunks | totals → 230464 docs / 0 chunks
  Flushed 64 docs | 0 chunks | totals → 230528 docs / 0 chunks
  Flushed 64 docs | 0 chunks | totals → 230592 docs / 0 chunks
  Flushed 64 docs | 0 chunks | totals → 230656 docs / 0 chunks
  Flushed 64 docs | 0 chunks | totals → 230720 docs / 0 chunks
  Flushed 64 docs | 0 chunks | totals → 230784 docs / 0 chunks
  Flushed 64 docs | 0 chunks | totals → 230848 docs / 0 chunks
  Flushed 64 docs | 0 chunks | totals → 230912 docs / 0 chunks
  Flushed 64 docs | 0 chunks | totals → 230976 docs / 0 chunks
  Flushed 64 docs | 0 chunks | totals → 231040 docs / 0 chunks
  Flushed 64 docs | 0 chunks | totals → 231104 docs / 0 chunks
  Flushed 64 docs | 0 chunks | totals → 231168 docs / 0 chunks
  Flushed 64 docs | 0 chunks | totals → 231232 docs / 0 chunks
  Flushed 64 docs | 0 chunks | totals → 231296 docs / 0 chunks
  Flushed 64 docs | 0 chunks | totals → 231360 docs / 0 chunks
  Flushed 64 docs | 0 chunks | totals → 231424 docs / 0 chunks
  Flushed 64 docs | 0 chunks | totals → 231488 docs / 0 chunks
  Flushed 64 docs | 0 chunks | totals → 231552 docs / 0 chunks
  Flushed 64 docs | 0 chunks | totals → 231616 docs / 0 chunks
  Flushed 64 docs | 0 chunks | totals → 231680 docs / 0 chunks
  Flushed 64 docs | 0 chunks | totals → 231744 docs / 0 chunks
  Flushed 64 docs | 0 chunks | totals → 231808 docs / 0 chunks
  Flushed 64 docs | 0 chunks | totals → 231872 docs / 0 chunks
  Flushed 64 docs | 0 chunks | totals → 231936 docs / 0 chunks
  Flushed 64 docs | 0 chunks | totals → 232000 docs / 0 chunks
  Flushed 64 docs | 0 chunks | totals → 232064 docs / 0 chunks
  Flushed 64 docs | 0 chunks | totals → 232128 docs / 0 chunks
  Flushed 64 docs | 0 chunks | totals → 232192 docs / 0 chunks
  Flushed 64 docs | 0 chunks | totals → 232256 docs / 0 chunks
  Flushed 64 docs | 0 chunks | totals → 232320 docs / 0 chunks
  Flushed 64 docs | 0 chunks | totals → 232384 docs / 0 chunks
  Flushed 64 docs | 0 chunks | totals → 232448 docs / 0 chunks
  Flushed 64 docs | 0 chunks | totals → 232512 docs / 0 chunks
  Flushed 64 docs | 0 chunks | totals → 232576 docs / 0 chunks
  Flushed 64 docs | 0 chunks | totals → 232640 docs / 0 chunks
  Flushed 64 docs | 0 chunks | totals → 232704 docs / 0 chunks
  Flushed 64 docs | 0 chunks | totals → 232768 docs / 0 chunks
  Flushed 64 docs | 0 chunks | totals → 232832 docs / 0 chunks
  Flushed 64 docs | 0 chunks | totals → 232896 docs / 0 chunks
  Flushed 64 docs | 0 chunks | totals → 232960 docs / 0 chunks
  Flushed 64 docs | 0 chunks | totals → 233024 docs / 0 chunks
  Flushed 64 docs | 0 chunks | totals → 233088 docs / 0 chunks
  Flushed 64 docs | 0 chunks | totals → 233152 docs / 0 chunks
  Flushed 64 docs | 0 chunks | totals → 233216 docs / 0 chunks
  Flushed 64 docs | 0 chunks | totals → 233280 docs / 0 chunks
  Flushed 64 docs | 0 chunks | totals → 233344 docs / 0 chunks
  Flushed 64 docs | 0 chunks | totals → 233408 docs / 0 chunks
  Flushed 64 docs | 0 chunks | totals → 233472 docs / 0 chunks
  Flushed 64 docs | 0 chunks | totals → 233536 docs / 0 chunks
  Flushed 64 docs | 0 chunks | totals → 233600 docs / 0 chunks
  Flushed 64 docs | 0 chunks | totals → 233664 docs / 0 chunks
  Flushed 64 docs | 0 chunks | totals → 233728 docs / 0 chunks
  Flushed 64 docs | 0 chunks | totals → 233792 docs / 0 chunks
  Flushed 64 docs | 0 chunks | totals → 233856 docs / 0 chunks
  Flushed 64 docs | 0 chunks | totals → 233920 docs / 0 chunks
  Flushed 64 docs | 0 chunks | totals → 233984 docs / 0 chunks
  Flushed 64 docs | 0 chunks | totals → 234048 docs / 0 chunks
  Flushed 64 docs | 0 chunks | totals → 234112 docs / 0 chunks
  Flushed 64 docs | 0 chunks | totals → 234176 docs / 0 chunks
  Flushed 64 docs | 0 chunks | totals → 234240 docs / 0 chunks
  Flushed 64 docs | 0 chunks | totals → 234304 docs / 0 chunks
  Flushed 64 docs | 0 chunks | totals → 234368 docs / 0 chunks
  Flushed 64 docs | 0 chunks | totals → 234432 docs / 0 chunks
  Flushed 64 docs | 0 chunks | totals → 234496 docs / 0 chunks
  Flushed 64 docs | 0 chunks | totals → 234560 docs / 0 chunks
  Flushed 64 docs | 0 chunks | totals → 234624 docs / 0 chunks
  Flushed 64 docs | 0 chunks | totals → 234688 docs / 0 chunks
  Flushed 64 docs | 0 chunks | totals → 234752 docs / 0 chunks
  Flushed 64 docs | 0 chunks | totals → 234816 docs / 0 chunks
  Flushed 64 docs | 0 chunks | totals → 234880 docs / 0 chunks
  Flushed 64 docs | 0 chunks | totals → 234944 docs / 0 chunks
  Flushed 64 docs | 0 chunks | totals → 235008 docs / 0 chunks
  Flushed 64 docs | 0 chunks | totals → 235072 docs / 0 chunks
  Flushed 64 docs | 0 chunks | totals → 235136 docs / 0 chunks
  Flushed 64 docs | 0 chunks | totals → 235200 docs / 0 chunks
  Flushed 64 docs | 0 chunks | totals → 235264 docs / 0 chunks
  Flushed 64 docs | 0 chunks | totals → 235328 docs / 0 chunks
  Flushed 64 docs | 0 chunks | totals → 235392 docs / 0 chunks
  Flushed 64 docs | 0 chunks | totals → 235456 docs / 0 chunks
  Flushed 64 docs | 0 chunks | totals → 235520 docs / 0 chunks
  Flushed 64 docs | 0 chunks | totals → 235584 docs / 0 chunks
  Flushed 64 docs | 0 chunks | totals → 235648 docs / 0 chunks
  Flushed 64 docs | 0 chunks | totals → 235712 docs / 0 chunks
  Flushed 64 docs | 0 chunks | totals → 235776 docs / 0 chunks
  Flushed 64 docs | 0 chunks | totals → 235840 docs / 0 chunks
  Flushed 64 docs | 0 chunks | totals → 235904 docs / 0 chunks
  Flushed 64 docs | 0 chunks | totals → 235968 docs / 0 chunks
  Flushed 64 docs | 0 chunks | totals → 236032 docs / 0 chunks
  Flushed 64 docs | 0 chunks | totals → 236096 docs / 0 chunks
  Flushed 64 docs | 0 chunks | totals → 236160 docs / 0 chunks
  Flushed 64 docs | 0 chunks | totals → 236224 docs / 0 chunks
  Flushed 64 docs | 0 chunks | totals → 236288 docs / 0 chunks
  Flushed 64 docs | 0 chunks | totals → 236352 docs / 0 chunks
  Flushed 64 docs | 0 chunks | totals → 236416 docs / 0 chunks
  Flushed 64 docs | 0 chunks | totals → 236480 docs / 0 chunks
  Flushed 64 docs | 0 chunks | totals → 236544 docs / 0 chunks
  Flushed 64 docs | 0 chunks | totals → 236608 docs / 0 chunks
  Flushed 64 docs | 0 chunks | totals → 236672 docs / 0 chunks
  Flushed 64 docs | 0 chunks | totals → 236736 docs / 0 chunks
  Flushed 64 docs | 0 chunks | totals → 236800 docs / 0 chunks
  Flushed 64 docs | 0 chunks | totals → 236864 docs / 0 chunks
  Flushed 64 docs | 0 chunks | totals → 236928 docs / 0 chunks
  Flushed 64 docs | 0 chunks | totals → 236992 docs / 0 chunks
  Flushed 64 docs | 0 chunks | totals → 237056 docs / 0 chunks
  Flushed 64 docs | 0 chunks | totals → 237120 docs / 0 chunks
  Flushed 64 docs | 0 chunks | totals → 237184 docs / 0 chunks
  Flushed 64 docs | 0 chunks | totals → 237248 docs / 0 chunks
  Flushed 64 docs | 0 chunks | totals → 237312 docs / 0 chunks
  Flushed 64 docs | 0 chunks | totals → 237376 docs / 0 chunks
  Flushed 64 docs | 0 chunks | totals → 237440 docs / 0 chunks
  Flushed 64 docs | 0 chunks | totals → 237504 docs / 0 chunks
  Flushed 64 docs | 0 chunks | totals → 237568 docs / 0 chunks
  Flushed 64 docs | 0 chunks | totals → 237632 docs / 0 chunks
  Flushed 64 docs | 0 chunks | totals → 237696 docs / 0 chunks
  Flushed 64 docs | 0 chunks | totals → 237760 docs / 0 chunks
  Flushed 64 docs | 0 chunks | totals → 237824 docs / 0 chunks
  Flushed 64 docs | 0 chunks | totals → 237888 docs / 0 chunks
  Flushed 64 docs | 0 chunks | totals → 237952 docs / 0 chunks
  Flushed 64 docs | 0 chunks | totals → 238016 docs / 0 chunks
  Flushed 64 docs | 0 chunks | totals → 238080 docs / 0 chunks
  Flushed 64 docs | 0 chunks | totals → 238144 docs / 0 chunks
  Flushed 64 docs | 0 chunks | totals → 238208 docs / 0 chunks
  Flushed 64 docs | 0 chunks | totals → 238272 docs / 0 chunks
  Flushed 64 docs | 0 chunks | totals → 238336 docs / 0 chunks
  Flushed 64 docs | 0 chunks | totals → 238400 docs / 0 chunks
  Flushed 64 docs | 0 chunks | totals → 238464 docs / 0 chunks
  Flushed 64 docs | 0 chunks | totals → 238528 docs / 0 chunks
  Flushed 64 docs | 0 chunks | totals → 238592 docs / 0 chunks
  Flushed 64 docs | 0 chunks | totals → 238656 docs / 0 chunks
  Flushed 64 docs | 0 chunks | totals → 238720 docs / 0 chunks
  Flushed 64 docs | 0 chunks | totals → 238784 docs / 0 chunks
  Flushed 64 docs | 0 chunks | totals → 238848 docs / 0 chunks
  Flushed 64 docs | 0 chunks | totals → 238912 docs / 0 chunks
  Flushed 64 docs | 0 chunks | totals → 238976 docs / 0 chunks
  Flushed 64 docs | 0 chunks | totals → 239040 docs / 0 chunks
  Flushed 64 docs | 0 chunks | totals → 239104 docs / 0 chunks
  Flushed 64 docs | 0 chunks | totals → 239168 docs / 0 chunks
  Flushed 64 docs | 0 chunks | totals → 239232 docs / 0 chunks
  Flushed 64 docs | 0 chunks | totals → 239296 docs / 0 chunks
  Flushed 64 docs | 0 chunks | totals → 239360 docs / 0 chunks
  Flushed 64 docs | 0 chunks | totals → 239424 docs / 0 chunks
  Flushed 64 docs | 0 chunks | totals → 239488 docs / 0 chunks
  Flushed 64 docs | 0 chunks | totals → 239552 docs / 0 chunks
  Flushed 64 docs | 0 chunks | totals → 239616 docs / 0 chunks
  Flushed 64 docs | 0 chunks | totals → 239680 docs / 0 chunks
  Flushed 64 docs | 0 chunks | totals → 239744 docs / 0 chunks
  Flushed 64 docs | 0 chunks | totals → 239808 docs / 0 chunks
  Flushed 64 docs | 0 chunks | totals → 239872 docs / 0 chunks
  Flushed 64 docs | 0 chunks | totals → 239936 docs / 0 chunks
  Flushed 64 docs | 0 chunks | totals → 240000 docs / 0 chunks
  Flushed 64 docs | 0 chunks | totals → 240064 docs / 0 chunks
  Flushed 64 docs | 0 chunks | totals → 240128 docs / 0 chunks
  Flushed 64 docs | 0 chunks | totals → 240192 docs / 0 chunks
  Flushed 64 docs | 0 chunks | totals → 240256 docs / 0 chunks
  Flushed 64 docs | 0 chunks | totals → 240320 docs / 0 chunks
  Flushed 64 docs | 0 chunks | totals → 240384 docs / 0 chunks
  Flushed 64 docs | 0 chunks | totals → 240448 docs / 0 chunks
  Flushed 64 docs | 0 chunks | totals → 240512 docs / 0 chunks
  Flushed 64 docs | 0 chunks | totals → 240576 docs / 0 chunks
  Flushed 64 docs | 0 chunks | totals → 240640 docs / 0 chunks
  Flushed 64 docs | 0 chunks | totals → 240704 docs / 0 chunks
  Flushed 64 docs | 0 chunks | totals → 240768 docs / 0 chunks
  Flushed 64 docs | 0 chunks | totals → 240832 docs / 0 chunks
  Flushed 64 docs | 0 chunks | totals → 240896 docs / 0 chunks
  Flushed 64 docs | 0 chunks | totals → 240960 docs / 0 chunks
  Flushed 64 docs | 0 chunks | totals → 241024 docs / 0 chunks
  Flushed 64 docs | 0 chunks | totals → 241088 docs / 0 chunks
  Flushed 64 docs | 0 chunks | totals → 241152 docs / 0 chunks
  Flushed 64 docs | 0 chunks | totals → 241216 docs / 0 chunks
  Flushed 64 docs | 0 chunks | totals → 241280 docs / 0 chunks
  Flushed 64 docs | 0 chunks | totals → 241344 docs / 0 chunks
  Flushed 64 docs | 0 chunks | totals → 241408 docs / 0 chunks
  Flushed 64 docs | 0 chunks | totals → 241472 docs / 0 chunks
  Flushed 64 docs | 0 chunks | totals → 241536 docs / 0 chunks
  Flushed 64 docs | 0 chunks | totals → 241600 docs / 0 chunks
  Flushed 64 docs | 0 chunks | totals → 241664 docs / 0 chunks
  Flushed 64 docs | 0 chunks | totals → 241728 docs / 0 chunks
  Flushed 64 docs | 0 chunks | totals → 241792 docs / 0 chunks
  Flushed 64 docs | 0 chunks | totals → 241856 docs / 0 chunks
  Flushed 64 docs | 0 chunks | totals → 241920 docs / 0 chunks
  Flushed 64 docs | 0 chunks | totals → 241984 docs / 0 chunks
  Flushed 64 docs | 0 chunks | totals → 242048 docs / 0 chunks
  Flushed 64 docs | 0 chunks | totals → 242112 docs / 0 chunks
  Flushed 64 docs | 0 chunks | totals → 242176 docs / 0 chunks
  Flushed 64 docs | 0 chunks | totals → 242240 docs / 0 chunks
  Flushed 64 docs | 0 chunks | totals → 242304 docs / 0 chunks
  Flushed 64 docs | 0 chunks | totals → 242368 docs / 0 chunks
  Flushed 64 docs | 0 chunks | totals → 242432 docs / 0 chunks
  Flushed 64 docs | 0 chunks | totals → 242496 docs / 0 chunks
  Flushed 64 docs | 0 chunks | totals → 242560 docs / 0 chunks
  Flushed 64 docs | 0 chunks | totals → 242624 docs / 0 chunks
  Flushed 64 docs | 0 chunks | totals → 242688 docs / 0 chunks
  Flushed 64 docs | 0 chunks | totals → 242752 docs / 0 chunks
  Flushed 64 docs | 0 chunks | totals → 242816 docs / 0 chunks
  Flushed 64 docs | 0 chunks | totals → 242880 docs / 0 chunks
  Flushed 64 docs | 0 chunks | totals → 242944 docs / 0 chunks
  Flushed 64 docs | 0 chunks | totals → 243008 docs / 0 chunks
  Flushed 64 docs | 0 chunks | totals → 243072 docs / 0 chunks
  Flushed 64 docs | 0 chunks | totals → 243136 docs / 0 chunks
  Flushed 64 docs | 0 chunks | totals → 243200 docs / 0 chunks
  Flushed 64 docs | 0 chunks | totals → 243264 docs / 0 chunks
  Flushed 64 docs | 0 chunks | totals → 243328 docs / 0 chunks
  Flushed 64 docs | 0 chunks | totals → 243392 docs / 0 chunks
  Flushed 64 docs | 0 chunks | totals → 243456 docs / 0 chunks
  Flushed 64 docs | 0 chunks | totals → 243520 docs / 0 chunks
  Flushed 64 docs | 0 chunks | totals → 243584 docs / 0 chunks
  Flushed 64 docs | 0 chunks | totals → 243648 docs / 0 chunks
  Flushed 64 docs | 0 chunks | totals → 243712 docs / 0 chunks
  Flushed 64 docs | 0 chunks | totals → 243776 docs / 0 chunks
  Flushed 64 docs | 0 chunks | totals → 243840 docs / 0 chunks
  Flushed 64 docs | 0 chunks | totals → 243904 docs / 0 chunks
  Flushed 64 docs | 0 chunks | totals → 243968 docs / 0 chunks
  Flushed 64 docs | 0 chunks | totals → 244032 docs / 0 chunks
  Flushed 64 docs | 0 chunks | totals → 244096 docs / 0 chunks
  Flushed 64 docs | 0 chunks | totals → 244160 docs / 0 chunks
  Flushed 64 docs | 0 chunks | totals → 244224 docs / 0 chunks
  Flushed 64 docs | 0 chunks | totals → 244288 docs / 0 chunks
  Flushed 64 docs | 0 chunks | totals → 244352 docs / 0 chunks
  Flushed 64 docs | 0 chunks | totals → 244416 docs / 0 chunks
  Flushed 64 docs | 0 chunks | totals → 244480 docs / 0 chunks
  Flushed 64 docs | 0 chunks | totals → 244544 docs / 0 chunks
  Flushed 64 docs | 0 chunks | totals → 244608 docs / 0 chunks
  Flushed 64 docs | 0 chunks | totals → 244672 docs / 0 chunks
  Flushed 64 docs | 0 chunks | totals → 244736 docs / 0 chunks
  Flushed 64 docs | 0 chunks | totals → 244800 docs / 0 chunks
  Flushed 64 docs | 0 chunks | totals → 244864 docs / 0 chunks
  Flushed 64 docs | 0 chunks | totals → 244928 docs / 0 chunks
  Flushed 64 docs | 0 chunks | totals → 244992 docs / 0 chunks
  Flushed 64 docs | 0 chunks | totals → 245056 docs / 0 chunks
  Flushed 64 docs | 0 chunks | totals → 245120 docs / 0 chunks
  Flushed 64 docs | 0 chunks | totals → 245184 docs / 0 chunks
  Flushed 64 docs | 0 chunks | totals → 245248 docs / 0 chunks
  Flushed 64 docs | 0 chunks | totals → 245312 docs / 0 chunks
  Flushed 64 docs | 0 chunks | totals → 245376 docs / 0 chunks
  Flushed 64 docs | 0 chunks | totals → 245440 docs / 0 chunks
  Flushed 64 docs | 0 chunks | totals → 245504 docs / 0 chunks
  Flushed 64 docs | 0 chunks | totals → 245568 docs / 0 chunks
  Flushed 64 docs | 0 chunks | totals → 245632 docs / 0 chunks
  Flushed 64 docs | 0 chunks | totals → 245696 docs / 0 chunks
  Flushed 64 docs | 0 chunks | totals → 245760 docs / 0 chunks
  Flushed 64 docs | 0 chunks | totals → 245824 docs / 0 chunks
  Flushed 64 docs | 0 chunks | totals → 245888 docs / 0 chunks
  Flushed 64 docs | 0 chunks | totals → 245952 docs / 0 chunks
  Flushed 64 docs | 0 chunks | totals → 246016 docs / 0 chunks
  Flushed 64 docs | 0 chunks | totals → 246080 docs / 0 chunks
  Flushed 64 docs | 0 chunks | totals → 246144 docs / 0 chunks
  Flushed 64 docs | 0 chunks | totals → 246208 docs / 0 chunks
  Flushed 64 docs | 0 chunks | totals → 246272 docs / 0 chunks
  Flushed 64 docs | 0 chunks | totals → 246336 docs / 0 chunks
  Flushed 64 docs | 0 chunks | totals → 246400 docs / 0 chunks
  Flushed 64 docs | 0 chunks | totals → 246464 docs / 0 chunks
  Flushed 64 docs | 0 chunks | totals → 246528 docs / 0 chunks
  Flushed 64 docs | 0 chunks | totals → 246592 docs / 0 chunks
  Flushed 64 docs | 0 chunks | totals → 246656 docs / 0 chunks
  Flushed 64 docs | 0 chunks | totals → 246720 docs / 0 chunks
  Flushed 64 docs | 0 chunks | totals → 246784 docs / 0 chunks
  Flushed 64 docs | 0 chunks | totals → 246848 docs / 0 chunks
  Flushed 64 docs | 0 chunks | totals → 246912 docs / 0 chunks
  Flushed 64 docs | 0 chunks | totals → 246976 docs / 0 chunks
  Flushed 64 docs | 0 chunks | totals → 247040 docs / 0 chunks
  Flushed 64 docs | 0 chunks | totals → 247104 docs / 0 chunks
  Flushed 64 docs | 0 chunks | totals → 247168 docs / 0 chunks
  Flushed 64 docs | 0 chunks | totals → 247232 docs / 0 chunks
  Flushed 64 docs | 0 chunks | totals → 247296 docs / 0 chunks
  Flushed 64 docs | 0 chunks | totals → 247360 docs / 0 chunks
  Flushed 64 docs | 0 chunks | totals → 247424 docs / 0 chunks
  Flushed 64 docs | 0 chunks | totals → 247488 docs / 0 chunks
  Flushed 64 docs | 0 chunks | totals → 247552 docs / 0 chunks
  Flushed 64 docs | 0 chunks | totals → 247616 docs / 0 chunks
  Flushed 64 docs | 0 chunks | totals → 247680 docs / 0 chunks
  Flushed 64 docs | 0 chunks | totals → 247744 docs / 0 chunks
  Flushed 64 docs | 0 chunks | totals → 247808 docs / 0 chunks
  Flushed 64 docs | 0 chunks | totals → 247872 docs / 0 chunks
  Flushed 64 docs | 0 chunks | totals → 247936 docs / 0 chunks
  Flushed 64 docs | 0 chunks | totals → 248000 docs / 0 chunks
  Flushed 64 docs | 0 chunks | totals → 248064 docs / 0 chunks
  Flushed 64 docs | 0 chunks | totals → 248128 docs / 0 chunks
  Flushed 64 docs | 0 chunks | totals → 248192 docs / 0 chunks
  Flushed 64 docs | 0 chunks | totals → 248256 docs / 0 chunks
  Flushed 64 docs | 0 chunks | totals → 248320 docs / 0 chunks
  Flushed 64 docs | 0 chunks | totals → 248384 docs / 0 chunks
  Flushed 64 docs | 0 chunks | totals → 248448 docs / 0 chunks
  Flushed 64 docs | 0 chunks | totals → 248512 docs / 0 chunks
  Flushed 64 docs | 0 chunks | totals → 248576 docs / 0 chunks
  Flushed 64 docs | 0 chunks | totals → 248640 docs / 0 chunks
  Flushed 64 docs | 0 chunks | totals → 248704 docs / 0 chunks
  Flushed 64 docs | 0 chunks | totals → 248768 docs / 0 chunks
  Flushed 64 docs | 0 chunks | totals → 248832 docs / 0 chunks
  Flushed 64 docs | 0 chunks | totals → 248896 docs / 0 chunks
  Flushed 64 docs | 0 chunks | totals → 248960 docs / 0 chunks
  Flushed 64 docs | 0 chunks | totals → 249024 docs / 0 chunks
  Flushed 64 docs | 0 chunks | totals → 249088 docs / 0 chunks
  Flushed 64 docs | 0 chunks | totals → 249152 docs / 0 chunks
  Flushed 64 docs | 0 chunks | totals → 249216 docs / 0 chunks
  Flushed 64 docs | 0 chunks | totals → 249280 docs / 0 chunks
  Flushed 64 docs | 0 chunks | totals → 249344 docs / 0 chunks
  Flushed 64 docs | 0 chunks | totals → 249408 docs / 0 chunks
  Flushed 64 docs | 0 chunks | totals → 249472 docs / 0 chunks
  Flushed 64 docs | 0 chunks | totals → 249536 docs / 0 chunks
  Flushed 64 docs | 0 chunks | totals → 249600 docs / 0 chunks
  Flushed 64 docs | 0 chunks | totals → 249664 docs / 0 chunks
  Flushed 64 docs | 0 chunks | totals → 249728 docs / 0 chunks
  Flushed 64 docs | 0 chunks | totals → 249792 docs / 0 chunks
  Flushed 64 docs | 0 chunks | totals → 249856 docs / 0 chunks
  Flushed 64 docs | 0 chunks | totals → 249920 docs / 0 chunks
  Flushed 64 docs | 0 chunks | totals → 249984 docs / 0 chunks
  Flushed 64 docs | 0 chunks | totals → 250048 docs / 0 chunks
  Flushed 64 docs | 0 chunks | totals → 250112 docs / 0 chunks
  Flushed 64 docs | 0 chunks | totals → 250176 docs / 0 chunks
  Flushed 64 docs | 0 chunks | totals → 250240 docs / 0 chunks
  Flushed 64 docs | 0 chunks | totals → 250304 docs / 0 chunks
  Flushed 64 docs | 0 chunks | totals → 250368 docs / 0 chunks
  Flushed 64 docs | 0 chunks | totals → 250432 docs / 0 chunks
  Flushed 64 docs | 0 chunks | totals → 250496 docs / 0 chunks
  Flushed 64 docs | 0 chunks | totals → 250560 docs / 0 chunks
  Flushed 64 docs | 0 chunks | totals → 250624 docs / 0 chunks
  Flushed 64 docs | 0 chunks | totals → 250688 docs / 0 chunks
  Flushed 64 docs | 0 chunks | totals → 250752 docs / 0 chunks
  Flushed 64 docs | 0 chunks | totals → 250816 docs / 0 chunks
  Flushed 64 docs | 0 chunks | totals → 250880 docs / 0 chunks
  Flushed 64 docs | 0 chunks | totals → 250944 docs / 0 chunks
  Flushed 64 docs | 0 chunks | totals → 251008 docs / 0 chunks
  Flushed 64 docs | 0 chunks | totals → 251072 docs / 0 chunks
  Flushed 64 docs | 0 chunks | totals → 251136 docs / 0 chunks
  Flushed 64 docs | 0 chunks | totals → 251200 docs / 0 chunks
  Flushed 64 docs | 0 chunks | totals → 251264 docs / 0 chunks
  Flushed 64 docs | 0 chunks | totals → 251328 docs / 0 chunks
  Flushed 64 docs | 0 chunks | totals → 251392 docs / 0 chunks
  Flushed 64 docs | 0 chunks | totals → 251456 docs / 0 chunks
  Flushed 64 docs | 0 chunks | totals → 251520 docs / 0 chunks
  Flushed 64 docs | 0 chunks | totals → 251584 docs / 0 chunks
  Flushed 64 docs | 0 chunks | totals → 251648 docs / 0 chunks
  Flushed 64 docs | 0 chunks | totals → 251712 docs / 0 chunks
  Flushed 64 docs | 0 chunks | totals → 251776 docs / 0 chunks
  Flushed 64 docs | 0 chunks | totals → 251840 docs / 0 chunks
  Flushed 64 docs | 0 chunks | totals → 251904 docs / 0 chunks
  Flushed 64 docs | 0 chunks | totals → 251968 docs / 0 chunks
  Flushed 64 docs | 0 chunks | totals → 252032 docs / 0 chunks
  Flushed 64 docs | 0 chunks | totals → 252096 docs / 0 chunks
  Flushed 64 docs | 0 chunks | totals → 252160 docs / 0 chunks
  Flushed 64 docs | 0 chunks | totals → 252224 docs / 0 chunks
  Flushed 64 docs | 0 chunks | totals → 252288 docs / 0 chunks
  Flushed 64 docs | 0 chunks | totals → 252352 docs / 0 chunks
  Flushed 64 docs | 0 chunks | totals → 252416 docs / 0 chunks
  Flushed 64 docs | 0 chunks | totals → 252480 docs / 0 chunks
  Flushed 64 docs | 0 chunks | totals → 252544 docs / 0 chunks
  Flushed 64 docs | 0 chunks | totals → 252608 docs / 0 chunks
  Flushed 64 docs | 0 chunks | totals → 252672 docs / 0 chunks
  Flushed 64 docs | 0 chunks | totals → 252736 docs / 0 chunks
  Flushed 64 docs | 0 chunks | totals → 252800 docs / 0 chunks
  Flushed 64 docs | 0 chunks | totals → 252864 docs / 0 chunks
  Flushed 64 docs | 0 chunks | totals → 252928 docs / 0 chunks
  Flushed 64 docs | 0 chunks | totals → 252992 docs / 0 chunks
  Flushed 64 docs | 0 chunks | totals → 253056 docs / 0 chunks
  Flushed 64 docs | 0 chunks | totals → 253120 docs / 0 chunks
  Flushed 64 docs | 0 chunks | totals → 253184 docs / 0 chunks
  Flushed 64 docs | 0 chunks | totals → 253248 docs / 0 chunks
  Flushed 64 docs | 0 chunks | totals → 253312 docs / 0 chunks
  Flushed 64 docs | 0 chunks | totals → 253376 docs / 0 chunks
  Flushed 64 docs | 0 chunks | totals → 253440 docs / 0 chunks
  Flushed 64 docs | 0 chunks | totals → 253504 docs / 0 chunks
  Flushed 64 docs | 0 chunks | totals → 253568 docs / 0 chunks
  Flushed 64 docs | 0 chunks | totals → 253632 docs / 0 chunks
  Flushed 64 docs | 0 chunks | totals → 253696 docs / 0 chunks
  Flushed 64 docs | 0 chunks | totals → 253760 docs / 0 chunks
  Flushed 64 docs | 0 chunks | totals → 253824 docs / 0 chunks
  Flushed 64 docs | 0 chunks | totals → 253888 docs / 0 chunks
  Flushed 64 docs | 0 chunks | totals → 253952 docs / 0 chunks
  Flushed 64 docs | 0 chunks | totals → 254016 docs / 0 chunks
  Flushed 64 docs | 0 chunks | totals → 254080 docs / 0 chunks
  Flushed 64 docs | 0 chunks | totals → 254144 docs / 0 chunks
  Flushed 64 docs | 0 chunks | totals → 254208 docs / 0 chunks
  Flushed 64 docs | 0 chunks | totals → 254272 docs / 0 chunks
  Flushed 64 docs | 0 chunks | totals → 254336 docs / 0 chunks
  Flushed 64 docs | 0 chunks | totals → 254400 docs / 0 chunks
  Flushed 64 docs | 0 chunks | totals → 254464 docs / 0 chunks
  Flushed 64 docs | 0 chunks | totals → 254528 docs / 0 chunks
  Flushed 64 docs | 0 chunks | totals → 254592 docs / 0 chunks
  Flushed 64 docs | 0 chunks | totals → 254656 docs / 0 chunks
  Flushed 64 docs | 0 chunks | totals → 254720 docs / 0 chunks
  Flushed 64 docs | 0 chunks | totals → 254784 docs / 0 chunks
  Flushed 64 docs | 0 chunks | totals → 254848 docs / 0 chunks
  Flushed 64 docs | 0 chunks | totals → 254912 docs / 0 chunks
  Flushed 64 docs | 0 chunks | totals → 254976 docs / 0 chunks
  Flushed 64 docs | 0 chunks | totals → 255040 docs / 0 chunks
  Flushed 64 docs | 0 chunks | totals → 255104 docs / 0 chunks
  Flushed 64 docs | 0 chunks | totals → 255168 docs / 0 chunks
  Flushed 64 docs | 0 chunks | totals → 255232 docs / 0 chunks
  Flushed 64 docs | 0 chunks | totals → 255296 docs / 0 chunks
  Flushed 64 docs | 0 chunks | totals → 255360 docs / 0 chunks
  Flushed 64 docs | 0 chunks | totals → 255424 docs / 0 chunks
  Flushed 64 docs | 0 chunks | totals → 255488 docs / 0 chunks
  Flushed 64 docs | 0 chunks | totals → 255552 docs / 0 chunks
  Flushed 64 docs | 0 chunks | totals → 255616 docs / 0 chunks
  Flushed 64 docs | 0 chunks | totals → 255680 docs / 0 chunks
  Flushed 64 docs | 0 chunks | totals → 255744 docs / 0 chunks
  Flushed 64 docs | 0 chunks | totals → 255808 docs / 0 chunks
  Flushed 64 docs | 0 chunks | totals → 255872 docs / 0 chunks
  Flushed 64 docs | 0 chunks | totals → 255936 docs / 0 chunks
  Flushed 64 docs | 0 chunks | totals → 256000 docs / 0 chunks
  Flushed 64 docs | 0 chunks | totals → 256064 docs / 0 chunks
  Flushed 64 docs | 0 chunks | totals → 256128 docs / 0 chunks
  Flushed 64 docs | 0 chunks | totals → 256192 docs / 0 chunks
  Flushed 64 docs | 0 chunks | totals → 256256 docs / 0 chunks
  Flushed 64 docs | 0 chunks | totals → 256320 docs / 0 chunks
  Flushed 64 docs | 0 chunks | totals → 256384 docs / 0 chunks
  Flushed 64 docs | 0 chunks | totals → 256448 docs / 0 chunks
  Flushed 64 docs | 0 chunks | totals → 256512 docs / 0 chunks
  Flushed 64 docs | 0 chunks | totals → 256576 docs / 0 chunks
  Flushed 64 docs | 0 chunks | totals → 256640 docs / 0 chunks
  Flushed 64 docs | 0 chunks | totals → 256704 docs / 0 chunks
  Flushed 64 docs | 0 chunks | totals → 256768 docs / 0 chunks
  Flushed 64 docs | 0 chunks | totals → 256832 docs / 0 chunks
  Flushed 64 docs | 0 chunks | totals → 256896 docs / 0 chunks
  Flushed 64 docs | 0 chunks | totals → 256960 docs / 0 chunks
  Flushed 64 docs | 0 chunks | totals → 257024 docs / 0 chunks
  Flushed 64 docs | 0 chunks | totals → 257088 docs / 0 chunks
  Flushed 64 docs | 0 chunks | totals → 257152 docs / 0 chunks
  Flushed 64 docs | 0 chunks | totals → 257216 docs / 0 chunks
  Flushed 64 docs | 0 chunks | totals → 257280 docs / 0 chunks
  Flushed 64 docs | 0 chunks | totals → 257344 docs / 0 chunks
  Flushed 64 docs | 0 chunks | totals → 257408 docs / 0 chunks
  Flushed 64 docs | 0 chunks | totals → 257472 docs / 0 chunks
  Flushed 64 docs | 0 chunks | totals → 257536 docs / 0 chunks
  Flushed 64 docs | 0 chunks | totals → 257600 docs / 0 chunks
  Flushed 64 docs | 0 chunks | totals → 257664 docs / 0 chunks
  Flushed 64 docs | 0 chunks | totals → 257728 docs / 0 chunks
  Flushed 64 docs | 0 chunks | totals → 257792 docs / 0 chunks
  Flushed 64 docs | 0 chunks | totals → 257856 docs / 0 chunks
  Flushed 64 docs | 0 chunks | totals → 257920 docs / 0 chunks
  Flushed 64 docs | 0 chunks | totals → 257984 docs / 0 chunks
  Flushed 64 docs | 0 chunks | totals → 258048 docs / 0 chunks
  Flushed 64 docs | 0 chunks | totals → 258112 docs / 0 chunks
  Flushed 64 docs | 0 chunks | totals → 258176 docs / 0 chunks
  Flushed 64 docs | 0 chunks | totals → 258240 docs / 0 chunks
  Flushed 64 docs | 0 chunks | totals → 258304 docs / 0 chunks
  Flushed 64 docs | 0 chunks | totals → 258368 docs / 0 chunks
  Flushed 64 docs | 0 chunks | totals → 258432 docs / 0 chunks
  Flushed 64 docs | 0 chunks | totals → 258496 docs / 0 chunks
  Flushed 64 docs | 0 chunks | totals → 258560 docs / 0 chunks
  Flushed 64 docs | 0 chunks | totals → 258624 docs / 0 chunks
  Flushed 64 docs | 0 chunks | totals → 258688 docs / 0 chunks
  Flushed 64 docs | 0 chunks | totals → 258752 docs / 0 chunks
  Flushed 64 docs | 0 chunks | totals → 258816 docs / 0 chunks
  Flushed 64 docs | 0 chunks | totals → 258880 docs / 0 chunks
  Flushed 64 docs | 0 chunks | totals → 258944 docs / 0 chunks
  Flushed 64 docs | 0 chunks | totals → 259008 docs / 0 chunks
  Flushed 64 docs | 0 chunks | totals → 259072 docs / 0 chunks
  Flushed 64 docs | 0 chunks | totals → 259136 docs / 0 chunks
  Flushed 64 docs | 0 chunks | totals → 259200 docs / 0 chunks
  Flushed 64 docs | 0 chunks | totals → 259264 docs / 0 chunks
  Flushed 64 docs | 0 chunks | totals → 259328 docs / 0 chunks
  Flushed 64 docs | 0 chunks | totals → 259392 docs / 0 chunks
  Flushed 64 docs | 0 chunks | totals → 259456 docs / 0 chunks
  Flushed 64 docs | 0 chunks | totals → 259520 docs / 0 chunks
  Flushed 64 docs | 0 chunks | totals → 259584 docs / 0 chunks
  Flushed 64 docs | 0 chunks | totals → 259648 docs / 0 chunks
  Flushed 64 docs | 0 chunks | totals → 259712 docs / 0 chunks
  Flushed 64 docs | 0 chunks | totals → 259776 docs / 0 chunks
  Flushed 64 docs | 0 chunks | totals → 259840 docs / 0 chunks
  Flushed 64 docs | 0 chunks | totals → 259904 docs / 0 chunks
  Flushed 64 docs | 0 chunks | totals → 259968 docs / 0 chunks
  Flushed 64 docs | 0 chunks | totals → 260032 docs / 0 chunks
  Flushed 64 docs | 0 chunks | totals → 260096 docs / 0 chunks
  Flushed 64 docs | 0 chunks | totals → 260160 docs / 0 chunks
  Flushed 64 docs | 0 chunks | totals → 260224 docs / 0 chunks
  Flushed 64 docs | 0 chunks | totals → 260288 docs / 0 chunks
  Flushed 64 docs | 0 chunks | totals → 260352 docs / 0 chunks
  Flushed 64 docs | 0 chunks | totals → 260416 docs / 0 chunks
  Flushed 64 docs | 0 chunks | totals → 260480 docs / 0 chunks
  Flushed 64 docs | 0 chunks | totals → 260544 docs / 0 chunks
  Flushed 64 docs | 0 chunks | totals → 260608 docs / 0 chunks
  Flushed 64 docs | 0 chunks | totals → 260672 docs / 0 chunks
  Flushed 64 docs | 0 chunks | totals → 260736 docs / 0 chunks
  Flushed 64 docs | 0 chunks | totals → 260800 docs / 0 chunks
  Flushed 64 docs | 0 chunks | totals → 260864 docs / 0 chunks
  Flushed 64 docs | 0 chunks | totals → 260928 docs / 0 chunks
  Flushed 64 docs | 0 chunks | totals → 260992 docs / 0 chunks
  Flushed 64 docs | 0 chunks | totals → 261056 docs / 0 chunks
  Flushed 64 docs | 0 chunks | totals → 261120 docs / 0 chunks
  Flushed 64 docs | 0 chunks | totals → 261184 docs / 0 chunks
  Flushed 64 docs | 0 chunks | totals → 261248 docs / 0 chunks
  Flushed 64 docs | 0 chunks | totals → 261312 docs / 0 chunks
  Flushed 64 docs | 0 chunks | totals → 261376 docs / 0 chunks
  Flushed 64 docs | 0 chunks | totals → 261440 docs / 0 chunks
  Flushed 64 docs | 0 chunks | totals → 261504 docs / 0 chunks
  Flushed 64 docs | 0 chunks | totals → 261568 docs / 0 chunks
  Flushed 64 docs | 0 chunks | totals → 261632 docs / 0 chunks
  Flushed 64 docs | 0 chunks | totals → 261696 docs / 0 chunks
  Flushed 64 docs | 0 chunks | totals → 261760 docs / 0 chunks
  Flushed 64 docs | 0 chunks | totals → 261824 docs / 0 chunks
  Flushed 64 docs | 0 chunks | totals → 261888 docs / 0 chunks
  Flushed 64 docs | 0 chunks | totals → 261952 docs / 0 chunks
  Flushed 64 docs | 0 chunks | totals → 262016 docs / 0 chunks
  Flushed 64 docs | 0 chunks | totals → 262080 docs / 0 chunks
  Flushed 64 docs | 0 chunks | totals → 262144 docs / 0 chunks
  Flushed 64 docs | 0 chunks | totals → 262208 docs / 0 chunks
  Flushed 64 docs | 0 chunks | totals → 262272 docs / 0 chunks
  Flushed 64 docs | 0 chunks | totals → 262336 docs / 0 chunks
  Flushed 64 docs | 0 chunks | totals → 262400 docs / 0 chunks
  Flushed 64 docs | 0 chunks | totals → 262464 docs / 0 chunks
  Flushed 64 docs | 0 chunks | totals → 262528 docs / 0 chunks
  Flushed 64 docs | 0 chunks | totals → 262592 docs / 0 chunks
  Flushed 64 docs | 0 chunks | totals → 262656 docs / 0 chunks
  Flushed 64 docs | 0 chunks | totals → 262720 docs / 0 chunks
  Flushed 64 docs | 0 chunks | totals → 262784 docs / 0 chunks
  Flushed 64 docs | 0 chunks | totals → 262848 docs / 0 chunks
  Flushed 64 docs | 0 chunks | totals → 262912 docs / 0 chunks
  Flushed 64 docs | 0 chunks | totals → 262976 docs / 0 chunks
  Flushed 64 docs | 0 chunks | totals → 263040 docs / 0 chunks
  Flushed 64 docs | 0 chunks | totals → 263104 docs / 0 chunks
  Flushed 64 docs | 0 chunks | totals → 263168 docs / 0 chunks
  Flushed 64 docs | 0 chunks | totals → 263232 docs / 0 chunks
  Flushed 64 docs | 0 chunks | totals → 263296 docs / 0 chunks
  Flushed 64 docs | 0 chunks | totals → 263360 docs / 0 chunks
  Flushed 64 docs | 0 chunks | totals → 263424 docs / 0 chunks
  Flushed 64 docs | 0 chunks | totals → 263488 docs / 0 chunks
  Flushed 64 docs | 0 chunks | totals → 263552 docs / 0 chunks
  Flushed 64 docs | 0 chunks | totals → 263616 docs / 0 chunks
  Flushed 64 docs | 0 chunks | totals → 263680 docs / 0 chunks
  Flushed 64 docs | 0 chunks | totals → 263744 docs / 0 chunks
  Flushed 64 docs | 0 chunks | totals → 263808 docs / 0 chunks
  Flushed 64 docs | 0 chunks | totals → 263872 docs / 0 chunks
  Flushed 64 docs | 0 chunks | totals → 263936 docs / 0 chunks
  Flushed 64 docs | 0 chunks | totals → 264000 docs / 0 chunks
  Flushed 64 docs | 0 chunks | totals → 264064 docs / 0 chunks
  Flushed 64 docs | 0 chunks | totals → 264128 docs / 0 chunks
  Flushed 64 docs | 0 chunks | totals → 264192 docs / 0 chunks
  Flushed 64 docs | 0 chunks | totals → 264256 docs / 0 chunks
  Flushed 64 docs | 0 chunks | totals → 264320 docs / 0 chunks
  Flushed 64 docs | 0 chunks | totals → 264384 docs / 0 chunks
  Flushed 64 docs | 0 chunks | totals → 264448 docs / 0 chunks
  Flushed 64 docs | 0 chunks | totals → 264512 docs / 0 chunks
  Flushed 64 docs | 0 chunks | totals → 264576 docs / 0 chunks
  Flushed 64 docs | 0 chunks | totals → 264640 docs / 0 chunks
  Flushed 64 docs | 0 chunks | totals → 264704 docs / 0 chunks
  Flushed 64 docs | 0 chunks | totals → 264768 docs / 0 chunks
  Flushed 64 docs | 0 chunks | totals → 264832 docs / 0 chunks
  Flushed 64 docs | 0 chunks | totals → 264896 docs / 0 chunks
  Flushed 64 docs | 0 chunks | totals → 264960 docs / 0 chunks
  Flushed 64 docs | 0 chunks | totals → 265024 docs / 0 chunks
  Flushed 64 docs | 0 chunks | totals → 265088 docs / 0 chunks
  Flushed 64 docs | 0 chunks | totals → 265152 docs / 0 chunks
  Flushed 64 docs | 0 chunks | totals → 265216 docs / 0 chunks
  Flushed 64 docs | 0 chunks | totals → 265280 docs / 0 chunks
  Flushed 64 docs | 0 chunks | totals → 265344 docs / 0 chunks
  Flushed 64 docs | 0 chunks | totals → 265408 docs / 0 chunks
  Flushed 64 docs | 0 chunks | totals → 265472 docs / 0 chunks
  Flushed 64 docs | 0 chunks | totals → 265536 docs / 0 chunks
  Flushed 64 docs | 0 chunks | totals → 265600 docs / 0 chunks
  Flushed 64 docs | 0 chunks | totals → 265664 docs / 0 chunks
  Flushed 64 docs | 0 chunks | totals → 265728 docs / 0 chunks
  Flushed 64 docs | 0 chunks | totals → 265792 docs / 0 chunks
  Flushed 64 docs | 0 chunks | totals → 265856 docs / 0 chunks
  Flushed 64 docs | 0 chunks | totals → 265920 docs / 0 chunks
  Flushed 64 docs | 0 chunks | totals → 265984 docs / 0 chunks
  Flushed 64 docs | 0 chunks | totals → 266048 docs / 0 chunks
  Flushed 64 docs | 0 chunks | totals → 266112 docs / 0 chunks
  Flushed 64 docs | 0 chunks | totals → 266176 docs / 0 chunks
  Flushed 64 docs | 0 chunks | totals → 266240 docs / 0 chunks
  Flushed 64 docs | 0 chunks | totals → 266304 docs / 0 chunks
  Flushed 64 docs | 0 chunks | totals → 266368 docs / 0 chunks
  Flushed 64 docs | 0 chunks | totals → 266432 docs / 0 chunks
  Flushed 64 docs | 0 chunks | totals → 266496 docs / 0 chunks
  Flushed 64 docs | 0 chunks | totals → 266560 docs / 0 chunks
  Flushed 64 docs | 0 chunks | totals → 266624 docs / 0 chunks
  Flushed 64 docs | 0 chunks | totals → 266688 docs / 0 chunks
  Flushed 64 docs | 0 chunks | totals → 266752 docs / 0 chunks
  Flushed 64 docs | 0 chunks | totals → 266816 docs / 0 chunks
  Flushed 64 docs | 0 chunks | totals → 266880 docs / 0 chunks
  Flushed 64 docs | 0 chunks | totals → 266944 docs / 0 chunks
  Flushed 64 docs | 0 chunks | totals → 267008 docs / 0 chunks
  Flushed 64 docs | 0 chunks | totals → 267072 docs / 0 chunks
  Flushed 64 docs | 0 chunks | totals → 267136 docs / 0 chunks
  Flushed 64 docs | 0 chunks | totals → 267200 docs / 0 chunks
  Flushed 64 docs | 0 chunks | totals → 267264 docs / 0 chunks
  Flushed 64 docs | 0 chunks | totals → 267328 docs / 0 chunks
  Flushed 64 docs | 0 chunks | totals → 267392 docs / 0 chunks
  Flushed 64 docs | 0 chunks | totals → 267456 docs / 0 chunks
  Flushed 64 docs | 0 chunks | totals → 267520 docs / 0 chunks
  Flushed 64 docs | 0 chunks | totals → 267584 docs / 0 chunks
  Flushed 64 docs | 0 chunks | totals → 267648 docs / 0 chunks
  Flushed 64 docs | 0 chunks | totals → 267712 docs / 0 chunks
  Flushed 64 docs | 0 chunks | totals → 267776 docs / 0 chunks
  Flushed 64 docs | 0 chunks | totals → 267840 docs / 0 chunks
  Flushed 64 docs | 0 chunks | totals → 267904 docs / 0 chunks
  Flushed 64 docs | 0 chunks | totals → 267968 docs / 0 chunks
  Flushed 64 docs | 0 chunks | totals → 268032 docs / 0 chunks
  Flushed 64 docs | 0 chunks | totals → 268096 docs / 0 chunks
  Flushed 64 docs | 0 chunks | totals → 268160 docs / 0 chunks
  Flushed 64 docs | 0 chunks | totals → 268224 docs / 0 chunks
  Flushed 64 docs | 0 chunks | totals → 268288 docs / 0 chunks
  Flushed 64 docs | 0 chunks | totals → 268352 docs / 0 chunks
  Flushed 64 docs | 0 chunks | totals → 268416 docs / 0 chunks
  Flushed 64 docs | 0 chunks | totals → 268480 docs / 0 chunks
  Flushed 64 docs | 0 chunks | totals → 268544 docs / 0 chunks
  Flushed 64 docs | 0 chunks | totals → 268608 docs / 0 chunks
  Flushed 64 docs | 0 chunks | totals → 268672 docs / 0 chunks
  Flushed 64 docs | 0 chunks | totals → 268736 docs / 0 chunks
  Flushed 64 docs | 0 chunks | totals → 268800 docs / 0 chunks
  Flushed 64 docs | 0 chunks | totals → 268864 docs / 0 chunks
  Flushed 64 docs | 0 chunks | totals → 268928 docs / 0 chunks
  Flushed 64 docs | 0 chunks | totals → 268992 docs / 0 chunks
  Flushed 64 docs | 0 chunks | totals → 269056 docs / 0 chunks
  Flushed 64 docs | 0 chunks | totals → 269120 docs / 0 chunks
  Flushed 64 docs | 0 chunks | totals → 269184 docs / 0 chunks
  Flushed 64 docs | 0 chunks | totals → 269248 docs / 0 chunks
  Flushed 64 docs | 0 chunks | totals → 269312 docs / 0 chunks
  Flushed 64 docs | 0 chunks | totals → 269376 docs / 0 chunks
  Flushed 64 docs | 0 chunks | totals → 269440 docs / 0 chunks
  Flushed 64 docs | 0 chunks | totals → 269504 docs / 0 chunks
  Flushed 64 docs | 0 chunks | totals → 269568 docs / 0 chunks
  Flushed 64 docs | 0 chunks | totals → 269632 docs / 0 chunks
  Flushed 64 docs | 0 chunks | totals → 269696 docs / 0 chunks
  Flushed 64 docs | 0 chunks | totals → 269760 docs / 0 chunks
  Flushed 64 docs | 0 chunks | totals → 269824 docs / 0 chunks
  Flushed 64 docs | 0 chunks | totals → 269888 docs / 0 chunks
  Flushed 64 docs | 0 chunks | totals → 269952 docs / 0 chunks
  Flushed 64 docs | 0 chunks | totals → 270016 docs / 0 chunks
  Flushed 64 docs | 0 chunks | totals → 270080 docs / 0 chunks
  Flushed 64 docs | 0 chunks | totals → 270144 docs / 0 chunks
  Flushed 64 docs | 0 chunks | totals → 270208 docs / 0 chunks
  Flushed 64 docs | 0 chunks | totals → 270272 docs / 0 chunks
  Flushed 64 docs | 0 chunks | totals → 270336 docs / 0 chunks
  Flushed 64 docs | 0 chunks | totals → 270400 docs / 0 chunks
  Flushed 64 docs | 0 chunks | totals → 270464 docs / 0 chunks
  Flushed 64 docs | 0 chunks | totals → 270528 docs / 0 chunks
  Flushed 64 docs | 0 chunks | totals → 270592 docs / 0 chunks
  Flushed 64 docs | 0 chunks | totals → 270656 docs / 0 chunks
  Flushed 64 docs | 0 chunks | totals → 270720 docs / 0 chunks
  Flushed 64 docs | 0 chunks | totals → 270784 docs / 0 chunks
  Flushed 64 docs | 0 chunks | totals → 270848 docs / 0 chunks
  Flushed 64 docs | 0 chunks | totals → 270912 docs / 0 chunks
  Flushed 64 docs | 0 chunks | totals → 270976 docs / 0 chunks
  Flushed 64 docs | 0 chunks | totals → 271040 docs / 0 chunks
  Flushed 64 docs | 0 chunks | totals → 271104 docs / 0 chunks
  Flushed 64 docs | 0 chunks | totals → 271168 docs / 0 chunks
  Flushed 64 docs | 0 chunks | totals → 271232 docs / 0 chunks
  Flushed 64 docs | 0 chunks | totals → 271296 docs / 0 chunks
  Flushed 64 docs | 0 chunks | totals → 271360 docs / 0 chunks
  Flushed 64 docs | 0 chunks | totals → 271424 docs / 0 chunks
  Flushed 64 docs | 0 chunks | totals → 271488 docs / 0 chunks
  Flushed 64 docs | 0 chunks | totals → 271552 docs / 0 chunks
  Flushed 64 docs | 0 chunks | totals → 271616 docs / 0 chunks
  Flushed 64 docs | 0 chunks | totals → 271680 docs / 0 chunks
  Flushed 64 docs | 0 chunks | totals → 271744 docs / 0 chunks
  Flushed 64 docs | 0 chunks | totals → 271808 docs / 0 chunks
  Flushed 64 docs | 0 chunks | totals → 271872 docs / 0 chunks
  Flushed 64 docs | 0 chunks | totals → 271936 docs / 0 chunks
  Flushed 64 docs | 0 chunks | totals → 272000 docs / 0 chunks
  Flushed 64 docs | 0 chunks | totals → 272064 docs / 0 chunks
  Flushed 64 docs | 0 chunks | totals → 272128 docs / 0 chunks
  Flushed 64 docs | 0 chunks | totals → 272192 docs / 0 chunks
  Flushed 64 docs | 0 chunks | totals → 272256 docs / 0 chunks
  Flushed 64 docs | 0 chunks | totals → 272320 docs / 0 chunks
  Flushed 64 docs | 0 chunks | totals → 272384 docs / 0 chunks
  Flushed 64 docs | 0 chunks | totals → 272448 docs / 0 chunks
  Flushed 64 docs | 0 chunks | totals → 272512 docs / 0 chunks
  Flushed 64 docs | 0 chunks | totals → 272576 docs / 0 chunks
  Flushed 64 docs | 0 chunks | totals → 272640 docs / 0 chunks
  Flushed 64 docs | 0 chunks | totals → 272704 docs / 0 chunks
  Flushed 64 docs | 0 chunks | totals → 272768 docs / 0 chunks
  Flushed 64 docs | 0 chunks | totals → 272832 docs / 0 chunks
  Flushed 64 docs | 0 chunks | totals → 272896 docs / 0 chunks
  Flushed 64 docs | 0 chunks | totals → 272960 docs / 0 chunks
  Flushed 64 docs | 0 chunks | totals → 273024 docs / 0 chunks
  Flushed 64 docs | 0 chunks | totals → 273088 docs / 0 chunks
  Flushed 64 docs | 0 chunks | totals → 273152 docs / 0 chunks
  Flushed 64 docs | 0 chunks | totals → 273216 docs / 0 chunks
  Flushed 64 docs | 0 chunks | totals → 273280 docs / 0 chunks
  Flushed 64 docs | 0 chunks | totals → 273344 docs / 0 chunks
  Flushed 64 docs | 0 chunks | totals → 273408 docs / 0 chunks
  Flushed 64 docs | 0 chunks | totals → 273472 docs / 0 chunks
  Flushed 64 docs | 0 chunks | totals → 273536 docs / 0 chunks
  Flushed 64 docs | 0 chunks | totals → 273600 docs / 0 chunks
  Flushed 64 docs | 0 chunks | totals → 273664 docs / 0 chunks
  Flushed 64 docs | 0 chunks | totals → 273728 docs / 0 chunks
  Flushed 64 docs | 0 chunks | totals → 273792 docs / 0 chunks
  Flushed 64 docs | 0 chunks | totals → 273856 docs / 0 chunks
  Flushed 64 docs | 0 chunks | totals → 273920 docs / 0 chunks
  Flushed 64 docs | 0 chunks | totals → 273984 docs / 0 chunks
  Flushed 64 docs | 0 chunks | totals → 274048 docs / 0 chunks
  Flushed 64 docs | 0 chunks | totals → 274112 docs / 0 chunks
  Flushed 64 docs | 0 chunks | totals → 274176 docs / 0 chunks
  Flushed 64 docs | 0 chunks | totals → 274240 docs / 0 chunks
  Flushed 64 docs | 0 chunks | totals → 274304 docs / 0 chunks
  Flushed 64 docs | 0 chunks | totals → 274368 docs / 0 chunks
  Flushed 64 docs | 0 chunks | totals → 274432 docs / 0 chunks
  Flushed 64 docs | 0 chunks | totals → 274496 docs / 0 chunks
  Flushed 64 docs | 0 chunks | totals → 274560 docs / 0 chunks
  Flushed 64 docs | 0 chunks | totals → 274624 docs / 0 chunks
  Flushed 64 docs | 0 chunks | totals → 274688 docs / 0 chunks
  Flushed 64 docs | 0 chunks | totals → 274752 docs / 0 chunks
  Flushed 64 docs | 0 chunks | totals → 274816 docs / 0 chunks
  Flushed 64 docs | 0 chunks | totals → 274880 docs / 0 chunks
  Flushed 64 docs | 0 chunks | totals → 274944 docs / 0 chunks
  Flushed 64 docs | 0 chunks | totals → 275008 docs / 0 chunks
  Flushed 64 docs | 0 chunks | totals → 275072 docs / 0 chunks
  Flushed 64 docs | 0 chunks | totals → 275136 docs / 0 chunks
  Flushed 64 docs | 0 chunks | totals → 275200 docs / 0 chunks
  Flushed 64 docs | 0 chunks | totals → 275264 docs / 0 chunks
  Flushed 64 docs | 0 chunks | totals → 275328 docs / 0 chunks
  Flushed 64 docs | 0 chunks | totals → 275392 docs / 0 chunks
  Flushed 64 docs | 0 chunks | totals → 275456 docs / 0 chunks
  Flushed 64 docs | 0 chunks | totals → 275520 docs / 0 chunks
  Flushed 64 docs | 0 chunks | totals → 275584 docs / 0 chunks
  Flushed 64 docs | 0 chunks | totals → 275648 docs / 0 chunks
  Flushed 64 docs | 0 chunks | totals → 275712 docs / 0 chunks
  Flushed 64 docs | 0 chunks | totals → 275776 docs / 0 chunks
  Flushed 64 docs | 0 chunks | totals → 275840 docs / 0 chunks
  Flushed 64 docs | 0 chunks | totals → 275904 docs / 0 chunks
  Flushed 64 docs | 0 chunks | totals → 275968 docs / 0 chunks
  Flushed 64 docs | 0 chunks | totals → 276032 docs / 0 chunks
  Flushed 64 docs | 0 chunks | totals → 276096 docs / 0 chunks
  Flushed 64 docs | 0 chunks | totals → 276160 docs / 0 chunks
  Flushed 64 docs | 0 chunks | totals → 276224 docs / 0 chunks
  Flushed 64 docs | 0 chunks | totals → 276288 docs / 0 chunks
  Flushed 64 docs | 0 chunks | totals → 276352 docs / 0 chunks
  Flushed 64 docs | 0 chunks | totals → 276416 docs / 0 chunks
  Flushed 64 docs | 0 chunks | totals → 276480 docs / 0 chunks
  Flushed 64 docs | 0 chunks | totals → 276544 docs / 0 chunks
  Flushed 64 docs | 0 chunks | totals → 276608 docs / 0 chunks
  Flushed 64 docs | 0 chunks | totals → 276672 docs / 0 chunks
  Flushed 64 docs | 0 chunks | totals → 276736 docs / 0 chunks
  Flushed 64 docs | 0 chunks | totals → 276800 docs / 0 chunks
  Flushed 64 docs | 0 chunks | totals → 276864 docs / 0 chunks
  Flushed 64 docs | 0 chunks | totals → 276928 docs / 0 chunks
  Flushed 64 docs | 0 chunks | totals → 276992 docs / 0 chunks
  Flushed 64 docs | 0 chunks | totals → 277056 docs / 0 chunks
  Flushed 64 docs | 0 chunks | totals → 277120 docs / 0 chunks
  Flushed 64 docs | 0 chunks | totals → 277184 docs / 0 chunks
  Flushed 64 docs | 0 chunks | totals → 277248 docs / 0 chunks
  Flushed 64 docs | 0 chunks | totals → 277312 docs / 0 chunks
  Flushed 64 docs | 0 chunks | totals → 277376 docs / 0 chunks
  Flushed 64 docs | 0 chunks | totals → 277440 docs / 0 chunks
  Flushed 64 docs | 0 chunks | totals → 277504 docs / 0 chunks
  Flushed 64 docs | 0 chunks | totals → 277568 docs / 0 chunks
  Flushed 64 docs | 0 chunks | totals → 277632 docs / 0 chunks
  Flushed 64 docs | 0 chunks | totals → 277696 docs / 0 chunks
  Flushed 64 docs | 0 chunks | totals → 277760 docs / 0 chunks
  Flushed 64 docs | 0 chunks | totals → 277824 docs / 0 chunks
  Flushed 64 docs | 0 chunks | totals → 277888 docs / 0 chunks
  Flushed 64 docs | 0 chunks | totals → 277952 docs / 0 chunks
  Flushed 64 docs | 0 chunks | totals → 278016 docs / 0 chunks
  Flushed 64 docs | 0 chunks | totals → 278080 docs / 0 chunks
  Flushed 64 docs | 0 chunks | totals → 278144 docs / 0 chunks
  Flushed 64 docs | 0 chunks | totals → 278208 docs / 0 chunks
  Flushed 64 docs | 0 chunks | totals → 278272 docs / 0 chunks
  Flushed 64 docs | 0 chunks | totals → 278336 docs / 0 chunks
  Flushed 64 docs | 0 chunks | totals → 278400 docs / 0 chunks
  Flushed 64 docs | 0 chunks | totals → 278464 docs / 0 chunks
  Flushed 64 docs | 0 chunks | totals → 278528 docs / 0 chunks
  Flushed 64 docs | 0 chunks | totals → 278592 docs / 0 chunks
  Flushed 64 docs | 0 chunks | totals → 278656 docs / 0 chunks
  Flushed 64 docs | 0 chunks | totals → 278720 docs / 0 chunks
  Flushed 64 docs | 0 chunks | totals → 278784 docs / 0 chunks
  Flushed 64 docs | 0 chunks | totals → 278848 docs / 0 chunks
  Flushed 64 docs | 0 chunks | totals → 278912 docs / 0 chunks
  Flushed 64 docs | 0 chunks | totals → 278976 docs / 0 chunks
  Flushed 64 docs | 0 chunks | totals → 279040 docs / 0 chunks
  Flushed 64 docs | 0 chunks | totals → 279104 docs / 0 chunks
  Flushed 64 docs | 0 chunks | totals → 279168 docs / 0 chunks
  Flushed 64 docs | 0 chunks | totals → 279232 docs / 0 chunks
  Flushed 64 docs | 0 chunks | totals → 279296 docs / 0 chunks
  Flushed 64 docs | 0 chunks | totals → 279360 docs / 0 chunks
  Flushed 64 docs | 0 chunks | totals → 279424 docs / 0 chunks
  Flushed 64 docs | 0 chunks | totals → 279488 docs / 0 chunks
  Flushed 64 docs | 0 chunks | totals → 279552 docs / 0 chunks
  Flushed 64 docs | 0 chunks | totals → 279616 docs / 0 chunks
  Flushed 64 docs | 0 chunks | totals → 279680 docs / 0 chunks
  Flushed 64 docs | 0 chunks | totals → 279744 docs / 0 chunks
  Flushed 64 docs | 0 chunks | totals → 279808 docs / 0 chunks
  Flushed 64 docs | 0 chunks | totals → 279872 docs / 0 chunks
  Flushed 64 docs | 0 chunks | totals → 279936 docs / 0 chunks
  Flushed 64 docs | 0 chunks | totals → 280000 docs / 0 chunks
  Flushed 64 docs | 0 chunks | totals → 280064 docs / 0 chunks
  Flushed 64 docs | 0 chunks | totals → 280128 docs / 0 chunks
  Flushed 64 docs | 0 chunks | totals → 280192 docs / 0 chunks
  Flushed 64 docs | 0 chunks | totals → 280256 docs / 0 chunks
  Flushed 64 docs | 0 chunks | totals → 280320 docs / 0 chunks
  Flushed 64 docs | 0 chunks | totals → 280384 docs / 0 chunks
  Flushed 64 docs | 0 chunks | totals → 280448 docs / 0 chunks
  Flushed 64 docs | 0 chunks | totals → 280512 docs / 0 chunks
  Flushed 64 docs | 0 chunks | totals → 280576 docs / 0 chunks
  Flushed 64 docs | 0 chunks | totals → 280640 docs / 0 chunks
  Flushed 64 docs | 0 chunks | totals → 280704 docs / 0 chunks
  Flushed 64 docs | 0 chunks | totals → 280768 docs / 0 chunks
  Flushed 64 docs | 0 chunks | totals → 280832 docs / 0 chunks
  Flushed 64 docs | 0 chunks | totals → 280896 docs / 0 chunks
  Flushed 64 docs | 0 chunks | totals → 280960 docs / 0 chunks
  Flushed 64 docs | 0 chunks | totals → 281024 docs / 0 chunks
  Flushed 64 docs | 0 chunks | totals → 281088 docs / 0 chunks
  Flushed 64 docs | 0 chunks | totals → 281152 docs / 0 chunks
  Flushed 64 docs | 0 chunks | totals → 281216 docs / 0 chunks
  Flushed 64 docs | 0 chunks | totals → 281280 docs / 0 chunks
  Flushed 64 docs | 0 chunks | totals → 281344 docs / 0 chunks
  Flushed 64 docs | 0 chunks | totals → 281408 docs / 0 chunks
  Flushed 64 docs | 0 chunks | totals → 281472 docs / 0 chunks
  Flushed 64 docs | 0 chunks | totals → 281536 docs / 0 chunks
  Flushed 64 docs | 0 chunks | totals → 281600 docs / 0 chunks
  Flushed 64 docs | 0 chunks | totals → 281664 docs / 0 chunks
  Flushed 64 docs | 0 chunks | totals → 281728 docs / 0 chunks
  Flushed 64 docs | 0 chunks | totals → 281792 docs / 0 chunks
  Flushed 64 docs | 0 chunks | totals → 281856 docs / 0 chunks
  Flushed 64 docs | 0 chunks | totals → 281920 docs / 0 chunks
  Flushed 64 docs | 0 chunks | totals → 281984 docs / 0 chunks
  Flushed 64 docs | 0 chunks | totals → 282048 docs / 0 chunks
  Flushed 64 docs | 0 chunks | totals → 282112 docs / 0 chunks
  Flushed 64 docs | 0 chunks | totals → 282176 docs / 0 chunks
  Flushed 64 docs | 0 chunks | totals → 282240 docs / 0 chunks
  Flushed 64 docs | 0 chunks | totals → 282304 docs / 0 chunks
  Flushed 64 docs | 0 chunks | totals → 282368 docs / 0 chunks
  Flushed 64 docs | 0 chunks | totals → 282432 docs / 0 chunks
  Flushed 64 docs | 0 chunks | totals → 282496 docs / 0 chunks
  Flushed 64 docs | 0 chunks | totals → 282560 docs / 0 chunks
  Flushed 64 docs | 0 chunks | totals → 282624 docs / 0 chunks
  Flushed 64 docs | 0 chunks | totals → 282688 docs / 0 chunks
  Flushed 64 docs | 0 chunks | totals → 282752 docs / 0 chunks
  Flushed 64 docs | 0 chunks | totals → 282816 docs / 0 chunks
  Flushed 64 docs | 0 chunks | totals → 282880 docs / 0 chunks
  Flushed 64 docs | 0 chunks | totals → 282944 docs / 0 chunks
  Flushed 64 docs | 0 chunks | totals → 283008 docs / 0 chunks
  Flushed 64 docs | 0 chunks | totals → 283072 docs / 0 chunks
  Flushed 64 docs | 0 chunks | totals → 283136 docs / 0 chunks
  Flushed 64 docs | 0 chunks | totals → 283200 docs / 0 chunks
  Flushed 64 docs | 0 chunks | totals → 283264 docs / 0 chunks
  Flushed 64 docs | 0 chunks | totals → 283328 docs / 0 chunks
  Flushed 64 docs | 0 chunks | totals → 283392 docs / 0 chunks
  Flushed 64 docs | 0 chunks | totals → 283456 docs / 0 chunks
  Flushed 64 docs | 0 chunks | totals → 283520 docs / 0 chunks
  Flushed 64 docs | 0 chunks | totals → 283584 docs / 0 chunks
  Flushed 64 docs | 0 chunks | totals → 283648 docs / 0 chunks
  Flushed 64 docs | 0 chunks | totals → 283712 docs / 0 chunks
  Flushed 64 docs | 0 chunks | totals → 283776 docs / 0 chunks
  Flushed 64 docs | 0 chunks | totals → 283840 docs / 0 chunks
  Flushed 64 docs | 0 chunks | totals → 283904 docs / 0 chunks
  Flushed 64 docs | 0 chunks | totals → 283968 docs / 0 chunks
  Flushed 64 docs | 0 chunks | totals → 284032 docs / 0 chunks
  Flushed 64 docs | 0 chunks | totals → 284096 docs / 0 chunks
  Flushed 64 docs | 0 chunks | totals → 284160 docs / 0 chunks
  Flushed 64 docs | 0 chunks | totals → 284224 docs / 0 chunks
  Flushed 64 docs | 0 chunks | totals → 284288 docs / 0 chunks
  Flushed 64 docs | 0 chunks | totals → 284352 docs / 0 chunks
  Flushed 64 docs | 0 chunks | totals → 284416 docs / 0 chunks
  Flushed 64 docs | 0 chunks | totals → 284480 docs / 0 chunks
  Flushed 64 docs | 0 chunks | totals → 284544 docs / 0 chunks
  Flushed 64 docs | 0 chunks | totals → 284608 docs / 0 chunks
  Flushed 64 docs | 0 chunks | totals → 284672 docs / 0 chunks
  Flushed 64 docs | 0 chunks | totals → 284736 docs / 0 chunks
  Flushed 64 docs | 0 chunks | totals → 284800 docs / 0 chunks
  Flushed 64 docs | 0 chunks | totals → 284864 docs / 0 chunks
  Flushed 64 docs | 0 chunks | totals → 284928 docs / 0 chunks
  Flushed 64 docs | 0 chunks | totals → 284992 docs / 0 chunks
  Flushed 64 docs | 0 chunks | totals → 285056 docs / 0 chunks
  Flushed 64 docs | 0 chunks | totals → 285120 docs / 0 chunks
  Flushed 64 docs | 0 chunks | totals → 285184 docs / 0 chunks
  Flushed 64 docs | 0 chunks | totals → 285248 docs / 0 chunks
  Flushed 64 docs | 0 chunks | totals → 285312 docs / 0 chunks
  Flushed 64 docs | 0 chunks | totals → 285376 docs / 0 chunks
  Flushed 64 docs | 0 chunks | totals → 285440 docs / 0 chunks
  Flushed 64 docs | 0 chunks | totals → 285504 docs / 0 chunks
  Flushed 64 docs | 0 chunks | totals → 285568 docs / 0 chunks
  Flushed 64 docs | 0 chunks | totals → 285632 docs / 0 chunks
  Flushed 64 docs | 0 chunks | totals → 285696 docs / 0 chunks
  Flushed 64 docs | 0 chunks | totals → 285760 docs / 0 chunks
  Flushed 64 docs | 0 chunks | totals → 285824 docs / 0 chunks
  Flushed 64 docs | 0 chunks | totals → 285888 docs / 0 chunks
  Flushed 64 docs | 0 chunks | totals → 285952 docs / 0 chunks
  Flushed 64 docs | 0 chunks | totals → 286016 docs / 0 chunks
  Flushed 64 docs | 0 chunks | totals → 286080 docs / 0 chunks
  Flushed 64 docs | 0 chunks | totals → 286144 docs / 0 chunks
  Flushed 64 docs | 0 chunks | totals → 286208 docs / 0 chunks
  Flushed 64 docs | 0 chunks | totals → 286272 docs / 0 chunks
  Flushed 64 docs | 0 chunks | totals → 286336 docs / 0 chunks
  Flushed 64 docs | 0 chunks | totals → 286400 docs / 0 chunks
  Flushed 64 docs | 0 chunks | totals → 286464 docs / 0 chunks
  Flushed 64 docs | 0 chunks | totals → 286528 docs / 0 chunks
  Flushed 64 docs | 0 chunks | totals → 286592 docs / 0 chunks
  Flushed 64 docs | 0 chunks | totals → 286656 docs / 0 chunks
  Flushed 64 docs | 0 chunks | totals → 286720 docs / 0 chunks
  Flushed 64 docs | 0 chunks | totals → 286784 docs / 0 chunks
  Flushed 64 docs | 0 chunks | totals → 286848 docs / 0 chunks
  Flushed 64 docs | 0 chunks | totals → 286912 docs / 0 chunks
  Flushed 64 docs | 0 chunks | totals → 286976 docs / 0 chunks
  Flushed 64 docs | 0 chunks | totals → 287040 docs / 0 chunks
  Flushed 64 docs | 0 chunks | totals → 287104 docs / 0 chunks
  Flushed 64 docs | 0 chunks | totals → 287168 docs / 0 chunks
  Flushed 64 docs | 0 chunks | totals → 287232 docs / 0 chunks
  Flushed 64 docs | 0 chunks | totals → 287296 docs / 0 chunks
  Flushed 64 docs | 0 chunks | totals → 287360 docs / 0 chunks
  Flushed 64 docs | 0 chunks | totals → 287424 docs / 0 chunks
  Flushed 64 docs | 0 chunks | totals → 287488 docs / 0 chunks
  Flushed 64 docs | 0 chunks | totals → 287552 docs / 0 chunks
  Flushed 64 docs | 0 chunks | totals → 287616 docs / 0 chunks
  Flushed 64 docs | 0 chunks | totals → 287680 docs / 0 chunks
  Flushed 64 docs | 0 chunks | totals → 287744 docs / 0 chunks
  Flushed 64 docs | 0 chunks | totals → 287808 docs / 0 chunks
  Flushed 64 docs | 0 chunks | totals → 287872 docs / 0 chunks
  Flushed 64 docs | 0 chunks | totals → 287936 docs / 0 chunks
  Flushed 64 docs | 0 chunks | totals → 288000 docs / 0 chunks
  Flushed 64 docs | 0 chunks | totals → 288064 docs / 0 chunks
  Flushed 64 docs | 0 chunks | totals → 288128 docs / 0 chunks
  Flushed 64 docs | 0 chunks | totals → 288192 docs / 0 chunks
  Flushed 64 docs | 0 chunks | totals → 288256 docs / 0 chunks
  Flushed 64 docs | 0 chunks | totals → 288320 docs / 0 chunks
  Flushed 64 docs | 0 chunks | totals → 288384 docs / 0 chunks
  Flushed 64 docs | 0 chunks | totals → 288448 docs / 0 chunks
  Flushed 64 docs | 0 chunks | totals → 288512 docs / 0 chunks
  Flushed 64 docs | 0 chunks | totals → 288576 docs / 0 chunks
  Flushed 64 docs | 0 chunks | totals → 288640 docs / 0 chunks
  Flushed 64 docs | 0 chunks | totals → 288704 docs / 0 chunks
  Flushed 64 docs | 0 chunks | totals → 288768 docs / 0 chunks
  Flushed 64 docs | 0 chunks | totals → 288832 docs / 0 chunks
  Flushed 64 docs | 0 chunks | totals → 288896 docs / 0 chunks
  Flushed 64 docs | 0 chunks | totals → 288960 docs / 0 chunks
  Flushed 64 docs | 0 chunks | totals → 289024 docs / 0 chunks
  Flushed 64 docs | 0 chunks | totals → 289088 docs / 0 chunks
  Flushed 64 docs | 0 chunks | totals → 289152 docs / 0 chunks
  Flushed 64 docs | 0 chunks | totals → 289216 docs / 0 chunks
  Flushed 64 docs | 0 chunks | totals → 289280 docs / 0 chunks
  Flushed 64 docs | 0 chunks | totals → 289344 docs / 0 chunks
  Flushed 64 docs | 0 chunks | totals → 289408 docs / 0 chunks
  Flushed 64 docs | 0 chunks | totals → 289472 docs / 0 chunks
  Flushed 64 docs | 0 chunks | totals → 289536 docs / 0 chunks
  Flushed 64 docs | 0 chunks | totals → 289600 docs / 0 chunks
  Flushed 64 docs | 0 chunks | totals → 289664 docs / 0 chunks
  Flushed 64 docs | 0 chunks | totals → 289728 docs / 0 chunks
  Flushed 64 docs | 0 chunks | totals → 289792 docs / 0 chunks
  Flushed 64 docs | 0 chunks | totals → 289856 docs / 0 chunks
  Flushed 64 docs | 0 chunks | totals → 289920 docs / 0 chunks
  Flushed 64 docs | 0 chunks | totals → 289984 docs / 0 chunks
  Flushed 64 docs | 0 chunks | totals → 290048 docs / 0 chunks
  Flushed 64 docs | 0 chunks | totals → 290112 docs / 0 chunks
  Flushed 64 docs | 0 chunks | totals → 290176 docs / 0 chunks
  Flushed 64 docs | 0 chunks | totals → 290240 docs / 0 chunks
  Flushed 64 docs | 0 chunks | totals → 290304 docs / 0 chunks
  Flushed 64 docs | 0 chunks | totals → 290368 docs / 0 chunks
  Flushed 64 docs | 0 chunks | totals → 290432 docs / 0 chunks
  Flushed 64 docs | 0 chunks | totals → 290496 docs / 0 chunks
  Flushed 64 docs | 0 chunks | totals → 290560 docs / 0 chunks
  Flushed 64 docs | 0 chunks | totals → 290624 docs / 0 chunks
  Flushed 64 docs | 0 chunks | totals → 290688 docs / 0 chunks
  Flushed 64 docs | 0 chunks | totals → 290752 docs / 0 chunks
  Flushed 64 docs | 0 chunks | totals → 290816 docs / 0 chunks
  Flushed 64 docs | 0 chunks | totals → 290880 docs / 0 chunks
  Flushed 64 docs | 0 chunks | totals → 290944 docs / 0 chunks
  Flushed 64 docs | 0 chunks | totals → 291008 docs / 0 chunks
  Flushed 64 docs | 0 chunks | totals → 291072 docs / 0 chunks
  Flushed 64 docs | 0 chunks | totals → 291136 docs / 0 chunks
  Flushed 64 docs | 0 chunks | totals → 291200 docs / 0 chunks
  Flushed 64 docs | 0 chunks | totals → 291264 docs / 0 chunks
  Flushed 64 docs | 0 chunks | totals → 291328 docs / 0 chunks
  Flushed 64 docs | 0 chunks | totals → 291392 docs / 0 chunks
  Flushed 64 docs | 0 chunks | totals → 291456 docs / 0 chunks
  Flushed 64 docs | 0 chunks | totals → 291520 docs / 0 chunks
  Flushed 64 docs | 0 chunks | totals → 291584 docs / 0 chunks
  Flushed 64 docs | 0 chunks | totals → 291648 docs / 0 chunks
  Flushed 64 docs | 0 chunks | totals → 291712 docs / 0 chunks
  Flushed 64 docs | 0 chunks | totals → 291776 docs / 0 chunks
  Flushed 64 docs | 0 chunks | totals → 291840 docs / 0 chunks
  Flushed 64 docs | 0 chunks | totals → 291904 docs / 0 chunks
  Flushed 64 docs | 0 chunks | totals → 291968 docs / 0 chunks
  Flushed 64 docs | 0 chunks | totals → 292032 docs / 0 chunks
  Flushed 64 docs | 0 chunks | totals → 292096 docs / 0 chunks
  Flushed 64 docs | 0 chunks | totals → 292160 docs / 0 chunks
  Flushed 64 docs | 0 chunks | totals → 292224 docs / 0 chunks
  Flushed 64 docs | 0 chunks | totals → 292288 docs / 0 chunks
  Flushed 64 docs | 0 chunks | totals → 292352 docs / 0 chunks
  Flushed 64 docs | 0 chunks | totals → 292416 docs / 0 chunks
  Flushed 64 docs | 0 chunks | totals → 292480 docs / 0 chunks
  Flushed 64 docs | 0 chunks | totals → 292544 docs / 0 chunks
  Flushed 64 docs | 0 chunks | totals → 292608 docs / 0 chunks
  Flushed 64 docs | 0 chunks | totals → 292672 docs / 0 chunks
  Flushed 64 docs | 0 chunks | totals → 292736 docs / 0 chunks
  Flushed 64 docs | 0 chunks | totals → 292800 docs / 0 chunks
  Flushed 64 docs | 0 chunks | totals → 292864 docs / 0 chunks
  Flushed 64 docs | 0 chunks | totals → 292928 docs / 0 chunks
  Flushed 64 docs | 0 chunks | totals → 292992 docs / 0 chunks
  Flushed 64 docs | 0 chunks | totals → 293056 docs / 0 chunks
  Flushed 64 docs | 0 chunks | totals → 293120 docs / 0 chunks
  Flushed 64 docs | 0 chunks | totals → 293184 docs / 0 chunks
  Flushed 64 docs | 0 chunks | totals → 293248 docs / 0 chunks
  Flushed 64 docs | 0 chunks | totals → 293312 docs / 0 chunks
  Flushed 64 docs | 0 chunks | totals → 293376 docs / 0 chunks
  Flushed 64 docs | 0 chunks | totals → 293440 docs / 0 chunks
  Flushed 64 docs | 0 chunks | totals → 293504 docs / 0 chunks
  Flushed 64 docs | 0 chunks | totals → 293568 docs / 0 chunks
  Flushed 64 docs | 0 chunks | totals → 293632 docs / 0 chunks
  Flushed 64 docs | 0 chunks | totals → 293696 docs / 0 chunks
  Flushed 64 docs | 0 chunks | totals → 293760 docs / 0 chunks
  Flushed 64 docs | 0 chunks | totals → 293824 docs / 0 chunks
  Flushed 64 docs | 0 chunks | totals → 293888 docs / 0 chunks
  Flushed 64 docs | 0 chunks | totals → 293952 docs / 0 chunks
  Flushed 64 docs | 0 chunks | totals → 294016 docs / 0 chunks
  Flushed 64 docs | 0 chunks | totals → 294080 docs / 0 chunks
  Flushed 64 docs | 0 chunks | totals → 294144 docs / 0 chunks
  Flushed 64 docs | 0 chunks | totals → 294208 docs / 0 chunks
  Flushed 64 docs | 0 chunks | totals → 294272 docs / 0 chunks
  Flushed 64 docs | 0 chunks | totals → 294336 docs / 0 chunks
  Flushed 64 docs | 0 chunks | totals → 294400 docs / 0 chunks
  Flushed 64 docs | 0 chunks | totals → 294464 docs / 0 chunks
  Flushed 64 docs | 0 chunks | totals → 294528 docs / 0 chunks
  Flushed 64 docs | 0 chunks | totals → 294592 docs / 0 chunks
  Flushed 64 docs | 0 chunks | totals → 294656 docs / 0 chunks
  Flushed 64 docs | 0 chunks | totals → 294720 docs / 0 chunks
  Flushed 64 docs | 0 chunks | totals → 294784 docs / 0 chunks
  Flushed 64 docs | 0 chunks | totals → 294848 docs / 0 chunks
  Flushed 64 docs | 0 chunks | totals → 294912 docs / 0 chunks
  Flushed 64 docs | 0 chunks | totals → 294976 docs / 0 chunks
  Flushed 64 docs | 0 chunks | totals → 295040 docs / 0 chunks
  Flushed 64 docs | 0 chunks | totals → 295104 docs / 0 chunks
  Flushed 64 docs | 0 chunks | totals → 295168 docs / 0 chunks
  Flushed 64 docs | 0 chunks | totals → 295232 docs / 0 chunks
  Flushed 64 docs | 0 chunks | totals → 295296 docs / 0 chunks
  Flushed 64 docs | 0 chunks | totals → 295360 docs / 0 chunks
  Flushed 64 docs | 0 chunks | totals → 295424 docs / 0 chunks
  Flushed 64 docs | 0 chunks | totals → 295488 docs / 0 chunks
  Flushed 64 docs | 0 chunks | totals → 295552 docs / 0 chunks
  Flushed 64 docs | 0 chunks | totals → 295616 docs / 0 chunks
  Flushed 64 docs | 0 chunks | totals → 295680 docs / 0 chunks
  Flushed 64 docs | 0 chunks | totals → 295744 docs / 0 chunks
  Flushed 64 docs | 0 chunks | totals → 295808 docs / 0 chunks
  Flushed 64 docs | 0 chunks | totals → 295872 docs / 0 chunks
  Flushed 64 docs | 0 chunks | totals → 295936 docs / 0 chunks
  Flushed 64 docs | 0 chunks | totals → 296000 docs / 0 chunks
  Flushed 64 docs | 0 chunks | totals → 296064 docs / 0 chunks
  Flushed 64 docs | 0 chunks | totals → 296128 docs / 0 chunks
  Flushed 64 docs | 0 chunks | totals → 296192 docs / 0 chunks
  Flushed 64 docs | 0 chunks | totals → 296256 docs / 0 chunks
  Flushed 64 docs | 0 chunks | totals → 296320 docs / 0 chunks
  Flushed 64 docs | 0 chunks | totals → 296384 docs / 0 chunks
  Flushed 64 docs | 0 chunks | totals → 296448 docs / 0 chunks
  Flushed 64 docs | 0 chunks | totals → 296512 docs / 0 chunks
  Flushed 64 docs | 0 chunks | totals → 296576 docs / 0 chunks
  Flushed 64 docs | 0 chunks | totals → 296640 docs / 0 chunks
  Flushed 64 docs | 0 chunks | totals → 296704 docs / 0 chunks
  Flushed 64 docs | 0 chunks | totals → 296768 docs / 0 chunks
  Flushed 64 docs | 0 chunks | totals → 296832 docs / 0 chunks
  Flushed 64 docs | 0 chunks | totals → 296896 docs / 0 chunks
  Flushed 64 docs | 0 chunks | totals → 296960 docs / 0 chunks
  Flushed 64 docs | 0 chunks | totals → 297024 docs / 0 chunks
  Flushed 64 docs | 0 chunks | totals → 297088 docs / 0 chunks
  Flushed 64 docs | 0 chunks | totals → 297152 docs / 0 chunks
  Flushed 64 docs | 0 chunks | totals → 297216 docs / 0 chunks
  Flushed 64 docs | 0 chunks | totals → 297280 docs / 0 chunks
  Flushed 64 docs | 0 chunks | totals → 297344 docs / 0 chunks
  Flushed 64 docs | 0 chunks | totals → 297408 docs / 0 chunks
  Flushed 64 docs | 0 chunks | totals → 297472 docs / 0 chunks
  Flushed 64 docs | 0 chunks | totals → 297536 docs / 0 chunks
  Flushed 64 docs | 0 chunks | totals → 297600 docs / 0 chunks
  Flushed 64 docs | 0 chunks | totals → 297664 docs / 0 chunks
  Flushed 64 docs | 0 chunks | totals → 297728 docs / 0 chunks
  Flushed 64 docs | 0 chunks | totals → 297792 docs / 0 chunks
  Flushed 64 docs | 0 chunks | totals → 297856 docs / 0 chunks
  Flushed 64 docs | 0 chunks | totals → 297920 docs / 0 chunks
  Flushed 64 docs | 0 chunks | totals → 297984 docs / 0 chunks
  Flushed 64 docs | 0 chunks | totals → 298048 docs / 0 chunks
  Flushed 64 docs | 0 chunks | totals → 298112 docs / 0 chunks
  Flushed 64 docs | 0 chunks | totals → 298176 docs / 0 chunks
  Flushed 64 docs | 0 chunks | totals → 298240 docs / 0 chunks
  Flushed 64 docs | 0 chunks | totals → 298304 docs / 0 chunks
  Flushed 64 docs | 0 chunks | totals → 298368 docs / 0 chunks
  Flushed 64 docs | 0 chunks | totals → 298432 docs / 0 chunks
  Flushed 64 docs | 0 chunks | totals → 298496 docs / 0 chunks
  Flushed 64 docs | 0 chunks | totals → 298560 docs / 0 chunks
  Flushed 64 docs | 0 chunks | totals → 298624 docs / 0 chunks
  Flushed 64 docs | 0 chunks | totals → 298688 docs / 0 chunks
  Flushed 64 docs | 0 chunks | totals → 298752 docs / 0 chunks
  Flushed 64 docs | 0 chunks | totals → 298816 docs / 0 chunks
  Flushed 64 docs | 0 chunks | totals → 298880 docs / 0 chunks
  Flushed 64 docs | 0 chunks | totals → 298944 docs / 0 chunks
  Flushed 64 docs | 0 chunks | totals → 299008 docs / 0 chunks
  Flushed 64 docs | 0 chunks | totals → 299072 docs / 0 chunks
  Flushed 64 docs | 0 chunks | totals → 299136 docs / 0 chunks
  Flushed 64 docs | 0 chunks | totals → 299200 docs / 0 chunks
  Flushed 64 docs | 0 chunks | totals → 299264 docs / 0 chunks
  Flushed 64 docs | 0 chunks | totals → 299328 docs / 0 chunks
  Flushed 64 docs | 0 chunks | totals → 299392 docs / 0 chunks
  Flushed 64 docs | 0 chunks | totals → 299456 docs / 0 chunks
  Flushed 64 docs | 0 chunks | totals → 299520 docs / 0 chunks
  Flushed 64 docs | 0 chunks | totals → 299584 docs / 0 chunks
  Flushed 64 docs | 0 chunks | totals → 299648 docs / 0 chunks
  Flushed 64 docs | 0 chunks | totals → 299712 docs / 0 chunks
  Flushed 64 docs | 0 chunks | totals → 299776 docs / 0 chunks
  Flushed 64 docs | 0 chunks | totals → 299840 docs / 0 chunks
  Flushed 64 docs | 0 chunks | totals → 299904 docs / 0 chunks
  Flushed 64 docs | 0 chunks | totals → 299968 docs / 0 chunks
  Flushed 64 docs | 0 chunks | totals → 300032 docs / 0 chunks
  Flushed 64 docs | 0 chunks | totals → 300096 docs / 0 chunks
  Flushed 64 docs | 0 chunks | totals → 300160 docs / 0 chunks
  Flushed 64 docs | 0 chunks | totals → 300224 docs / 0 chunks
  Flushed 64 docs | 0 chunks | totals → 300288 docs / 0 chunks
  Flushed 64 docs | 0 chunks | totals → 300352 docs / 0 chunks
  Flushed 64 docs | 0 chunks | totals → 300416 docs / 0 chunks
  Flushed 64 docs | 0 chunks | totals → 300480 docs / 0 chunks
  Flushed 64 docs | 0 chunks | totals → 300544 docs / 0 chunks
  Flushed 64 docs | 0 chunks | totals → 300608 docs / 0 chunks
  Flushed 64 docs | 0 chunks | totals → 300672 docs / 0 chunks
  Flushed 64 docs | 0 chunks | totals → 300736 docs / 0 chunks
  Flushed 64 docs | 0 chunks | totals → 300800 docs / 0 chunks
  Flushed 64 docs | 0 chunks | totals → 300864 docs / 0 chunks
  Flushed 64 docs | 0 chunks | totals → 300928 docs / 0 chunks
  Flushed 64 docs | 0 chunks | totals → 300992 docs / 0 chunks
  Flushed 64 docs | 0 chunks | totals → 301056 docs / 0 chunks
  Flushed 64 docs | 0 chunks | totals → 301120 docs / 0 chunks
  Flushed 64 docs | 0 chunks | totals → 301184 docs / 0 chunks
  Flushed 64 docs | 0 chunks | totals → 301248 docs / 0 chunks
  Flushed 64 docs | 0 chunks | totals → 301312 docs / 0 chunks
  Flushed 64 docs | 0 chunks | totals → 301376 docs / 0 chunks
  Flushed 64 docs | 0 chunks | totals → 301440 docs / 0 chunks
  Flushed 64 docs | 0 chunks | totals → 301504 docs / 0 chunks
  Flushed 64 docs | 0 chunks | totals → 301568 docs / 0 chunks
  Flushed 64 docs | 0 chunks | totals → 301632 docs / 0 chunks
  Flushed 64 docs | 0 chunks | totals → 301696 docs / 0 chunks
  Flushed 64 docs | 0 chunks | totals → 301760 docs / 0 chunks
  Flushed 64 docs | 0 chunks | totals → 301824 docs / 0 chunks
  Flushed 64 docs | 0 chunks | totals → 301888 docs / 0 chunks
  Flushed 64 docs | 0 chunks | totals → 301952 docs / 0 chunks
  Flushed 64 docs | 0 chunks | totals → 302016 docs / 0 chunks
  Flushed 64 docs | 0 chunks | totals → 302080 docs / 0 chunks
  Flushed 64 docs | 0 chunks | totals → 302144 docs / 0 chunks
  Flushed 64 docs | 0 chunks | totals → 302208 docs / 0 chunks
  Flushed 64 docs | 0 chunks | totals → 302272 docs / 0 chunks
  Flushed 64 docs | 0 chunks | totals → 302336 docs / 0 chunks
  Flushed 64 docs | 0 chunks | totals → 302400 docs / 0 chunks
  Flushed 64 docs | 0 chunks | totals → 302464 docs / 0 chunks
  Flushed 64 docs | 0 chunks | totals → 302528 docs / 0 chunks
  Flushed 64 docs | 0 chunks | totals → 302592 docs / 0 chunks
  Flushed 64 docs | 0 chunks | totals → 302656 docs / 0 chunks
  Flushed 64 docs | 0 chunks | totals → 302720 docs / 0 chunks
  Flushed 64 docs | 0 chunks | totals → 302784 docs / 0 chunks
  Flushed 64 docs | 0 chunks | totals → 302848 docs / 0 chunks
  Flushed 64 docs | 0 chunks | totals → 302912 docs / 0 chunks
  Flushed 64 docs | 0 chunks | totals → 302976 docs / 0 chunks
  Flushed 64 docs | 0 chunks | totals → 303040 docs / 0 chunks
  Flushed 64 docs | 0 chunks | totals → 303104 docs / 0 chunks
  Flushed 64 docs | 0 chunks | totals → 303168 docs / 0 chunks
  Flushed 64 docs | 0 chunks | totals → 303232 docs / 0 chunks
  Flushed 64 docs | 0 chunks | totals → 303296 docs / 0 chunks
  Flushed 64 docs | 0 chunks | totals → 303360 docs / 0 chunks
  Flushed 64 docs | 0 chunks | totals → 303424 docs / 0 chunks
  Flushed 64 docs | 0 chunks | totals → 303488 docs / 0 chunks
  Flushed 64 docs | 0 chunks | totals → 303552 docs / 0 chunks
  Flushed 64 docs | 0 chunks | totals → 303616 docs / 0 chunks
  Flushed 64 docs | 0 chunks | totals → 303680 docs / 0 chunks
  Flushed 64 docs | 0 chunks | totals → 303744 docs / 0 chunks
  Flushed 64 docs | 0 chunks | totals → 303808 docs / 0 chunks
  Flushed 64 docs | 0 chunks | totals → 303872 docs / 0 chunks
  Flushed 64 docs | 0 chunks | totals → 303936 docs / 0 chunks
  Flushed 64 docs | 0 chunks | totals → 304000 docs / 0 chunks
  Flushed 64 docs | 0 chunks | totals → 304064 docs / 0 chunks
  Flushed 64 docs | 0 chunks | totals → 304128 docs / 0 chunks
  Flushed 64 docs | 0 chunks | totals → 304192 docs / 0 chunks
  Flushed 64 docs | 0 chunks | totals → 304256 docs / 0 chunks
  Flushed 64 docs | 0 chunks | totals → 304320 docs / 0 chunks
  Flushed 64 docs | 0 chunks | totals → 304384 docs / 0 chunks
  Flushed 64 docs | 0 chunks | totals → 304448 docs / 0 chunks
  Flushed 64 docs | 0 chunks | totals → 304512 docs / 0 chunks
  Flushed 64 docs | 0 chunks | totals → 304576 docs / 0 chunks
  Flushed 64 docs | 0 chunks | totals → 304640 docs / 0 chunks
  Flushed 64 docs | 0 chunks | totals → 304704 docs / 0 chunks
  Flushed 64 docs | 0 chunks | totals → 304768 docs / 0 chunks
  Flushed 64 docs | 0 chunks | totals → 304832 docs / 0 chunks
  Flushed 64 docs | 0 chunks | totals → 304896 docs / 0 chunks
  Flushed 64 docs | 0 chunks | totals → 304960 docs / 0 chunks
  Flushed 64 docs | 0 chunks | totals → 305024 docs / 0 chunks
  Flushed 64 docs | 0 chunks | totals → 305088 docs / 0 chunks
  Flushed 64 docs | 0 chunks | totals → 305152 docs / 0 chunks
  Flushed 64 docs | 0 chunks | totals → 305216 docs / 0 chunks
  Flushed 64 docs | 0 chunks | totals → 305280 docs / 0 chunks
  Flushed 64 docs | 0 chunks | totals → 305344 docs / 0 chunks
  Flushed 64 docs | 0 chunks | totals → 305408 docs / 0 chunks
  Flushed 64 docs | 0 chunks | totals → 305472 docs / 0 chunks
  Flushed 64 docs | 0 chunks | totals → 305536 docs / 0 chunks
  Flushed 64 docs | 0 chunks | totals → 305600 docs / 0 chunks
  Flushed 64 docs | 0 chunks | totals → 305664 docs / 0 chunks
  Flushed 64 docs | 0 chunks | totals → 305728 docs / 0 chunks
  Flushed 64 docs | 0 chunks | totals → 305792 docs / 0 chunks
  Flushed 64 docs | 0 chunks | totals → 305856 docs / 0 chunks
  Flushed 64 docs | 0 chunks | totals → 305920 docs / 0 chunks
  Flushed 64 docs | 0 chunks | totals → 305984 docs / 0 chunks
  Flushed 64 docs | 0 chunks | totals → 306048 docs / 0 chunks
  Flushed 64 docs | 0 chunks | totals → 306112 docs / 0 chunks
  Flushed 64 docs | 0 chunks | totals → 306176 docs / 0 chunks
  Flushed 64 docs | 0 chunks | totals → 306240 docs / 0 chunks
  Flushed 64 docs | 0 chunks | totals → 306304 docs / 0 chunks
  Flushed 64 docs | 0 chunks | totals → 306368 docs / 0 chunks
  Flushed 64 docs | 0 chunks | totals → 306432 docs / 0 chunks
  Flushed 64 docs | 0 chunks | totals → 306496 docs / 0 chunks
  Flushed 64 docs | 0 chunks | totals → 306560 docs / 0 chunks
  Flushed 64 docs | 0 chunks | totals → 306624 docs / 0 chunks
  Flushed 64 docs | 0 chunks | totals → 306688 docs / 0 chunks
  Flushed 64 docs | 0 chunks | totals → 306752 docs / 0 chunks
  Flushed 64 docs | 0 chunks | totals → 306816 docs / 0 chunks
  Flushed 64 docs | 0 chunks | totals → 306880 docs / 0 chunks
  Flushed 64 docs | 0 chunks | totals → 306944 docs / 0 chunks
  Flushed 64 docs | 0 chunks | totals → 307008 docs / 0 chunks
  Flushed 64 docs | 0 chunks | totals → 307072 docs / 0 chunks
  Flushed 64 docs | 0 chunks | totals → 307136 docs / 0 chunks
  Flushed 64 docs | 0 chunks | totals → 307200 docs / 0 chunks
  Flushed 64 docs | 0 chunks | totals → 307264 docs / 0 chunks
  Flushed 64 docs | 0 chunks | totals → 307328 docs / 0 chunks
  Flushed 64 docs | 0 chunks | totals → 307392 docs / 0 chunks
  Flushed 64 docs | 0 chunks | totals → 307456 docs / 0 chunks
  Flushed 64 docs | 0 chunks | totals → 307520 docs / 0 chunks
  Flushed 64 docs | 0 chunks | totals → 307584 docs / 0 chunks
  Flushed 64 docs | 0 chunks | totals → 307648 docs / 0 chunks
  Flushed 64 docs | 0 chunks | totals → 307712 docs / 0 chunks
  Flushed 64 docs | 0 chunks | totals → 307776 docs / 0 chunks
  Flushed 64 docs | 0 chunks | totals → 307840 docs / 0 chunks
  Flushed 64 docs | 0 chunks | totals → 307904 docs / 0 chunks
  Flushed 64 docs | 0 chunks | totals → 307968 docs / 0 chunks
  Flushed 64 docs | 0 chunks | totals → 308032 docs / 0 chunks
  Flushed 64 docs | 0 chunks | totals → 308096 docs / 0 chunks
  Flushed 64 docs | 0 chunks | totals → 308160 docs / 0 chunks
  Flushed 64 docs | 0 chunks | totals → 308224 docs / 0 chunks
  Flushed 64 docs | 0 chunks | totals → 308288 docs / 0 chunks
  Flushed 64 docs | 0 chunks | totals → 308352 docs / 0 chunks
  Flushed 64 docs | 0 chunks | totals → 308416 docs / 0 chunks
  Flushed 64 docs | 0 chunks | totals → 308480 docs / 0 chunks
  Flushed 64 docs | 0 chunks | totals → 308544 docs / 0 chunks
  Flushed 64 docs | 0 chunks | totals → 308608 docs / 0 chunks
  Flushed 64 docs | 0 chunks | totals → 308672 docs / 0 chunks
  Flushed 64 docs | 0 chunks | totals → 308736 docs / 0 chunks
  Flushed 64 docs | 0 chunks | totals → 308800 docs / 0 chunks
  Flushed 64 docs | 0 chunks | totals → 308864 docs / 0 chunks
  Flushed 64 docs | 0 chunks | totals → 308928 docs / 0 chunks
  Flushed 64 docs | 0 chunks | totals → 308992 docs / 0 chunks
  Flushed 64 docs | 0 chunks | totals → 309056 docs / 0 chunks
  Flushed 64 docs | 0 chunks | totals → 309120 docs / 0 chunks
  Flushed 64 docs | 0 chunks | totals → 309184 docs / 0 chunks
  Flushed 64 docs | 0 chunks | totals → 309248 docs / 0 chunks
  Flushed 64 docs | 0 chunks | totals → 309312 docs / 0 chunks
  Flushed 64 docs | 0 chunks | totals → 309376 docs / 0 chunks
  Flushed 64 docs | 0 chunks | totals → 309440 docs / 0 chunks
  Flushed 64 docs | 0 chunks | totals → 309504 docs / 0 chunks
  Flushed 64 docs | 0 chunks | totals → 309568 docs / 0 chunks
  Flushed 64 docs | 0 chunks | totals → 309632 docs / 0 chunks
  Flushed 64 docs | 0 chunks | totals → 309696 docs / 0 chunks
  Flushed 64 docs | 0 chunks | totals → 309760 docs / 0 chunks
  Flushed 64 docs | 0 chunks | totals → 309824 docs / 0 chunks
  Flushed 64 docs | 0 chunks | totals → 309888 docs / 0 chunks
  Flushed 64 docs | 0 chunks | totals → 309952 docs / 0 chunks
  Flushed 64 docs | 0 chunks | totals → 310016 docs / 0 chunks
  Flushed 64 docs | 0 chunks | totals → 310080 docs / 0 chunks
  Flushed 64 docs | 0 chunks | totals → 310144 docs / 0 chunks
  Flushed 64 docs | 0 chunks | totals → 310208 docs / 0 chunks
  Flushed 64 docs | 0 chunks | totals → 310272 docs / 0 chunks
  Flushed 64 docs | 0 chunks | totals → 310336 docs / 0 chunks
  Flushed 64 docs | 0 chunks | totals → 310400 docs / 0 chunks
  Flushed 64 docs | 0 chunks | totals → 310464 docs / 0 chunks
  Flushed 64 docs | 0 chunks | totals → 310528 docs / 0 chunks
  Flushed 64 docs | 0 chunks | totals → 310592 docs / 0 chunks
  Flushed 64 docs | 0 chunks | totals → 310656 docs / 0 chunks
  Flushed 64 docs | 0 chunks | totals → 310720 docs / 0 chunks
  Flushed 64 docs | 0 chunks | totals → 310784 docs / 0 chunks
  Flushed 64 docs | 0 chunks | totals → 310848 docs / 0 chunks
  Flushed 64 docs | 0 chunks | totals → 310912 docs / 0 chunks
  Flushed 64 docs | 0 chunks | totals → 310976 docs / 0 chunks
  Flushed 64 docs | 0 chunks | totals → 311040 docs / 0 chunks
  Flushed 64 docs | 0 chunks | totals → 311104 docs / 0 chunks
  Flushed 64 docs | 0 chunks | totals → 311168 docs / 0 chunks
  Flushed 64 docs | 0 chunks | totals → 311232 docs / 0 chunks
  Flushed 64 docs | 0 chunks | totals → 311296 docs / 0 chunks
  Flushed 64 docs | 0 chunks | totals → 311360 docs / 0 chunks
  Flushed 64 docs | 0 chunks | totals → 311424 docs / 0 chunks
  Flushed 64 docs | 0 chunks | totals → 311488 docs / 0 chunks
  Flushed 64 docs | 0 chunks | totals → 311552 docs / 0 chunks
  Flushed 64 docs | 0 chunks | totals → 311616 docs / 0 chunks
  Flushed 64 docs | 0 chunks | totals → 311680 docs / 0 chunks
  Flushed 64 docs | 0 chunks | totals → 311744 docs / 0 chunks
  Flushed 64 docs | 0 chunks | totals → 311808 docs / 0 chunks
  Flushed 64 docs | 0 chunks | totals → 311872 docs / 0 chunks
  Flushed 64 docs | 0 chunks | totals → 311936 docs / 0 chunks
  Flushed 64 docs | 0 chunks | totals → 312000 docs / 0 chunks
  Flushed 64 docs | 0 chunks | totals → 312064 docs / 0 chunks
  Flushed 64 docs | 0 chunks | totals → 312128 docs / 0 chunks
  Flushed 64 docs | 0 chunks | totals → 312192 docs / 0 chunks
  Flushed 64 docs | 0 chunks | totals → 312256 docs / 0 chunks
  Flushed 64 docs | 0 chunks | totals → 312320 docs / 0 chunks
  Flushed 64 docs | 0 chunks | totals → 312384 docs / 0 chunks
  Flushed 64 docs | 0 chunks | totals → 312448 docs / 0 chunks
  Flushed 64 docs | 0 chunks | totals → 312512 docs / 0 chunks
  Flushed 64 docs | 0 chunks | totals → 312576 docs / 0 chunks
  Flushed 64 docs | 0 chunks | totals → 312640 docs / 0 chunks
  Flushed 64 docs | 0 chunks | totals → 312704 docs / 0 chunks
  Flushed 64 docs | 0 chunks | totals → 312768 docs / 0 chunks
  Flushed 64 docs | 0 chunks | totals → 312832 docs / 0 chunks
  Flushed 64 docs | 0 chunks | totals → 312896 docs / 0 chunks
  Flushed 64 docs | 0 chunks | totals → 312960 docs / 0 chunks
  Flushed 64 docs | 0 chunks | totals → 313024 docs / 0 chunks
  Flushed 64 docs | 0 chunks | totals → 313088 docs / 0 chunks
  Flushed 64 docs | 0 chunks | totals → 313152 docs / 0 chunks
  Flushed 64 docs | 0 chunks | totals → 313216 docs / 0 chunks
  Flushed 64 docs | 0 chunks | totals → 313280 docs / 0 chunks
  Flushed 64 docs | 0 chunks | totals → 313344 docs / 0 chunks
  Flushed 64 docs | 0 chunks | totals → 313408 docs / 0 chunks
  Flushed 64 docs | 0 chunks | totals → 313472 docs / 0 chunks
  Flushed 64 docs | 0 chunks | totals → 313536 docs / 0 chunks
  Flushed 64 docs | 0 chunks | totals → 313600 docs / 0 chunks
  Flushed 64 docs | 0 chunks | totals → 313664 docs / 0 chunks
  Flushed 64 docs | 0 chunks | totals → 313728 docs / 0 chunks
  Flushed 64 docs | 0 chunks | totals → 313792 docs / 0 chunks
  Flushed 64 docs | 0 chunks | totals → 313856 docs / 0 chunks
  Flushed 64 docs | 0 chunks | totals → 313920 docs / 0 chunks
  Flushed 64 docs | 0 chunks | totals → 313984 docs / 0 chunks
  Flushed 64 docs | 0 chunks | totals → 314048 docs / 0 chunks
  Flushed 64 docs | 0 chunks | totals → 314112 docs / 0 chunks
  Flushed 64 docs | 0 chunks | totals → 314176 docs / 0 chunks
  Flushed 64 docs | 0 chunks | totals → 314240 docs / 0 chunks
  Flushed 64 docs | 0 chunks | totals → 314304 docs / 0 chunks
  Flushed 64 docs | 0 chunks | totals → 314368 docs / 0 chunks
  Flushed 64 docs | 0 chunks | totals → 314432 docs / 0 chunks
  Flushed 64 docs | 0 chunks | totals → 314496 docs / 0 chunks
  Flushed 64 docs | 0 chunks | totals → 314560 docs / 0 chunks
  Flushed 64 docs | 0 chunks | totals → 314624 docs / 0 chunks
  Flushed 64 docs | 0 chunks | totals → 314688 docs / 0 chunks
  Flushed 64 docs | 0 chunks | totals → 314752 docs / 0 chunks
  Flushed 64 docs | 0 chunks | totals → 314816 docs / 0 chunks
  Flushed 64 docs | 0 chunks | totals → 314880 docs / 0 chunks
  Flushed 64 docs | 0 chunks | totals → 314944 docs / 0 chunks
  Flushed 64 docs | 0 chunks | totals → 315008 docs / 0 chunks
  Flushed 64 docs | 0 chunks | totals → 315072 docs / 0 chunks
  Flushed 64 docs | 0 chunks | totals → 315136 docs / 0 chunks
  Flushed 64 docs | 0 chunks | totals → 315200 docs / 0 chunks
  Flushed 64 docs | 0 chunks | totals → 315264 docs / 0 chunks
  Flushed 64 docs | 0 chunks | totals → 315328 docs / 0 chunks
  Flushed 64 docs | 0 chunks | totals → 315392 docs / 0 chunks
  Flushed 64 docs | 0 chunks | totals → 315456 docs / 0 chunks
  Flushed 64 docs | 0 chunks | totals → 315520 docs / 0 chunks
  Flushed 64 docs | 0 chunks | totals → 315584 docs / 0 chunks
  Flushed 64 docs | 0 chunks | totals → 315648 docs / 0 chunks
  Flushed 64 docs | 0 chunks | totals → 315712 docs / 0 chunks
  Flushed 64 docs | 0 chunks | totals → 315776 docs / 0 chunks
  Flushed 64 docs | 0 chunks | totals → 315840 docs / 0 chunks
  Flushed 64 docs | 0 chunks | totals → 315904 docs / 0 chunks
  Flushed 64 docs | 0 chunks | totals → 315968 docs / 0 chunks
  Flushed 64 docs | 0 chunks | totals → 316032 docs / 0 chunks
  Flushed 64 docs | 0 chunks | totals → 316096 docs / 0 chunks
  Flushed 64 docs | 0 chunks | totals → 316160 docs / 0 chunks
  Flushed 64 docs | 0 chunks | totals → 316224 docs / 0 chunks
  Flushed 64 docs | 0 chunks | totals → 316288 docs / 0 chunks
  Flushed 64 docs | 0 chunks | totals → 316352 docs / 0 chunks
  Flushed 64 docs | 0 chunks | totals → 316416 docs / 0 chunks
  Flushed 64 docs | 0 chunks | totals → 316480 docs / 0 chunks
  Flushed 64 docs | 0 chunks | totals → 316544 docs / 0 chunks
  Flushed 64 docs | 0 chunks | totals → 316608 docs / 0 chunks
  Flushed 64 docs | 0 chunks | totals → 316672 docs / 0 chunks
  Flushed 64 docs | 0 chunks | totals → 316736 docs / 0 chunks
  Flushed 64 docs | 0 chunks | totals → 316800 docs / 0 chunks
  Flushed 64 docs | 0 chunks | totals → 316864 docs / 0 chunks
  Flushed 64 docs | 0 chunks | totals → 316928 docs / 0 chunks
  Flushed 64 docs | 0 chunks | totals → 316992 docs / 0 chunks
  Flushed 64 docs | 0 chunks | totals → 317056 docs / 0 chunks
  Flushed 64 docs | 0 chunks | totals → 317120 docs / 0 chunks
  Flushed 64 docs | 0 chunks | totals → 317184 docs / 0 chunks
  Flushed 64 docs | 0 chunks | totals → 317248 docs / 0 chunks
  Flushed 64 docs | 0 chunks | totals → 317312 docs / 0 chunks
  Flushed 64 docs | 0 chunks | totals → 317376 docs / 0 chunks
  Flushed 64 docs | 0 chunks | totals → 317440 docs / 0 chunks
  Flushed 64 docs | 0 chunks | totals → 317504 docs / 0 chunks
  Flushed 64 docs | 0 chunks | totals → 317568 docs / 0 chunks
  Flushed 64 docs | 0 chunks | totals → 317632 docs / 0 chunks
  Flushed 64 docs | 0 chunks | totals → 317696 docs / 0 chunks
  Flushed 64 docs | 0 chunks | totals → 317760 docs / 0 chunks
  Flushed 64 docs | 0 chunks | totals → 317824 docs / 0 chunks
  Flushed 64 docs | 0 chunks | totals → 317888 docs / 0 chunks
  Flushed 64 docs | 0 chunks | totals → 317952 docs / 0 chunks
  Flushed 64 docs | 0 chunks | totals → 318016 docs / 0 chunks
  Flushed 64 docs | 0 chunks | totals → 318080 docs / 0 chunks
  Flushed 64 docs | 0 chunks | totals → 318144 docs / 0 chunks
  Flushed 64 docs | 0 chunks | totals → 318208 docs / 0 chunks
  Flushed 64 docs | 0 chunks | totals → 318272 docs / 0 chunks
  Flushed 64 docs | 0 chunks | totals → 318336 docs / 0 chunks
  Flushed 64 docs | 0 chunks | totals → 318400 docs / 0 chunks
  Flushed 64 docs | 0 chunks | totals → 318464 docs / 0 chunks
  Flushed 64 docs | 0 chunks | totals → 318528 docs / 0 chunks
  Flushed 64 docs | 0 chunks | totals → 318592 docs / 0 chunks
  Flushed 64 docs | 0 chunks | totals → 318656 docs / 0 chunks
  Flushed 64 docs | 0 chunks | totals → 318720 docs / 0 chunks
  Flushed 64 docs | 0 chunks | totals → 318784 docs / 0 chunks
  Flushed 64 docs | 0 chunks | totals → 318848 docs / 0 chunks
  Flushed 64 docs | 0 chunks | totals → 318912 docs / 0 chunks
  Flushed 64 docs | 0 chunks | totals → 318976 docs / 0 chunks
  Flushed 64 docs | 0 chunks | totals → 319040 docs / 0 chunks
  Flushed 64 docs | 0 chunks | totals → 319104 docs / 0 chunks
  Flushed 64 docs | 0 chunks | totals → 319168 docs / 0 chunks
  Flushed 64 docs | 0 chunks | totals → 319232 docs / 0 chunks
  Flushed 64 docs | 0 chunks | totals → 319296 docs / 0 chunks
  Flushed 64 docs | 0 chunks | totals → 319360 docs / 0 chunks
  Flushed 64 docs | 0 chunks | totals → 319424 docs / 0 chunks
  Flushed 64 docs | 0 chunks | totals → 319488 docs / 0 chunks
  Flushed 64 docs | 0 chunks | totals → 319552 docs / 0 chunks
  Flushed 64 docs | 0 chunks | totals → 319616 docs / 0 chunks
  Flushed 64 docs | 0 chunks | totals → 319680 docs / 0 chunks
  Flushed 64 docs | 0 chunks | totals → 319744 docs / 0 chunks
  Flushed 64 docs | 0 chunks | totals → 319808 docs / 0 chunks
  Flushed 64 docs | 0 chunks | totals → 319872 docs / 0 chunks
  Flushed 64 docs | 0 chunks | totals → 319936 docs / 0 chunks
  Flushed 64 docs | 0 chunks | totals → 320000 docs / 0 chunks
  Flushed 64 docs | 0 chunks | totals → 320064 docs / 0 chunks
  Flushed 64 docs | 0 chunks | totals → 320128 docs / 0 chunks
  Flushed 64 docs | 0 chunks | totals → 320192 docs / 0 chunks
  Flushed 64 docs | 0 chunks | totals → 320256 docs / 0 chunks
  Flushed 64 docs | 0 chunks | totals → 320320 docs / 0 chunks
  Flushed 64 docs | 0 chunks | totals → 320384 docs / 0 chunks
  Flushed 64 docs | 0 chunks | totals → 320448 docs / 0 chunks
  Flushed 64 docs | 0 chunks | totals → 320512 docs / 0 chunks
  Flushed 64 docs | 0 chunks | totals → 320576 docs / 0 chunks
  Flushed 64 docs | 0 chunks | totals → 320640 docs / 0 chunks
  Flushed 64 docs | 0 chunks | totals → 320704 docs / 0 chunks
  Flushed 64 docs | 0 chunks | totals → 320768 docs / 0 chunks
  Flushed 64 docs | 0 chunks | totals → 320832 docs / 0 chunks
  Flushed 64 docs | 0 chunks | totals → 320896 docs / 0 chunks
  Flushed 64 docs | 0 chunks | totals → 320960 docs / 0 chunks
  Flushed 64 docs | 0 chunks | totals → 321024 docs / 0 chunks
  Flushed 64 docs | 0 chunks | totals → 321088 docs / 0 chunks
  Flushed 64 docs | 0 chunks | totals → 321152 docs / 0 chunks
  Flushed 64 docs | 0 chunks | totals → 321216 docs / 0 chunks
  Flushed 64 docs | 0 chunks | totals → 321280 docs / 0 chunks
  Flushed 64 docs | 0 chunks | totals → 321344 docs / 0 chunks
  Flushed 64 docs | 0 chunks | totals → 321408 docs / 0 chunks
  Flushed 64 docs | 0 chunks | totals → 321472 docs / 0 chunks
  Flushed 64 docs | 0 chunks | totals → 321536 docs / 0 chunks
  Flushed 64 docs | 0 chunks | totals → 321600 docs / 0 chunks
  Flushed 64 docs | 0 chunks | totals → 321664 docs / 0 chunks
  Flushed 64 docs | 0 chunks | totals → 321728 docs / 0 chunks
  Flushed 64 docs | 0 chunks | totals → 321792 docs / 0 chunks
  Flushed 64 docs | 0 chunks | totals → 321856 docs / 0 chunks
  Flushed 64 docs | 0 chunks | totals → 321920 docs / 0 chunks
  Flushed 64 docs | 0 chunks | totals → 321984 docs / 0 chunks
  Flushed 64 docs | 0 chunks | totals → 322048 docs / 0 chunks
  Flushed 64 docs | 0 chunks | totals → 322112 docs / 0 chunks
  Flushed 64 docs | 0 chunks | totals → 322176 docs / 0 chunks
  Flushed 64 docs | 0 chunks | totals → 322240 docs / 0 chunks
  Flushed 64 docs | 0 chunks | totals → 322304 docs / 0 chunks
  Flushed 64 docs | 0 chunks | totals → 322368 docs / 0 chunks
  Flushed 64 docs | 0 chunks | totals → 322432 docs / 0 chunks
  Flushed 64 docs | 0 chunks | totals → 322496 docs / 0 chunks
  Flushed 64 docs | 0 chunks | totals → 322560 docs / 0 chunks
  Flushed 64 docs | 0 chunks | totals → 322624 docs / 0 chunks
  Flushed 64 docs | 0 chunks | totals → 322688 docs / 0 chunks
  Flushed 64 docs | 0 chunks | totals → 322752 docs / 0 chunks
  Flushed 64 docs | 0 chunks | totals → 322816 docs / 0 chunks
  Flushed 64 docs | 0 chunks | totals → 322880 docs / 0 chunks
  Flushed 64 docs | 0 chunks | totals → 322944 docs / 0 chunks
  Flushed 64 docs | 0 chunks | totals → 323008 docs / 0 chunks
  Flushed 64 docs | 0 chunks | totals → 323072 docs / 0 chunks
  Flushed 64 docs | 0 chunks | totals → 323136 docs / 0 chunks
  Flushed 64 docs | 0 chunks | totals → 323200 docs / 0 chunks
  Flushed 64 docs | 0 chunks | totals → 323264 docs / 0 chunks
  Flushed 64 docs | 0 chunks | totals → 323328 docs / 0 chunks
  Flushed 64 docs | 0 chunks | totals → 323392 docs / 0 chunks
  Flushed 64 docs | 0 chunks | totals → 323456 docs / 0 chunks
  Flushed 64 docs | 0 chunks | totals → 323520 docs / 0 chunks
  Flushed 64 docs | 0 chunks | totals → 323584 docs / 0 chunks
  Flushed 64 docs | 0 chunks | totals → 323648 docs / 0 chunks
  Flushed 64 docs | 0 chunks | totals → 323712 docs / 0 chunks
  Flushed 64 docs | 0 chunks | totals → 323776 docs / 0 chunks
  Flushed 64 docs | 0 chunks | totals → 323840 docs / 0 chunks
  Flushed 64 docs | 0 chunks | totals → 323904 docs / 0 chunks
  Flushed 64 docs | 0 chunks | totals → 323968 docs / 0 chunks
  Flushed 64 docs | 0 chunks | totals → 324032 docs / 0 chunks
  Flushed 64 docs | 0 chunks | totals → 324096 docs / 0 chunks
  Flushed 64 docs | 0 chunks | totals → 324160 docs / 0 chunks
  Flushed 64 docs | 0 chunks | totals → 324224 docs / 0 chunks
  Flushed 64 docs | 0 chunks | totals → 324288 docs / 0 chunks
  Flushed 64 docs | 0 chunks | totals → 324352 docs / 0 chunks
  Flushed 64 docs | 0 chunks | totals → 324416 docs / 0 chunks
  Flushed 64 docs | 0 chunks | totals → 324480 docs / 0 chunks
  Flushed 64 docs | 0 chunks | totals → 324544 docs / 0 chunks
  Flushed 64 docs | 0 chunks | totals → 324608 docs / 0 chunks
  Flushed 64 docs | 0 chunks | totals → 324672 docs / 0 chunks
  Flushed 64 docs | 0 chunks | totals → 324736 docs / 0 chunks
  Flushed 64 docs | 0 chunks | totals → 324800 docs / 0 chunks
  Flushed 64 docs | 0 chunks | totals → 324864 docs / 0 chunks
  Flushed 64 docs | 0 chunks | totals → 324928 docs / 0 chunks
  Flushed 64 docs | 0 chunks | totals → 324992 docs / 0 chunks
  Flushed 64 docs | 0 chunks | totals → 325056 docs / 0 chunks
  Flushed 64 docs | 0 chunks | totals → 325120 docs / 0 chunks
  Flushed 64 docs | 0 chunks | totals → 325184 docs / 0 chunks
  Flushed 64 docs | 0 chunks | totals → 325248 docs / 0 chunks
  Flushed 64 docs | 0 chunks | totals → 325312 docs / 0 chunks
  Flushed 64 docs | 0 chunks | totals → 325376 docs / 0 chunks
  Flushed 64 docs | 0 chunks | totals → 325440 docs / 0 chunks
  Flushed 64 docs | 0 chunks | totals → 325504 docs / 0 chunks
  Flushed 64 docs | 0 chunks | totals → 325568 docs / 0 chunks
  Flushed 64 docs | 0 chunks | totals → 325632 docs / 0 chunks
  Flushed 64 docs | 0 chunks | totals → 325696 docs / 0 chunks
  Flushed 64 docs | 0 chunks | totals → 325760 docs / 0 chunks
  Flushed 64 docs | 0 chunks | totals → 325824 docs / 0 chunks
  Flushed 64 docs | 0 chunks | totals → 325888 docs / 0 chunks
  Flushed 64 docs | 0 chunks | totals → 325952 docs / 0 chunks
  Flushed 64 docs | 0 chunks | totals → 326016 docs / 0 chunks
  Flushed 64 docs | 0 chunks | totals → 326080 docs / 0 chunks
  Flushed 64 docs | 0 chunks | totals → 326144 docs / 0 chunks
  Flushed 64 docs | 0 chunks | totals → 326208 docs / 0 chunks
  Flushed 64 docs | 0 chunks | totals → 326272 docs / 0 chunks
  Flushed 64 docs | 0 chunks | totals → 326336 docs / 0 chunks
  Flushed 64 docs | 0 chunks | totals → 326400 docs / 0 chunks
  Flushed 64 docs | 0 chunks | totals → 326464 docs / 0 chunks
  Flushed 64 docs | 0 chunks | totals → 326528 docs / 0 chunks
  Flushed 64 docs | 0 chunks | totals → 326592 docs / 0 chunks
  Flushed 64 docs | 0 chunks | totals → 326656 docs / 0 chunks
  Flushed 64 docs | 0 chunks | totals → 326720 docs / 0 chunks
  Flushed 64 docs | 0 chunks | totals → 326784 docs / 0 chunks
  Flushed 64 docs | 0 chunks | totals → 326848 docs / 0 chunks
  Flushed 64 docs | 0 chunks | totals → 326912 docs / 0 chunks
  Flushed 64 docs | 0 chunks | totals → 326976 docs / 0 chunks
  Flushed 64 docs | 0 chunks | totals → 327040 docs / 0 chunks
  Flushed 64 docs | 0 chunks | totals → 327104 docs / 0 chunks
  Flushed 64 docs | 0 chunks | totals → 327168 docs / 0 chunks
  Flushed 64 docs | 0 chunks | totals → 327232 docs / 0 chunks
  Flushed 64 docs | 0 chunks | totals → 327296 docs / 0 chunks
  Flushed 64 docs | 0 chunks | totals → 327360 docs / 0 chunks
  Flushed 64 docs | 0 chunks | totals → 327424 docs / 0 chunks
  Flushed 64 docs | 0 chunks | totals → 327488 docs / 0 chunks
  Flushed 64 docs | 0 chunks | totals → 327552 docs / 0 chunks
  Flushed 64 docs | 0 chunks | totals → 327616 docs / 0 chunks
  Flushed 64 docs | 0 chunks | totals → 327680 docs / 0 chunks
  Flushed 64 docs | 0 chunks | totals → 327744 docs / 0 chunks
  Flushed 64 docs | 0 chunks | totals → 327808 docs / 0 chunks
  Flushed 64 docs | 0 chunks | totals → 327872 docs / 0 chunks
  Flushed 64 docs | 0 chunks | totals → 327936 docs / 0 chunks
  Flushed 64 docs | 0 chunks | totals → 328000 docs / 0 chunks
  Flushed 64 docs | 0 chunks | totals → 328064 docs / 0 chunks
  Flushed 64 docs | 0 chunks | totals → 328128 docs / 0 chunks
  Flushed 64 docs | 0 chunks | totals → 328192 docs / 0 chunks
  Flushed 64 docs | 0 chunks | totals → 328256 docs / 0 chunks
  Flushed 64 docs | 0 chunks | totals → 328320 docs / 0 chunks
  Flushed 64 docs | 0 chunks | totals → 328384 docs / 0 chunks
  Flushed 64 docs | 0 chunks | totals → 328448 docs / 0 chunks
  Flushed 64 docs | 0 chunks | totals → 328512 docs / 0 chunks
  Flushed 64 docs | 0 chunks | totals → 328576 docs / 0 chunks
  Flushed 64 docs | 0 chunks | totals → 328640 docs / 0 chunks
  Flushed 64 docs | 0 chunks | totals → 328704 docs / 0 chunks
  Flushed 64 docs | 0 chunks | totals → 328768 docs / 0 chunks
  Flushed 64 docs | 0 chunks | totals → 328832 docs / 0 chunks
  Flushed 64 docs | 0 chunks | totals → 328896 docs / 0 chunks
  Flushed 64 docs | 0 chunks | totals → 328960 docs / 0 chunks
  Flushed 64 docs | 0 chunks | totals → 329024 docs / 0 chunks
  Flushed 64 docs | 0 chunks | totals → 329088 docs / 0 chunks
  Flushed 64 docs | 0 chunks | totals → 329152 docs / 0 chunks
  Flushed 64 docs | 0 chunks | totals → 329216 docs / 0 chunks
  Flushed 64 docs | 0 chunks | totals → 329280 docs / 0 chunks
  Flushed 64 docs | 0 chunks | totals → 329344 docs / 0 chunks
  Flushed 64 docs | 0 chunks | totals → 329408 docs / 0 chunks
  Flushed 64 docs | 0 chunks | totals → 329472 docs / 0 chunks
  Flushed 64 docs | 0 chunks | totals → 329536 docs / 0 chunks
  Flushed 64 docs | 0 chunks | totals → 329600 docs / 0 chunks
  Flushed 64 docs | 0 chunks | totals → 329664 docs / 0 chunks
  Flushed 64 docs | 0 chunks | totals → 329728 docs / 0 chunks
  Flushed 64 docs | 0 chunks | totals → 329792 docs / 0 chunks
  Flushed 64 docs | 0 chunks | totals → 329856 docs / 0 chunks
  Flushed 64 docs | 0 chunks | totals → 329920 docs / 0 chunks
  Flushed 64 docs | 0 chunks | totals → 329984 docs / 0 chunks
  Flushed 64 docs | 0 chunks | totals → 330048 docs / 0 chunks
  Flushed 64 docs | 0 chunks | totals → 330112 docs / 0 chunks
  Flushed 64 docs | 0 chunks | totals → 330176 docs / 0 chunks
  Flushed 64 docs | 0 chunks | totals → 330240 docs / 0 chunks
  Flushed 64 docs | 0 chunks | totals → 330304 docs / 0 chunks
  Flushed 64 docs | 0 chunks | totals → 330368 docs / 0 chunks
  Flushed 64 docs | 0 chunks | totals → 330432 docs / 0 chunks
  Flushed 64 docs | 0 chunks | totals → 330496 docs / 0 chunks
  Flushed 64 docs | 0 chunks | totals → 330560 docs / 0 chunks
  Flushed 64 docs | 0 chunks | totals → 330624 docs / 0 chunks
  Flushed 64 docs | 0 chunks | totals → 330688 docs / 0 chunks
  Flushed 64 docs | 0 chunks | totals → 330752 docs / 0 chunks
  Flushed 64 docs | 0 chunks | totals → 330816 docs / 0 chunks
  Flushed 64 docs | 0 chunks | totals → 330880 docs / 0 chunks
  Flushed 64 docs | 0 chunks | totals → 330944 docs / 0 chunks
  Flushed 64 docs | 0 chunks | totals → 331008 docs / 0 chunks
  Flushed 64 docs | 0 chunks | totals → 331072 docs / 0 chunks
  Flushed 64 docs | 0 chunks | totals → 331136 docs / 0 chunks
  Flushed 64 docs | 0 chunks | totals → 331200 docs / 0 chunks
  Flushed 64 docs | 0 chunks | totals → 331264 docs / 0 chunks
  Flushed 64 docs | 0 chunks | totals → 331328 docs / 0 chunks
  Flushed 64 docs | 0 chunks | totals → 331392 docs / 0 chunks
  Flushed 64 docs | 0 chunks | totals → 331456 docs / 0 chunks
  Flushed 64 docs | 0 chunks | totals → 331520 docs / 0 chunks
  Flushed 64 docs | 0 chunks | totals → 331584 docs / 0 chunks
  Flushed 64 docs | 0 chunks | totals → 331648 docs / 0 chunks
  Flushed 64 docs | 0 chunks | totals → 331712 docs / 0 chunks
  Flushed 64 docs | 0 chunks | totals → 331776 docs / 0 chunks
  Flushed 64 docs | 0 chunks | totals → 331840 docs / 0 chunks
  Flushed 64 docs | 0 chunks | totals → 331904 docs / 0 chunks
  Flushed 64 docs | 0 chunks | totals → 331968 docs / 0 chunks
  Flushed 64 docs | 0 chunks | totals → 332032 docs / 0 chunks
  Flushed 64 docs | 0 chunks | totals → 332096 docs / 0 chunks
  Flushed 64 docs | 0 chunks | totals → 332160 docs / 0 chunks
  Flushed 64 docs | 0 chunks | totals → 332224 docs / 0 chunks
  Flushed 64 docs | 0 chunks | totals → 332288 docs / 0 chunks
  Flushed 64 docs | 0 chunks | totals → 332352 docs / 0 chunks
  Flushed 64 docs | 0 chunks | totals → 332416 docs / 0 chunks
  Flushed 64 docs | 0 chunks | totals → 332480 docs / 0 chunks
  Flushed 64 docs | 0 chunks | totals → 332544 docs / 0 chunks
  Flushed 64 docs | 0 chunks | totals → 332608 docs / 0 chunks
  Flushed 64 docs | 0 chunks | totals → 332672 docs / 0 chunks
  Flushed 64 docs | 0 chunks | totals → 332736 docs / 0 chunks
  Flushed 64 docs | 0 chunks | totals → 332800 docs / 0 chunks
  Flushed 64 docs | 0 chunks | totals → 332864 docs / 0 chunks
  Flushed 64 docs | 0 chunks | totals → 332928 docs / 0 chunks
  Flushed 64 docs | 0 chunks | totals → 332992 docs / 0 chunks
  Flushed 64 docs | 0 chunks | totals → 333056 docs / 0 chunks
  Flushed 64 docs | 0 chunks | totals → 333120 docs / 0 chunks
  Flushed 64 docs | 0 chunks | totals → 333184 docs / 0 chunks
  Flushed 64 docs | 0 chunks | totals → 333248 docs / 0 chunks
  Flushed 64 docs | 0 chunks | totals → 333312 docs / 0 chunks
  Flushed 64 docs | 0 chunks | totals → 333376 docs / 0 chunks
  Flushed 64 docs | 0 chunks | totals → 333440 docs / 0 chunks
  Flushed 64 docs | 0 chunks | totals → 333504 docs / 0 chunks
  Flushed 64 docs | 0 chunks | totals → 333568 docs / 0 chunks
  Flushed 64 docs | 0 chunks | totals → 333632 docs / 0 chunks
  Flushed 64 docs | 0 chunks | totals → 333696 docs / 0 chunks
  Flushed 64 docs | 0 chunks | totals → 333760 docs / 0 chunks
  Flushed 64 docs | 0 chunks | totals → 333824 docs / 0 chunks
  Flushed 64 docs | 0 chunks | totals → 333888 docs / 0 chunks
  Flushed 64 docs | 0 chunks | totals → 333952 docs / 0 chunks
  Flushed 64 docs | 0 chunks | totals → 334016 docs / 0 chunks
  Flushed 64 docs | 0 chunks | totals → 334080 docs / 0 chunks
  Flushed 64 docs | 0 chunks | totals → 334144 docs / 0 chunks
  Flushed 64 docs | 0 chunks | totals → 334208 docs / 0 chunks
  Flushed 64 docs | 0 chunks | totals → 334272 docs / 0 chunks
  Flushed 64 docs | 0 chunks | totals → 334336 docs / 0 chunks
  Flushed 64 docs | 0 chunks | totals → 334400 docs / 0 chunks
  Flushed 64 docs | 0 chunks | totals → 334464 docs / 0 chunks
  Flushed 64 docs | 0 chunks | totals → 334528 docs / 0 chunks
  Flushed 64 docs | 0 chunks | totals → 334592 docs / 0 chunks
  Flushed 64 docs | 0 chunks | totals → 334656 docs / 0 chunks
  Flushed 64 docs | 0 chunks | totals → 334720 docs / 0 chunks
  Flushed 64 docs | 0 chunks | totals → 334784 docs / 0 chunks
  Flushed 64 docs | 0 chunks | totals → 334848 docs / 0 chunks
  Flushed 64 docs | 0 chunks | totals → 334912 docs / 0 chunks
  Flushed 64 docs | 0 chunks | totals → 334976 docs / 0 chunks
  Flushed 64 docs | 0 chunks | totals → 335040 docs / 0 chunks
  Flushed 64 docs | 0 chunks | totals → 335104 docs / 0 chunks
  Flushed 64 docs | 0 chunks | totals → 335168 docs / 0 chunks
  Flushed 64 docs | 0 chunks | totals → 335232 docs / 0 chunks
  Flushed 64 docs | 0 chunks | totals → 335296 docs / 0 chunks
  Flushed 64 docs | 0 chunks | totals → 335360 docs / 0 chunks
  Flushed 64 docs | 0 chunks | totals → 335424 docs / 0 chunks
  Flushed 64 docs | 0 chunks | totals → 335488 docs / 0 chunks
  Flushed 64 docs | 0 chunks | totals → 335552 docs / 0 chunks
  Flushed 64 docs | 0 chunks | totals → 335616 docs / 0 chunks
  Flushed 64 docs | 0 chunks | totals → 335680 docs / 0 chunks
  Flushed 64 docs | 0 chunks | totals → 335744 docs / 0 chunks
  Flushed 64 docs | 0 chunks | totals → 335808 docs / 0 chunks
  Flushed 64 docs | 0 chunks | totals → 335872 docs / 0 chunks
  Flushed 64 docs | 0 chunks | totals → 335936 docs / 0 chunks
  Flushed 64 docs | 0 chunks | totals → 336000 docs / 0 chunks
  Flushed 64 docs | 0 chunks | totals → 336064 docs / 0 chunks
  Flushed 64 docs | 0 chunks | totals → 336128 docs / 0 chunks
  Flushed 64 docs | 0 chunks | totals → 336192 docs / 0 chunks
  Flushed 64 docs | 0 chunks | totals → 336256 docs / 0 chunks
  Flushed 64 docs | 0 chunks | totals → 336320 docs / 0 chunks
  Flushed 64 docs | 0 chunks | totals → 336384 docs / 0 chunks
  Flushed 64 docs | 0 chunks | totals → 336448 docs / 0 chunks
  Flushed 64 docs | 0 chunks | totals → 336512 docs / 0 chunks
  Flushed 64 docs | 0 chunks | totals → 336576 docs / 0 chunks
  Flushed 64 docs | 0 chunks | totals → 336640 docs / 0 chunks
  Flushed 64 docs | 0 chunks | totals → 336704 docs / 0 chunks
  Flushed 64 docs | 0 chunks | totals → 336768 docs / 0 chunks
  Flushed 64 docs | 0 chunks | totals → 336832 docs / 0 chunks
  Flushed 64 docs | 0 chunks | totals → 336896 docs / 0 chunks
  Flushed 64 docs | 0 chunks | totals → 336960 docs / 0 chunks
  Flushed 64 docs | 0 chunks | totals → 337024 docs / 0 chunks
  Flushed 64 docs | 0 chunks | totals → 337088 docs / 0 chunks
  Flushed 64 docs | 0 chunks | totals → 337152 docs / 0 chunks
  Flushed 64 docs | 0 chunks | totals → 337216 docs / 0 chunks
  Flushed 64 docs | 0 chunks | totals → 337280 docs / 0 chunks
  Flushed 64 docs | 0 chunks | totals → 337344 docs / 0 chunks
  Flushed 64 docs | 0 chunks | totals → 337408 docs / 0 chunks
  Flushed 64 docs | 0 chunks | totals → 337472 docs / 0 chunks
  Flushed 64 docs | 0 chunks | totals → 337536 docs / 0 chunks
  Flushed 64 docs | 0 chunks | totals → 337600 docs / 0 chunks
  Flushed 64 docs | 0 chunks | totals → 337664 docs / 0 chunks
  Flushed 64 docs | 0 chunks | totals → 337728 docs / 0 chunks
  Flushed 64 docs | 0 chunks | totals → 337792 docs / 0 chunks
  Flushed 64 docs | 0 chunks | totals → 337856 docs / 0 chunks
  Flushed 64 docs | 0 chunks | totals → 337920 docs / 0 chunks
  Flushed 64 docs | 0 chunks | totals → 337984 docs / 0 chunks
  Flushed 64 docs | 0 chunks | totals → 338048 docs / 0 chunks
  Flushed 64 docs | 0 chunks | totals → 338112 docs / 0 chunks
  Flushed 64 docs | 0 chunks | totals → 338176 docs / 0 chunks
  Flushed 64 docs | 0 chunks | totals → 338240 docs / 0 chunks
  Flushed 64 docs | 0 chunks | totals → 338304 docs / 0 chunks
  Flushed 64 docs | 0 chunks | totals → 338368 docs / 0 chunks
  Flushed 64 docs | 0 chunks | totals → 338432 docs / 0 chunks
  Flushed 64 docs | 0 chunks | totals → 338496 docs / 0 chunks
  Flushed 64 docs | 0 chunks | totals → 338560 docs / 0 chunks
  Flushed 64 docs | 0 chunks | totals → 338624 docs / 0 chunks
  Flushed 64 docs | 0 chunks | totals → 338688 docs / 0 chunks
  Flushed 64 docs | 0 chunks | totals → 338752 docs / 0 chunks
  Flushed 64 docs | 0 chunks | totals → 338816 docs / 0 chunks
  Flushed 64 docs | 0 chunks | totals → 338880 docs / 0 chunks
  Flushed 64 docs | 0 chunks | totals → 338944 docs / 0 chunks
  Flushed 64 docs | 0 chunks | totals → 339008 docs / 0 chunks
  Flushed 64 docs | 0 chunks | totals → 339072 docs / 0 chunks
  Flushed 64 docs | 0 chunks | totals → 339136 docs / 0 chunks
  Flushed 64 docs | 0 chunks | totals → 339200 docs / 0 chunks
  Flushed 64 docs | 0 chunks | totals → 339264 docs / 0 chunks
  Flushed 64 docs | 0 chunks | totals → 339328 docs / 0 chunks
  Flushed 64 docs | 0 chunks | totals → 339392 docs / 0 chunks
  Flushed 64 docs | 0 chunks | totals → 339456 docs / 0 chunks
  Flushed 64 docs | 0 chunks | totals → 339520 docs / 0 chunks
  Flushed 64 docs | 0 chunks | totals → 339584 docs / 0 chunks
  Flushed 64 docs | 0 chunks | totals → 339648 docs / 0 chunks
  Flushed 64 docs | 0 chunks | totals → 339712 docs / 0 chunks
  Flushed 64 docs | 0 chunks | totals → 339776 docs / 0 chunks
  Flushed 64 docs | 0 chunks | totals → 339840 docs / 0 chunks
  Flushed 64 docs | 0 chunks | totals → 339904 docs / 0 chunks
  Flushed 64 docs | 0 chunks | totals → 339968 docs / 0 chunks
  Flushed 64 docs | 0 chunks | totals → 340032 docs / 0 chunks
  Flushed 64 docs | 0 chunks | totals → 340096 docs / 0 chunks
  Flushed 64 docs | 0 chunks | totals → 340160 docs / 0 chunks
  Flushed 64 docs | 0 chunks | totals → 340224 docs / 0 chunks
  Flushed 64 docs | 0 chunks | totals → 340288 docs / 0 chunks
  Flushed 64 docs | 0 chunks | totals → 340352 docs / 0 chunks
  Flushed 64 docs | 0 chunks | totals → 340416 docs / 0 chunks
  Flushed 64 docs | 0 chunks | totals → 340480 docs / 0 chunks
  Flushed 64 docs | 0 chunks | totals → 340544 docs / 0 chunks
  Flushed 64 docs | 0 chunks | totals → 340608 docs / 0 chunks
  Flushed 64 docs | 0 chunks | totals → 340672 docs / 0 chunks
  Flushed 64 docs | 0 chunks | totals → 340736 docs / 0 chunks
  Flushed 64 docs | 0 chunks | totals → 340800 docs / 0 chunks
  Flushed 64 docs | 0 chunks | totals → 340864 docs / 0 chunks
  Flushed 64 docs | 0 chunks | totals → 340928 docs / 0 chunks
  Flushed 64 docs | 0 chunks | totals → 340992 docs / 0 chunks
  Flushed 64 docs | 0 chunks | totals → 341056 docs / 0 chunks
  Flushed 64 docs | 0 chunks | totals → 341120 docs / 0 chunks
  Flushed 64 docs | 0 chunks | totals → 341184 docs / 0 chunks
  Flushed 64 docs | 0 chunks | totals → 341248 docs / 0 chunks
  Flushed 64 docs | 0 chunks | totals → 341312 docs / 0 chunks
  Flushed 64 docs | 0 chunks | totals → 341376 docs / 0 chunks
  Flushed 64 docs | 0 chunks | totals → 341440 docs / 0 chunks
  Flushed 64 docs | 0 chunks | totals → 341504 docs / 0 chunks
  Flushed 64 docs | 0 chunks | totals → 341568 docs / 0 chunks
  Flushed 64 docs | 0 chunks | totals → 341632 docs / 0 chunks
  Flushed 64 docs | 0 chunks | totals → 341696 docs / 0 chunks
  Flushed 64 docs | 0 chunks | totals → 341760 docs / 0 chunks
  Flushed 64 docs | 0 chunks | totals → 341824 docs / 0 chunks
  Flushed 64 docs | 0 chunks | totals → 341888 docs / 0 chunks
  Flushed 64 docs | 0 chunks | totals → 341952 docs / 0 chunks
  Flushed 64 docs | 0 chunks | totals → 342016 docs / 0 chunks
  Flushed 64 docs | 0 chunks | totals → 342080 docs / 0 chunks
  Flushed 64 docs | 0 chunks | totals → 342144 docs / 0 chunks
  Flushed 64 docs | 0 chunks | totals → 342208 docs / 0 chunks
  Flushed 64 docs | 0 chunks | totals → 342272 docs / 0 chunks
  Flushed 64 docs | 0 chunks | totals → 342336 docs / 0 chunks
  Flushed 64 docs | 0 chunks | totals → 342400 docs / 0 chunks
  Flushed 64 docs | 0 chunks | totals → 342464 docs / 0 chunks
  Flushed 64 docs | 0 chunks | totals → 342528 docs / 0 chunks
  Flushed 64 docs | 0 chunks | totals → 342592 docs / 0 chunks
  Flushed 64 docs | 0 chunks | totals → 342656 docs / 0 chunks
  Flushed 64 docs | 0 chunks | totals → 342720 docs / 0 chunks
  Flushed 64 docs | 0 chunks | totals → 342784 docs / 0 chunks
  Flushed 64 docs | 0 chunks | totals → 342848 docs / 0 chunks
  Flushed 64 docs | 0 chunks | totals → 342912 docs / 0 chunks
  Flushed 64 docs | 0 chunks | totals → 342976 docs / 0 chunks
  Flushed 64 docs | 0 chunks | totals → 343040 docs / 0 chunks
  Flushed 64 docs | 0 chunks | totals → 343104 docs / 0 chunks
  Flushed 64 docs | 0 chunks | totals → 343168 docs / 0 chunks
  Flushed 64 docs | 0 chunks | totals → 343232 docs / 0 chunks
  Flushed 64 docs | 0 chunks | totals → 343296 docs / 0 chunks
  Flushed 64 docs | 0 chunks | totals → 343360 docs / 0 chunks
  Flushed 64 docs | 0 chunks | totals → 343424 docs / 0 chunks
  Flushed 64 docs | 0 chunks | totals → 343488 docs / 0 chunks
  Flushed 64 docs | 0 chunks | totals → 343552 docs / 0 chunks
  Flushed 64 docs | 0 chunks | totals → 343616 docs / 0 chunks
  Flushed 64 docs | 0 chunks | totals → 343680 docs / 0 chunks
  Flushed 64 docs | 0 chunks | totals → 343744 docs / 0 chunks
  Flushed 64 docs | 0 chunks | totals → 343808 docs / 0 chunks
  Flushed 64 docs | 0 chunks | totals → 343872 docs / 0 chunks
  Flushed 64 docs | 0 chunks | totals → 343936 docs / 0 chunks
  Flushed 64 docs | 0 chunks | totals → 344000 docs / 0 chunks
  Flushed 64 docs | 0 chunks | totals → 344064 docs / 0 chunks
  Flushed 64 docs | 0 chunks | totals → 344128 docs / 0 chunks
  Flushed 64 docs | 0 chunks | totals → 344192 docs / 0 chunks
  Flushed 64 docs | 0 chunks | totals → 344256 docs / 0 chunks
  Flushed 64 docs | 0 chunks | totals → 344320 docs / 0 chunks
  Flushed 64 docs | 0 chunks | totals → 344384 docs / 0 chunks
  Flushed 64 docs | 0 chunks | totals → 344448 docs / 0 chunks
  Flushed 64 docs | 0 chunks | totals → 344512 docs / 0 chunks
  Flushed 64 docs | 0 chunks | totals → 344576 docs / 0 chunks
  Flushed 64 docs | 0 chunks | totals → 344640 docs / 0 chunks
  Flushed 64 docs | 0 chunks | totals → 344704 docs / 0 chunks
  Flushed 64 docs | 0 chunks | totals → 344768 docs / 0 chunks
  Flushed 64 docs | 0 chunks | totals → 344832 docs / 0 chunks
  Flushed 64 docs | 0 chunks | totals → 344896 docs / 0 chunks
  Flushed 64 docs | 0 chunks | totals → 344960 docs / 0 chunks
  Flushed 64 docs | 0 chunks | totals → 345024 docs / 0 chunks
  Flushed 64 docs | 0 chunks | totals → 345088 docs / 0 chunks
  Flushed 64 docs | 0 chunks | totals → 345152 docs / 0 chunks
  Flushed 64 docs | 0 chunks | totals → 345216 docs / 0 chunks
  Flushed 64 docs | 0 chunks | totals → 345280 docs / 0 chunks
  Flushed 64 docs | 0 chunks | totals → 345344 docs / 0 chunks
  Flushed 64 docs | 0 chunks | totals → 345408 docs / 0 chunks
  Flushed 64 docs | 0 chunks | totals → 345472 docs / 0 chunks
  Flushed 64 docs | 0 chunks | totals → 345536 docs / 0 chunks
  Flushed 64 docs | 0 chunks | totals → 345600 docs / 0 chunks
  Flushed 64 docs | 0 chunks | totals → 345664 docs / 0 chunks
  Flushed 64 docs | 0 chunks | totals → 345728 docs / 0 chunks
  Flushed 64 docs | 0 chunks | totals → 345792 docs / 0 chunks
  Flushed 64 docs | 0 chunks | totals → 345856 docs / 0 chunks
  Flushed 64 docs | 0 chunks | totals → 345920 docs / 0 chunks
  Flushed 64 docs | 0 chunks | totals → 345984 docs / 0 chunks
  Flushed 64 docs | 0 chunks | totals → 346048 docs / 0 chunks
  Flushed 64 docs | 0 chunks | totals → 346112 docs / 0 chunks
  Flushed 64 docs | 0 chunks | totals → 346176 docs / 0 chunks
  Flushed 64 docs | 0 chunks | totals → 346240 docs / 0 chunks
  Flushed 64 docs | 0 chunks | totals → 346304 docs / 0 chunks
  Flushed 64 docs | 0 chunks | totals → 346368 docs / 0 chunks
  Flushed 64 docs | 0 chunks | totals → 346432 docs / 0 chunks
  Flushed 64 docs | 0 chunks | totals → 346496 docs / 0 chunks
  Flushed 64 docs | 0 chunks | totals → 346560 docs / 0 chunks
  Flushed 64 docs | 0 chunks | totals → 346624 docs / 0 chunks
  Flushed 64 docs | 0 chunks | totals → 346688 docs / 0 chunks
  Flushed 64 docs | 0 chunks | totals → 346752 docs / 0 chunks
  Flushed 64 docs | 0 chunks | totals → 346816 docs / 0 chunks
  Flushed 64 docs | 0 chunks | totals → 346880 docs / 0 chunks
  Flushed 64 docs | 0 chunks | totals → 346944 docs / 0 chunks
  Flushed 64 docs | 0 chunks | totals → 347008 docs / 0 chunks
  Flushed 64 docs | 0 chunks | totals → 347072 docs / 0 chunks
  Flushed 64 docs | 0 chunks | totals → 347136 docs / 0 chunks
  Flushed 64 docs | 0 chunks | totals → 347200 docs / 0 chunks
  Flushed 64 docs | 0 chunks | totals → 347264 docs / 0 chunks
  Flushed 64 docs | 0 chunks | totals → 347328 docs / 0 chunks
  Flushed 64 docs | 0 chunks | totals → 347392 docs / 0 chunks
  Flushed 64 docs | 0 chunks | totals → 347456 docs / 0 chunks
  Flushed 64 docs | 0 chunks | totals → 347520 docs / 0 chunks
  Flushed 64 docs | 0 chunks | totals → 347584 docs / 0 chunks
  Flushed 64 docs | 0 chunks | totals → 347648 docs / 0 chunks
  Flushed 64 docs | 0 chunks | totals → 347712 docs / 0 chunks
  Flushed 64 docs | 0 chunks | totals → 347776 docs / 0 chunks
  Flushed 64 docs | 0 chunks | totals → 347840 docs / 0 chunks
  Flushed 64 docs | 0 chunks | totals → 347904 docs / 0 chunks
  Flushed 64 docs | 0 chunks | totals → 347968 docs / 0 chunks
  Flushed 64 docs | 0 chunks | totals → 348032 docs / 0 chunks
  Flushed 64 docs | 0 chunks | totals → 348096 docs / 0 chunks
  Flushed 64 docs | 0 chunks | totals → 348160 docs / 0 chunks
  Flushed 64 docs | 0 chunks | totals → 348224 docs / 0 chunks
  Flushed 64 docs | 0 chunks | totals → 348288 docs / 0 chunks
  Flushed 64 docs | 0 chunks | totals → 348352 docs / 0 chunks
  Flushed 64 docs | 0 chunks | totals → 348416 docs / 0 chunks
  Flushed 64 docs | 0 chunks | totals → 348480 docs / 0 chunks
  Flushed 64 docs | 0 chunks | totals → 348544 docs / 0 chunks
  Flushed 64 docs | 0 chunks | totals → 348608 docs / 0 chunks
  Flushed 64 docs | 0 chunks | totals → 348672 docs / 0 chunks
  Flushed 64 docs | 0 chunks | totals → 348736 docs / 0 chunks
  Flushed 64 docs | 0 chunks | totals → 348800 docs / 0 chunks
  Flushed 64 docs | 0 chunks | totals → 348864 docs / 0 chunks
  Flushed 64 docs | 0 chunks | totals → 348928 docs / 0 chunks
  Flushed 64 docs | 0 chunks | totals → 348992 docs / 0 chunks
  Flushed 64 docs | 0 chunks | totals → 349056 docs / 0 chunks
  Flushed 64 docs | 0 chunks | totals → 349120 docs / 0 chunks
  Flushed 64 docs | 0 chunks | totals → 349184 docs / 0 chunks
  Flushed 64 docs | 0 chunks | totals → 349248 docs / 0 chunks
  Flushed 64 docs | 0 chunks | totals → 349312 docs / 0 chunks
  Flushed 64 docs | 0 chunks | totals → 349376 docs / 0 chunks
  Flushed 64 docs | 0 chunks | totals → 349440 docs / 0 chunks
  Flushed 64 docs | 0 chunks | totals → 349504 docs / 0 chunks
  Flushed 64 docs | 0 chunks | totals → 349568 docs / 0 chunks
  Flushed 64 docs | 0 chunks | totals → 349632 docs / 0 chunks
  Flushed 64 docs | 0 chunks | totals → 349696 docs / 0 chunks
  Flushed 64 docs | 0 chunks | totals → 349760 docs / 0 chunks
  Flushed 64 docs | 0 chunks | totals → 349824 docs / 0 chunks
  Flushed 64 docs | 0 chunks | totals → 349888 docs / 0 chunks
  Flushed 64 docs | 0 chunks | totals → 349952 docs / 0 chunks
  Flushed 64 docs | 0 chunks | totals → 350016 docs / 0 chunks
  Flushed 64 docs | 0 chunks | totals → 350080 docs / 0 chunks
  Flushed 64 docs | 0 chunks | totals → 350144 docs / 0 chunks
  Flushed 64 docs | 0 chunks | totals → 350208 docs / 0 chunks
  Flushed 64 docs | 0 chunks | totals → 350272 docs / 0 chunks
  Flushed 64 docs | 0 chunks | totals → 350336 docs / 0 chunks
  Flushed 64 docs | 0 chunks | totals → 350400 docs / 0 chunks
  Flushed 64 docs | 0 chunks | totals → 350464 docs / 0 chunks
  Flushed 64 docs | 0 chunks | totals → 350528 docs / 0 chunks
  Flushed 64 docs | 0 chunks | totals → 350592 docs / 0 chunks
  Flushed 64 docs | 0 chunks | totals → 350656 docs / 0 chunks
  Flushed 64 docs | 0 chunks | totals → 350720 docs / 0 chunks
  Flushed 64 docs | 0 chunks | totals → 350784 docs / 0 chunks
  Flushed 64 docs | 0 chunks | totals → 350848 docs / 0 chunks
  Flushed 64 docs | 0 chunks | totals → 350912 docs / 0 chunks
  Flushed 64 docs | 0 chunks | totals → 350976 docs / 0 chunks
  Flushed 64 docs | 0 chunks | totals → 351040 docs / 0 chunks
  Flushed 64 docs | 0 chunks | totals → 351104 docs / 0 chunks
  Flushed 64 docs | 0 chunks | totals → 351168 docs / 0 chunks
  Flushed 64 docs | 0 chunks | totals → 351232 docs / 0 chunks
  Flushed 64 docs | 0 chunks | totals → 351296 docs / 0 chunks
  Flushed 64 docs | 0 chunks | totals → 351360 docs / 0 chunks
  Flushed 64 docs | 0 chunks | totals → 351424 docs / 0 chunks
  Flushed 64 docs | 0 chunks | totals → 351488 docs / 0 chunks
  Flushed 64 docs | 0 chunks | totals → 351552 docs / 0 chunks
  Flushed 64 docs | 0 chunks | totals → 351616 docs / 0 chunks
  Flushed 64 docs | 0 chunks | totals → 351680 docs / 0 chunks
  Flushed 64 docs | 0 chunks | totals → 351744 docs / 0 chunks
  Flushed 64 docs | 0 chunks | totals → 351808 docs / 0 chunks
  Flushed 64 docs | 0 chunks | totals → 351872 docs / 0 chunks
  Flushed 64 docs | 0 chunks | totals → 351936 docs / 0 chunks
  Flushed 64 docs | 0 chunks | totals → 352000 docs / 0 chunks
  Flushed 64 docs | 0 chunks | totals → 352064 docs / 0 chunks
  Flushed 64 docs | 0 chunks | totals → 352128 docs / 0 chunks
  Flushed 64 docs | 0 chunks | totals → 352192 docs / 0 chunks
  Flushed 64 docs | 0 chunks | totals → 352256 docs / 0 chunks
  Flushed 64 docs | 0 chunks | totals → 352320 docs / 0 chunks
  Flushed 64 docs | 0 chunks | totals → 352384 docs / 0 chunks
  Flushed 64 docs | 0 chunks | totals → 352448 docs / 0 chunks
  Flushed 64 docs | 0 chunks | totals → 352512 docs / 0 chunks
  Flushed 64 docs | 0 chunks | totals → 352576 docs / 0 chunks
  Flushed 64 docs | 0 chunks | totals → 352640 docs / 0 chunks
  Flushed 64 docs | 0 chunks | totals → 352704 docs / 0 chunks
  Flushed 64 docs | 0 chunks | totals → 352768 docs / 0 chunks
  Flushed 64 docs | 0 chunks | totals → 352832 docs / 0 chunks
  Flushed 64 docs | 0 chunks | totals → 352896 docs / 0 chunks
  Flushed 64 docs | 0 chunks | totals → 352960 docs / 0 chunks
  Flushed 64 docs | 0 chunks | totals → 353024 docs / 0 chunks
  Flushed 64 docs | 0 chunks | totals → 353088 docs / 0 chunks
  Flushed 64 docs | 0 chunks | totals → 353152 docs / 0 chunks
  Flushed 64 docs | 0 chunks | totals → 353216 docs / 0 chunks
  Flushed 64 docs | 0 chunks | totals → 353280 docs / 0 chunks
  Flushed 64 docs | 0 chunks | totals → 353344 docs / 0 chunks
  Flushed 64 docs | 0 chunks | totals → 353408 docs / 0 chunks
  Flushed 64 docs | 0 chunks | totals → 353472 docs / 0 chunks
  Flushed 64 docs | 0 chunks | totals → 353536 docs / 0 chunks
  Flushed 64 docs | 0 chunks | totals → 353600 docs / 0 chunks
  Flushed 64 docs | 0 chunks | totals → 353664 docs / 0 chunks
  Flushed 64 docs | 0 chunks | totals → 353728 docs / 0 chunks
  Flushed 64 docs | 0 chunks | totals → 353792 docs / 0 chunks
  Flushed 64 docs | 0 chunks | totals → 353856 docs / 0 chunks
  Flushed 64 docs | 0 chunks | totals → 353920 docs / 0 chunks
  Flushed 64 docs | 0 chunks | totals → 353984 docs / 0 chunks
  Flushed 64 docs | 0 chunks | totals → 354048 docs / 0 chunks
  Flushed 64 docs | 0 chunks | totals → 354112 docs / 0 chunks
  Flushed 64 docs | 0 chunks | totals → 354176 docs / 0 chunks
  Flushed 64 docs | 0 chunks | totals → 354240 docs / 0 chunks
  Flushed 64 docs | 0 chunks | totals → 354304 docs / 0 chunks
  Flushed 64 docs | 0 chunks | totals → 354368 docs / 0 chunks
  Flushed 64 docs | 0 chunks | totals → 354432 docs / 0 chunks
  Flushed 64 docs | 0 chunks | totals → 354496 docs / 0 chunks
  Flushed 64 docs | 0 chunks | totals → 354560 docs / 0 chunks
  Flushed 64 docs | 0 chunks | totals → 354624 docs / 0 chunks
  Flushed 64 docs | 0 chunks | totals → 354688 docs / 0 chunks
  Flushed 64 docs | 0 chunks | totals → 354752 docs / 0 chunks
  Flushed 64 docs | 0 chunks | totals → 354816 docs / 0 chunks
  Flushed 64 docs | 0 chunks | totals → 354880 docs / 0 chunks
  Flushed 64 docs | 0 chunks | totals → 354944 docs / 0 chunks
  Flushed 64 docs | 0 chunks | totals → 355008 docs / 0 chunks
  Flushed 64 docs | 0 chunks | totals → 355072 docs / 0 chunks
  Flushed 64 docs | 0 chunks | totals → 355136 docs / 0 chunks
  Flushed 64 docs | 0 chunks | totals → 355200 docs / 0 chunks
  Flushed 64 docs | 0 chunks | totals → 355264 docs / 0 chunks
  Flushed 64 docs | 0 chunks | totals → 355328 docs / 0 chunks
  Flushed 64 docs | 0 chunks | totals → 355392 docs / 0 chunks
  Flushed 64 docs | 0 chunks | totals → 355456 docs / 0 chunks
  Flushed 64 docs | 0 chunks | totals → 355520 docs / 0 chunks
  Flushed 64 docs | 0 chunks | totals → 355584 docs / 0 chunks
  Flushed 64 docs | 0 chunks | totals → 355648 docs / 0 chunks
  Flushed 64 docs | 0 chunks | totals → 355712 docs / 0 chunks
  Flushed 64 docs | 0 chunks | totals → 355776 docs / 0 chunks
  Flushed 64 docs | 0 chunks | totals → 355840 docs / 0 chunks
  Flushed 64 docs | 0 chunks | totals → 355904 docs / 0 chunks
  Flushed 64 docs | 0 chunks | totals → 355968 docs / 0 chunks
  Flushed 64 docs | 0 chunks | totals → 356032 docs / 0 chunks
  Flushed 64 docs | 0 chunks | totals → 356096 docs / 0 chunks
  Flushed 64 docs | 0 chunks | totals → 356160 docs / 0 chunks
  Flushed 64 docs | 0 chunks | totals → 356224 docs / 0 chunks
  Flushed 64 docs | 0 chunks | totals → 356288 docs / 0 chunks
  Flushed 64 docs | 0 chunks | totals → 356352 docs / 0 chunks
  Flushed 64 docs | 0 chunks | totals → 356416 docs / 0 chunks
  Flushed 64 docs | 0 chunks | totals → 356480 docs / 0 chunks
  Flushed 64 docs | 0 chunks | totals → 356544 docs / 0 chunks
  Flushed 64 docs | 0 chunks | totals → 356608 docs / 0 chunks
  Flushed 64 docs | 0 chunks | totals → 356672 docs / 0 chunks
  Flushed 64 docs | 0 chunks | totals → 356736 docs / 0 chunks
  Flushed 64 docs | 0 chunks | totals → 356800 docs / 0 chunks
  Flushed 64 docs | 0 chunks | totals → 356864 docs / 0 chunks
  Flushed 64 docs | 0 chunks | totals → 356928 docs / 0 chunks
  Flushed 64 docs | 0 chunks | totals → 356992 docs / 0 chunks
  Flushed 64 docs | 0 chunks | totals → 357056 docs / 0 chunks
  Flushed 64 docs | 0 chunks | totals → 357120 docs / 0 chunks
  Flushed 64 docs | 0 chunks | totals → 357184 docs / 0 chunks
  Flushed 64 docs | 0 chunks | totals → 357248 docs / 0 chunks
  Flushed 64 docs | 0 chunks | totals → 357312 docs / 0 chunks
  Flushed 64 docs | 0 chunks | totals → 357376 docs / 0 chunks
  Flushed 64 docs | 0 chunks | totals → 357440 docs / 0 chunks
  Flushed 64 docs | 0 chunks | totals → 357504 docs / 0 chunks
  Flushed 64 docs | 0 chunks | totals → 357568 docs / 0 chunks
  Flushed 64 docs | 0 chunks | totals → 357632 docs / 0 chunks
  Flushed 64 docs | 0 chunks | totals → 357696 docs / 0 chunks
  Flushed 64 docs | 0 chunks | totals → 357760 docs / 0 chunks
  Flushed 64 docs | 0 chunks | totals → 357824 docs / 0 chunks
  Flushed 64 docs | 0 chunks | totals → 357888 docs / 0 chunks
  Flushed 64 docs | 0 chunks | totals → 357952 docs / 0 chunks
  Flushed 64 docs | 0 chunks | totals → 358016 docs / 0 chunks
  Flushed 64 docs | 0 chunks | totals → 358080 docs / 0 chunks
  Flushed 64 docs | 0 chunks | totals → 358144 docs / 0 chunks
  Flushed 64 docs | 0 chunks | totals → 358208 docs / 0 chunks
  Flushed 64 docs | 0 chunks | totals → 358272 docs / 0 chunks
  Flushed 64 docs | 0 chunks | totals → 358336 docs / 0 chunks
  Flushed 64 docs | 0 chunks | totals → 358400 docs / 0 chunks
  Flushed 64 docs | 0 chunks | totals → 358464 docs / 0 chunks
  Flushed 64 docs | 0 chunks | totals → 358528 docs / 0 chunks
  Flushed 64 docs | 0 chunks | totals → 358592 docs / 0 chunks
  Flushed 64 docs | 0 chunks | totals → 358656 docs / 0 chunks
  Flushed 64 docs | 0 chunks | totals → 358720 docs / 0 chunks
  Flushed 64 docs | 0 chunks | totals → 358784 docs / 0 chunks
  Flushed 64 docs | 0 chunks | totals → 358848 docs / 0 chunks
  Flushed 64 docs | 0 chunks | totals → 358912 docs / 0 chunks
  Flushed 64 docs | 0 chunks | totals → 358976 docs / 0 chunks
  Flushed 64 docs | 0 chunks | totals → 359040 docs / 0 chunks
  Flushed 64 docs | 0 chunks | totals → 359104 docs / 0 chunks
  Flushed 64 docs | 0 chunks | totals → 359168 docs / 0 chunks
  Flushed 64 docs | 0 chunks | totals → 359232 docs / 0 chunks
  Flushed 64 docs | 0 chunks | totals → 359296 docs / 0 chunks
  Flushed 64 docs | 0 chunks | totals → 359360 docs / 0 chunks
  Flushed 64 docs | 0 chunks | totals → 359424 docs / 0 chunks
  Flushed 64 docs | 0 chunks | totals → 359488 docs / 0 chunks
  Flushed 64 docs | 0 chunks | totals → 359552 docs / 0 chunks
  Flushed 64 docs | 0 chunks | totals → 359616 docs / 0 chunks
  Flushed 64 docs | 0 chunks | totals → 359680 docs / 0 chunks
  Flushed 64 docs | 0 chunks | totals → 359744 docs / 0 chunks
  Flushed 64 docs | 0 chunks | totals → 359808 docs / 0 chunks
  Flushed 64 docs | 0 chunks | totals → 359872 docs / 0 chunks
  Flushed 64 docs | 0 chunks | totals → 359936 docs / 0 chunks
  Flushed 64 docs | 0 chunks | totals → 360000 docs / 0 chunks
  Flushed 64 docs | 0 chunks | totals → 360064 docs / 0 chunks
  Flushed 64 docs | 0 chunks | totals → 360128 docs / 0 chunks
  Flushed 64 docs | 0 chunks | totals → 360192 docs / 0 chunks
  Flushed 64 docs | 0 chunks | totals → 360256 docs / 0 chunks
  Flushed 64 docs | 0 chunks | totals → 360320 docs / 0 chunks
  Flushed 64 docs | 0 chunks | totals → 360384 docs / 0 chunks
  Flushed 64 docs | 0 chunks | totals → 360448 docs / 0 chunks
  Flushed 64 docs | 0 chunks | totals → 360512 docs / 0 chunks
  Flushed 64 docs | 0 chunks | totals → 360576 docs / 0 chunks
  Flushed 64 docs | 0 chunks | totals → 360640 docs / 0 chunks
  Flushed 64 docs | 0 chunks | totals → 360704 docs / 0 chunks
  Flushed 64 docs | 0 chunks | totals → 360768 docs / 0 chunks
  Flushed 64 docs | 0 chunks | totals → 360832 docs / 0 chunks
  Flushed 64 docs | 0 chunks | totals → 360896 docs / 0 chunks
  Flushed 64 docs | 0 chunks | totals → 360960 docs / 0 chunks
  Flushed 64 docs | 0 chunks | totals → 361024 docs / 0 chunks
  Flushed 64 docs | 0 chunks | totals → 361088 docs / 0 chunks
  Flushed 64 docs | 0 chunks | totals → 361152 docs / 0 chunks
  Flushed 64 docs | 0 chunks | totals → 361216 docs / 0 chunks
  Flushed 64 docs | 0 chunks | totals → 361280 docs / 0 chunks
  Flushed 64 docs | 0 chunks | totals → 361344 docs / 0 chunks
  Flushed 64 docs | 0 chunks | totals → 361408 docs / 0 chunks
  Flushed 64 docs | 0 chunks | totals → 361472 docs / 0 chunks
  Flushed 64 docs | 0 chunks | totals → 361536 docs / 0 chunks
  Flushed 64 docs | 0 chunks | totals → 361600 docs / 0 chunks
  Flushed 64 docs | 0 chunks | totals → 361664 docs / 0 chunks
  Flushed 64 docs | 0 chunks | totals → 361728 docs / 0 chunks
  Flushed 64 docs | 0 chunks | totals → 361792 docs / 0 chunks
  Flushed 64 docs | 0 chunks | totals → 361856 docs / 0 chunks
  Flushed 64 docs | 0 chunks | totals → 361920 docs / 0 chunks
  Flushed 64 docs | 0 chunks | totals → 361984 docs / 0 chunks
  Flushed 64 docs | 0 chunks | totals → 362048 docs / 0 chunks
  Flushed 64 docs | 0 chunks | totals → 362112 docs / 0 chunks
  Flushed 64 docs | 0 chunks | totals → 362176 docs / 0 chunks
  Flushed 64 docs | 0 chunks | totals → 362240 docs / 0 chunks
  Flushed 64 docs | 0 chunks | totals → 362304 docs / 0 chunks
  Flushed 64 docs | 0 chunks | totals → 362368 docs / 0 chunks
  Flushed 64 docs | 0 chunks | totals → 362432 docs / 0 chunks
  Flushed 64 docs | 0 chunks | totals → 362496 docs / 0 chunks
  Flushed 64 docs | 0 chunks | totals → 362560 docs / 0 chunks
  Flushed 64 docs | 0 chunks | totals → 362624 docs / 0 chunks
  Flushed 64 docs | 0 chunks | totals → 362688 docs / 0 chunks
  Flushed 64 docs | 0 chunks | totals → 362752 docs / 0 chunks
  Flushed 64 docs | 0 chunks | totals → 362816 docs / 0 chunks
  Flushed 64 docs | 0 chunks | totals → 362880 docs / 0 chunks
  Flushed 64 docs | 0 chunks | totals → 362944 docs / 0 chunks
  Flushed 64 docs | 0 chunks | totals → 363008 docs / 0 chunks
  Flushed 64 docs | 0 chunks | totals → 363072 docs / 0 chunks
  Flushed 64 docs | 0 chunks | totals → 363136 docs / 0 chunks
  Flushed 64 docs | 0 chunks | totals → 363200 docs / 0 chunks
  Flushed 64 docs | 0 chunks | totals → 363264 docs / 0 chunks
  Flushed 64 docs | 0 chunks | totals → 363328 docs / 0 chunks
  Flushed 64 docs | 0 chunks | totals → 363392 docs / 0 chunks
  Flushed 64 docs | 0 chunks | totals → 363456 docs / 0 chunks
  Flushed 64 docs | 0 chunks | totals → 363520 docs / 0 chunks
  Flushed 64 docs | 0 chunks | totals → 363584 docs / 0 chunks
  Flushed 64 docs | 0 chunks | totals → 363648 docs / 0 chunks
  Flushed 64 docs | 0 chunks | totals → 363712 docs / 0 chunks
  Flushed 64 docs | 0 chunks | totals → 363776 docs / 0 chunks
  Flushed 64 docs | 0 chunks | totals → 363840 docs / 0 chunks
  Flushed 64 docs | 0 chunks | totals → 363904 docs / 0 chunks
  Flushed 64 docs | 0 chunks | totals → 363968 docs / 0 chunks
  Flushed 64 docs | 0 chunks | totals → 364032 docs / 0 chunks
  Flushed 64 docs | 0 chunks | totals → 364096 docs / 0 chunks
  Flushed 64 docs | 0 chunks | totals → 364160 docs / 0 chunks
  Flushed 64 docs | 0 chunks | totals → 364224 docs / 0 chunks
  Flushed 64 docs | 0 chunks | totals → 364288 docs / 0 chunks
  Flushed 64 docs | 0 chunks | totals → 364352 docs / 0 chunks
  Flushed 64 docs | 0 chunks | totals → 364416 docs / 0 chunks
  Flushed 64 docs | 0 chunks | totals → 364480 docs / 0 chunks
  Flushed 64 docs | 0 chunks | totals → 364544 docs / 0 chunks
  Flushed 64 docs | 0 chunks | totals → 364608 docs / 0 chunks
  Flushed 64 docs | 0 chunks | totals → 364672 docs / 0 chunks
  Flushed 64 docs | 0 chunks | totals → 364736 docs / 0 chunks
  Flushed 64 docs | 0 chunks | totals → 364800 docs / 0 chunks
  Flushed 64 docs | 0 chunks | totals → 364864 docs / 0 chunks
  Flushed 64 docs | 0 chunks | totals → 364928 docs / 0 chunks
  Flushed 64 docs | 0 chunks | totals → 364992 docs / 0 chunks
  Flushed 64 docs | 0 chunks | totals → 365056 docs / 0 chunks
  Flushed 64 docs | 0 chunks | totals → 365120 docs / 0 chunks
  Flushed 64 docs | 0 chunks | totals → 365184 docs / 0 chunks
  Flushed 64 docs | 0 chunks | totals → 365248 docs / 0 chunks
  Flushed 64 docs | 0 chunks | totals → 365312 docs / 0 chunks
  Flushed 64 docs | 0 chunks | totals → 365376 docs / 0 chunks
  Flushed 64 docs | 0 chunks | totals → 365440 docs / 0 chunks
  Flushed 64 docs | 0 chunks | totals → 365504 docs / 0 chunks
  Flushed 64 docs | 0 chunks | totals → 365568 docs / 0 chunks
  Flushed 64 docs | 0 chunks | totals → 365632 docs / 0 chunks
  Flushed 64 docs | 0 chunks | totals → 365696 docs / 0 chunks
  Flushed 64 docs | 0 chunks | totals → 365760 docs / 0 chunks
  Flushed 64 docs | 0 chunks | totals → 365824 docs / 0 chunks
  Flushed 64 docs | 0 chunks | totals → 365888 docs / 0 chunks
  Flushed 64 docs | 0 chunks | totals → 365952 docs / 0 chunks
  Flushed 64 docs | 0 chunks | totals → 366016 docs / 0 chunks
  Flushed 64 docs | 0 chunks | totals → 366080 docs / 0 chunks
  Flushed 64 docs | 0 chunks | totals → 366144 docs / 0 chunks
  Flushed 64 docs | 0 chunks | totals → 366208 docs / 0 chunks
  Flushed 64 docs | 0 chunks | totals → 366272 docs / 0 chunks
  Flushed 64 docs | 0 chunks | totals → 366336 docs / 0 chunks
  Flushed 64 docs | 0 chunks | totals → 366400 docs / 0 chunks
  Flushed 64 docs | 0 chunks | totals → 366464 docs / 0 chunks
  Flushed 64 docs | 0 chunks | totals → 366528 docs / 0 chunks
  Flushed 64 docs | 0 chunks | totals → 366592 docs / 0 chunks
  Flushed 64 docs | 0 chunks | totals → 366656 docs / 0 chunks
  Flushed 64 docs | 0 chunks | totals → 366720 docs / 0 chunks
  Flushed 64 docs | 0 chunks | totals → 366784 docs / 0 chunks
  Flushed 64 docs | 0 chunks | totals → 366848 docs / 0 chunks
  Flushed 64 docs | 0 chunks | totals → 366912 docs / 0 chunks
  Flushed 64 docs | 0 chunks | totals → 366976 docs / 0 chunks
  Flushed 64 docs | 0 chunks | totals → 367040 docs / 0 chunks
  Flushed 64 docs | 0 chunks | totals → 367104 docs / 0 chunks
  Flushed 64 docs | 0 chunks | totals → 367168 docs / 0 chunks
  Flushed 64 docs | 0 chunks | totals → 367232 docs / 0 chunks
  Flushed 64 docs | 0 chunks | totals → 367296 docs / 0 chunks
  Flushed 64 docs | 0 chunks | totals → 367360 docs / 0 chunks
  Flushed 64 docs | 0 chunks | totals → 367424 docs / 0 chunks
  Flushed 64 docs | 0 chunks | totals → 367488 docs / 0 chunks
  Flushed 64 docs | 0 chunks | totals → 367552 docs / 0 chunks
  Flushed 64 docs | 0 chunks | totals → 367616 docs / 0 chunks
  Flushed 64 docs | 0 chunks | totals → 367680 docs / 0 chunks
  Flushed 64 docs | 0 chunks | totals → 367744 docs / 0 chunks
  Flushed 64 docs | 0 chunks | totals → 367808 docs / 0 chunks
  Flushed 64 docs | 0 chunks | totals → 367872 docs / 0 chunks
  Flushed 64 docs | 0 chunks | totals → 367936 docs / 0 chunks
  Flushed 64 docs | 0 chunks | totals → 368000 docs / 0 chunks
  Flushed 64 docs | 0 chunks | totals → 368064 docs / 0 chunks
  Flushed 64 docs | 0 chunks | totals → 368128 docs / 0 chunks
  Flushed 64 docs | 0 chunks | totals → 368192 docs / 0 chunks
  Flushed 64 docs | 0 chunks | totals → 368256 docs / 0 chunks
  Flushed 64 docs | 0 chunks | totals → 368320 docs / 0 chunks
  Flushed 64 docs | 0 chunks | totals → 368384 docs / 0 chunks
  Flushed 64 docs | 0 chunks | totals → 368448 docs / 0 chunks
  Flushed 64 docs | 0 chunks | totals → 368512 docs / 0 chunks
  Flushed 64 docs | 0 chunks | totals → 368576 docs / 0 chunks
  Flushed 64 docs | 0 chunks | totals → 368640 docs / 0 chunks
  Flushed 64 docs | 0 chunks | totals → 368704 docs / 0 chunks
  Flushed 64 docs | 0 chunks | totals → 368768 docs / 0 chunks
  Flushed 64 docs | 0 chunks | totals → 368832 docs / 0 chunks
  Flushed 64 docs | 0 chunks | totals → 368896 docs / 0 chunks
  Flushed 64 docs | 0 chunks | totals → 368960 docs / 0 chunks
  Flushed 64 docs | 0 chunks | totals → 369024 docs / 0 chunks
  Flushed 64 docs | 0 chunks | totals → 369088 docs / 0 chunks
  Flushed 64 docs | 0 chunks | totals → 369152 docs / 0 chunks
  Flushed 64 docs | 0 chunks | totals → 369216 docs / 0 chunks
  Flushed 64 docs | 0 chunks | totals → 369280 docs / 0 chunks
  Flushed 64 docs | 0 chunks | totals → 369344 docs / 0 chunks
  Flushed 64 docs | 0 chunks | totals → 369408 docs / 0 chunks
  Flushed 64 docs | 0 chunks | totals → 369472 docs / 0 chunks
  Flushed 64 docs | 0 chunks | totals → 369536 docs / 0 chunks
  Flushed 64 docs | 0 chunks | totals → 369600 docs / 0 chunks
  Flushed 64 docs | 0 chunks | totals → 369664 docs / 0 chunks
  Flushed 64 docs | 0 chunks | totals → 369728 docs / 0 chunks
  Flushed 64 docs | 0 chunks | totals → 369792 docs / 0 chunks
  Flushed 64 docs | 0 chunks | totals → 369856 docs / 0 chunks
  Flushed 64 docs | 0 chunks | totals → 369920 docs / 0 chunks
  Flushed 64 docs | 0 chunks | totals → 369984 docs / 0 chunks
  Flushed 64 docs | 0 chunks | totals → 370048 docs / 0 chunks
  Flushed 64 docs | 0 chunks | totals → 370112 docs / 0 chunks
  Flushed 64 docs | 0 chunks | totals → 370176 docs / 0 chunks
  Flushed 64 docs | 0 chunks | totals → 370240 docs / 0 chunks
  Flushed 64 docs | 0 chunks | totals → 370304 docs / 0 chunks
  Flushed 64 docs | 0 chunks | totals → 370368 docs / 0 chunks
  Flushed 64 docs | 0 chunks | totals → 370432 docs / 0 chunks
  Flushed 64 docs | 0 chunks | totals → 370496 docs / 0 chunks
  Flushed 64 docs | 0 chunks | totals → 370560 docs / 0 chunks
  Flushed 64 docs | 0 chunks | totals → 370624 docs / 0 chunks
  Flushed 64 docs | 0 chunks | totals → 370688 docs / 0 chunks
  Flushed 64 docs | 0 chunks | totals → 370752 docs / 0 chunks
  Flushed 64 docs | 0 chunks | totals → 370816 docs / 0 chunks
  Flushed 64 docs | 0 chunks | totals → 370880 docs / 0 chunks
  Flushed 64 docs | 0 chunks | totals → 370944 docs / 0 chunks
  Flushed 64 docs | 0 chunks | totals → 371008 docs / 0 chunks
  Flushed 64 docs | 0 chunks | totals → 371072 docs / 0 chunks
  Flushed 64 docs | 0 chunks | totals → 371136 docs / 0 chunks
  Flushed 64 docs | 0 chunks | totals → 371200 docs / 0 chunks
  Flushed 64 docs | 0 chunks | totals → 371264 docs / 0 chunks
  Flushed 64 docs | 0 chunks | totals → 371328 docs / 0 chunks
  Flushed 64 docs | 0 chunks | totals → 371392 docs / 0 chunks
  Flushed 64 docs | 0 chunks | totals → 371456 docs / 0 chunks
  Flushed 64 docs | 0 chunks | totals → 371520 docs / 0 chunks
  Flushed 64 docs | 0 chunks | totals → 371584 docs / 0 chunks
  Flushed 64 docs | 0 chunks | totals → 371648 docs / 0 chunks
  Flushed 64 docs | 0 chunks | totals → 371712 docs / 0 chunks
  Flushed 64 docs | 0 chunks | totals → 371776 docs / 0 chunks
  Flushed 64 docs | 0 chunks | totals → 371840 docs / 0 chunks
  Flushed 64 docs | 0 chunks | totals → 371904 docs / 0 chunks
  Flushed 64 docs | 0 chunks | totals → 371968 docs / 0 chunks
  Flushed 64 docs | 0 chunks | totals → 372032 docs / 0 chunks
  Flushed 64 docs | 0 chunks | totals → 372096 docs / 0 chunks
  Flushed 64 docs | 0 chunks | totals → 372160 docs / 0 chunks
  Flushed 64 docs | 0 chunks | totals → 372224 docs / 0 chunks
  Flushed 64 docs | 0 chunks | totals → 372288 docs / 0 chunks
  Flushed 64 docs | 0 chunks | totals → 372352 docs / 0 chunks
  Flushed 64 docs | 0 chunks | totals → 372416 docs / 0 chunks
  Flushed 64 docs | 0 chunks | totals → 372480 docs / 0 chunks
  Flushed 64 docs | 0 chunks | totals → 372544 docs / 0 chunks
  Flushed 64 docs | 0 chunks | totals → 372608 docs / 0 chunks
  Flushed 64 docs | 0 chunks | totals → 372672 docs / 0 chunks
  Flushed 64 docs | 0 chunks | totals → 372736 docs / 0 chunks
  Flushed 64 docs | 0 chunks | totals → 372800 docs / 0 chunks
  Flushed 64 docs | 0 chunks | totals → 372864 docs / 0 chunks
  Flushed 64 docs | 0 chunks | totals → 372928 docs / 0 chunks
  Flushed 64 docs | 0 chunks | totals → 372992 docs / 0 chunks
  Flushed 64 docs | 0 chunks | totals → 373056 docs / 0 chunks
  Flushed 64 docs | 0 chunks | totals → 373120 docs / 0 chunks
  Flushed 64 docs | 0 chunks | totals → 373184 docs / 0 chunks
  Flushed 64 docs | 0 chunks | totals → 373248 docs / 0 chunks
  Flushed 64 docs | 0 chunks | totals → 373312 docs / 0 chunks
  Flushed 64 docs | 0 chunks | totals → 373376 docs / 0 chunks
  Flushed 64 docs | 0 chunks | totals → 373440 docs / 0 chunks
  Flushed 64 docs | 0 chunks | totals → 373504 docs / 0 chunks
  Flushed 64 docs | 0 chunks | totals → 373568 docs / 0 chunks
  Flushed 64 docs | 0 chunks | totals → 373632 docs / 0 chunks
  Flushed 64 docs | 0 chunks | totals → 373696 docs / 0 chunks
  Flushed 64 docs | 0 chunks | totals → 373760 docs / 0 chunks
  Flushed 64 docs | 0 chunks | totals → 373824 docs / 0 chunks
  Flushed 64 docs | 0 chunks | totals → 373888 docs / 0 chunks
  Flushed 64 docs | 0 chunks | totals → 373952 docs / 0 chunks
  Flushed 64 docs | 0 chunks | totals → 374016 docs / 0 chunks
  Flushed 64 docs | 0 chunks | totals → 374080 docs / 0 chunks
  Flushed 64 docs | 0 chunks | totals → 374144 docs / 0 chunks
  Flushed 64 docs | 0 chunks | totals → 374208 docs / 0 chunks
  Flushed 64 docs | 0 chunks | totals → 374272 docs / 0 chunks
  Flushed 64 docs | 0 chunks | totals → 374336 docs / 0 chunks
  Flushed 64 docs | 0 chunks | totals → 374400 docs / 0 chunks
  Flushed 64 docs | 0 chunks | totals → 374464 docs / 0 chunks
  Flushed 64 docs | 0 chunks | totals → 374528 docs / 0 chunks
  Flushed 64 docs | 0 chunks | totals → 374592 docs / 0 chunks
  Flushed 64 docs | 0 chunks | totals → 374656 docs / 0 chunks
  Flushed 64 docs | 0 chunks | totals → 374720 docs / 0 chunks
  Flushed 64 docs | 0 chunks | totals → 374784 docs / 0 chunks
  Flushed 64 docs | 0 chunks | totals → 374848 docs / 0 chunks
  Flushed 64 docs | 0 chunks | totals → 374912 docs / 0 chunks
  Flushed 64 docs | 0 chunks | totals → 374976 docs / 0 chunks
  Flushed 64 docs | 0 chunks | totals → 375040 docs / 0 chunks
  Flushed 64 docs | 0 chunks | totals → 375104 docs / 0 chunks
  Flushed 64 docs | 0 chunks | totals → 375168 docs / 0 chunks
  Flushed 64 docs | 0 chunks | totals → 375232 docs / 0 chunks
  Flushed 64 docs | 0 chunks | totals → 375296 docs / 0 chunks
  Flushed 64 docs | 0 chunks | totals → 375360 docs / 0 chunks
  Flushed 64 docs | 0 chunks | totals → 375424 docs / 0 chunks
  Flushed 64 docs | 0 chunks | totals → 375488 docs / 0 chunks
  Flushed 64 docs | 0 chunks | totals → 375552 docs / 0 chunks
  Flushed 64 docs | 0 chunks | totals → 375616 docs / 0 chunks
  Flushed 64 docs | 0 chunks | totals → 375680 docs / 0 chunks
  Flushed 64 docs | 0 chunks | totals → 375744 docs / 0 chunks
  Flushed 64 docs | 0 chunks | totals → 375808 docs / 0 chunks
  Flushed 64 docs | 0 chunks | totals → 375872 docs / 0 chunks
  Flushed 64 docs | 0 chunks | totals → 375936 docs / 0 chunks
  Flushed 64 docs | 0 chunks | totals → 376000 docs / 0 chunks
  Flushed 64 docs | 0 chunks | totals → 376064 docs / 0 chunks
  Flushed 64 docs | 0 chunks | totals → 376128 docs / 0 chunks
  Flushed 64 docs | 0 chunks | totals → 376192 docs / 0 chunks
  Flushed 64 docs | 0 chunks | totals → 376256 docs / 0 chunks
  Flushed 64 docs | 0 chunks | totals → 376320 docs / 0 chunks
  Flushed 64 docs | 0 chunks | totals → 376384 docs / 0 chunks
  Flushed 64 docs | 0 chunks | totals → 376448 docs / 0 chunks
  Flushed 64 docs | 0 chunks | totals → 376512 docs / 0 chunks
  Flushed 64 docs | 0 chunks | totals → 376576 docs / 0 chunks
  Flushed 64 docs | 0 chunks | totals → 376640 docs / 0 chunks
  Flushed 64 docs | 0 chunks | totals → 376704 docs / 0 chunks
  Flushed 64 docs | 0 chunks | totals → 376768 docs / 0 chunks
  Flushed 64 docs | 0 chunks | totals → 376832 docs / 0 chunks
  Flushed 64 docs | 0 chunks | totals → 376896 docs / 0 chunks
  Flushed 64 docs | 0 chunks | totals → 376960 docs / 0 chunks
  Flushed 64 docs | 0 chunks | totals → 377024 docs / 0 chunks
  Flushed 64 docs | 0 chunks | totals → 377088 docs / 0 chunks
  Flushed 64 docs | 0 chunks | totals → 377152 docs / 0 chunks
  Flushed 64 docs | 0 chunks | totals → 377216 docs / 0 chunks
  Flushed 64 docs | 0 chunks | totals → 377280 docs / 0 chunks
  Flushed 64 docs | 0 chunks | totals → 377344 docs / 0 chunks
  Flushed 64 docs | 0 chunks | totals → 377408 docs / 0 chunks
  Flushed 64 docs | 0 chunks | totals → 377472 docs / 0 chunks
  Flushed 64 docs | 0 chunks | totals → 377536 docs / 0 chunks
  Flushed 64 docs | 0 chunks | totals → 377600 docs / 0 chunks
  Flushed 64 docs | 0 chunks | totals → 377664 docs / 0 chunks
  Flushed 64 docs | 0 chunks | totals → 377728 docs / 0 chunks
  Flushed 64 docs | 0 chunks | totals → 377792 docs / 0 chunks
  Flushed 64 docs | 0 chunks | totals → 377856 docs / 0 chunks
  Flushed 64 docs | 0 chunks | totals → 377920 docs / 0 chunks
  Flushed 64 docs | 0 chunks | totals → 377984 docs / 0 chunks
  Flushed 64 docs | 0 chunks | totals → 378048 docs / 0 chunks
  Flushed 64 docs | 0 chunks | totals → 378112 docs / 0 chunks
  Flushed 64 docs | 0 chunks | totals → 378176 docs / 0 chunks
  Flushed 64 docs | 0 chunks | totals → 378240 docs / 0 chunks
  Flushed 64 docs | 0 chunks | totals → 378304 docs / 0 chunks
  Flushed 64 docs | 0 chunks | totals → 378368 docs / 0 chunks
  Flushed 64 docs | 0 chunks | totals → 378432 docs / 0 chunks
  Flushed 64 docs | 0 chunks | totals → 378496 docs / 0 chunks
  Flushed 64 docs | 0 chunks | totals → 378560 docs / 0 chunks
  Flushed 64 docs | 0 chunks | totals → 378624 docs / 0 chunks
  Flushed 64 docs | 0 chunks | totals → 378688 docs / 0 chunks
  Flushed 64 docs | 0 chunks | totals → 378752 docs / 0 chunks
  Flushed 64 docs | 0 chunks | totals → 378816 docs / 0 chunks
  Flushed 64 docs | 0 chunks | totals → 378880 docs / 0 chunks
  Flushed 64 docs | 0 chunks | totals → 378944 docs / 0 chunks
  Flushed 64 docs | 0 chunks | totals → 379008 docs / 0 chunks
  Flushed 64 docs | 0 chunks | totals → 379072 docs / 0 chunks
  Flushed 64 docs | 0 chunks | totals → 379136 docs / 0 chunks
  Flushed 64 docs | 0 chunks | totals → 379200 docs / 0 chunks
  Flushed 64 docs | 0 chunks | totals → 379264 docs / 0 chunks
  Flushed 64 docs | 0 chunks | totals → 379328 docs / 0 chunks
  Flushed 64 docs | 0 chunks | totals → 379392 docs / 0 chunks
  Flushed 64 docs | 0 chunks | totals → 379456 docs / 0 chunks
  Flushed 64 docs | 0 chunks | totals → 379520 docs / 0 chunks
  Flushed 64 docs | 0 chunks | totals → 379584 docs / 0 chunks
  Flushed 64 docs | 0 chunks | totals → 379648 docs / 0 chunks
  Flushed 64 docs | 0 chunks | totals → 379712 docs / 0 chunks
  Flushed 64 docs | 0 chunks | totals → 379776 docs / 0 chunks
  Flushed 64 docs | 0 chunks | totals → 379840 docs / 0 chunks
  Flushed 64 docs | 0 chunks | totals → 379904 docs / 0 chunks
  Flushed 64 docs | 0 chunks | totals → 379968 docs / 0 chunks
  Flushed 64 docs | 0 chunks | totals → 380032 docs / 0 chunks
  Flushed 64 docs | 0 chunks | totals → 380096 docs / 0 chunks
  Flushed 64 docs | 0 chunks | totals → 380160 docs / 0 chunks
  Flushed 64 docs | 0 chunks | totals → 380224 docs / 0 chunks
  Flushed 64 docs | 0 chunks | totals → 380288 docs / 0 chunks
  Flushed 64 docs | 0 chunks | totals → 380352 docs / 0 chunks
  Flushed 64 docs | 0 chunks | totals → 380416 docs / 0 chunks
  Flushed 64 docs | 0 chunks | totals → 380480 docs / 0 chunks
  Flushed 64 docs | 0 chunks | totals → 380544 docs / 0 chunks
  Flushed 64 docs | 0 chunks | totals → 380608 docs / 0 chunks
  Flushed 64 docs | 0 chunks | totals → 380672 docs / 0 chunks
  Flushed 64 docs | 0 chunks | totals → 380736 docs / 0 chunks
  Flushed 64 docs | 0 chunks | totals → 380800 docs / 0 chunks
  Flushed 64 docs | 0 chunks | totals → 380864 docs / 0 chunks
  Flushed 64 docs | 0 chunks | totals → 380928 docs / 0 chunks
  Flushed 64 docs | 0 chunks | totals → 380992 docs / 0 chunks
  Flushed 64 docs | 0 chunks | totals → 381056 docs / 0 chunks
  Flushed 64 docs | 0 chunks | totals → 381120 docs / 0 chunks
  Flushed 64 docs | 0 chunks | totals → 381184 docs / 0 chunks
  Flushed 64 docs | 0 chunks | totals → 381248 docs / 0 chunks
  Flushed 64 docs | 0 chunks | totals → 381312 docs / 0 chunks
  Flushed 64 docs | 0 chunks | totals → 381376 docs / 0 chunks
  Flushed 64 docs | 0 chunks | totals → 381440 docs / 0 chunks
  Flushed 64 docs | 0 chunks | totals → 381504 docs / 0 chunks
  Flushed 64 docs | 0 chunks | totals → 381568 docs / 0 chunks
  Flushed 64 docs | 0 chunks | totals → 381632 docs / 0 chunks
  Flushed 64 docs | 0 chunks | totals → 381696 docs / 0 chunks
  Flushed 64 docs | 0 chunks | totals → 381760 docs / 0 chunks
  Flushed 64 docs | 0 chunks | totals → 381824 docs / 0 chunks
  Flushed 64 docs | 0 chunks | totals → 381888 docs / 0 chunks
  Flushed 64 docs | 0 chunks | totals → 381952 docs / 0 chunks
  Flushed 64 docs | 0 chunks | totals → 382016 docs / 0 chunks
  Flushed 64 docs | 0 chunks | totals → 382080 docs / 0 chunks
  Flushed 64 docs | 0 chunks | totals → 382144 docs / 0 chunks
  Flushed 64 docs | 0 chunks | totals → 382208 docs / 0 chunks
  Flushed 64 docs | 0 chunks | totals → 382272 docs / 0 chunks
  Flushed 64 docs | 0 chunks | totals → 382336 docs / 0 chunks
  Flushed 64 docs | 0 chunks | totals → 382400 docs / 0 chunks
  Flushed 64 docs | 0 chunks | totals → 382464 docs / 0 chunks
  Flushed 64 docs | 0 chunks | totals → 382528 docs / 0 chunks
  Flushed 64 docs | 0 chunks | totals → 382592 docs / 0 chunks
  Flushed 64 docs | 0 chunks | totals → 382656 docs / 0 chunks
  Flushed 64 docs | 0 chunks | totals → 382720 docs / 0 chunks
  Flushed 64 docs | 0 chunks | totals → 382784 docs / 0 chunks
  Flushed 64 docs | 0 chunks | totals → 382848 docs / 0 chunks
  Flushed 64 docs | 0 chunks | totals → 382912 docs / 0 chunks
  Flushed 64 docs | 0 chunks | totals → 382976 docs / 0 chunks
  Flushed 64 docs | 0 chunks | totals → 383040 docs / 0 chunks
  Flushed 64 docs | 0 chunks | totals → 383104 docs / 0 chunks
  Flushed 64 docs | 0 chunks | totals → 383168 docs / 0 chunks
  Flushed 64 docs | 0 chunks | totals → 383232 docs / 0 chunks
  Flushed 64 docs | 0 chunks | totals → 383296 docs / 0 chunks
  Flushed 64 docs | 0 chunks | totals → 383360 docs / 0 chunks
  Flushed 64 docs | 0 chunks | totals → 383424 docs / 0 chunks
  Flushed 64 docs | 0 chunks | totals → 383488 docs / 0 chunks
  Flushed 64 docs | 0 chunks | totals → 383552 docs / 0 chunks
  Flushed 64 docs | 0 chunks | totals → 383616 docs / 0 chunks
  Flushed 64 docs | 0 chunks | totals → 383680 docs / 0 chunks
  Flushed 64 docs | 0 chunks | totals → 383744 docs / 0 chunks
  Flushed 64 docs | 0 chunks | totals → 383808 docs / 0 chunks
  Flushed 64 docs | 0 chunks | totals → 383872 docs / 0 chunks
  Flushed 64 docs | 0 chunks | totals → 383936 docs / 0 chunks
  Flushed 64 docs | 0 chunks | totals → 384000 docs / 0 chunks
  Flushed 64 docs | 0 chunks | totals → 384064 docs / 0 chunks
  Flushed 64 docs | 0 chunks | totals → 384128 docs / 0 chunks
  Flushed 64 docs | 0 chunks | totals → 384192 docs / 0 chunks
  Flushed 64 docs | 0 chunks | totals → 384256 docs / 0 chunks
  Flushed 64 docs | 0 chunks | totals → 384320 docs / 0 chunks
  Flushed 64 docs | 0 chunks | totals → 384384 docs / 0 chunks
  Flushed 64 docs | 0 chunks | totals → 384448 docs / 0 chunks
  Flushed 64 docs | 0 chunks | totals → 384512 docs / 0 chunks
  Flushed 64 docs | 0 chunks | totals → 384576 docs / 0 chunks
  Flushed 64 docs | 0 chunks | totals → 384640 docs / 0 chunks
  Flushed 64 docs | 0 chunks | totals → 384704 docs / 0 chunks
  Flushed 64 docs | 0 chunks | totals → 384768 docs / 0 chunks
  Flushed 64 docs | 0 chunks | totals → 384832 docs / 0 chunks
  Flushed 64 docs | 0 chunks | totals → 384896 docs / 0 chunks
  Flushed 64 docs | 0 chunks | totals → 384960 docs / 0 chunks
  Flushed 64 docs | 0 chunks | totals → 385024 docs / 0 chunks
  Flushed 64 docs | 0 chunks | totals → 385088 docs / 0 chunks
  Flushed 64 docs | 0 chunks | totals → 385152 docs / 0 chunks
  Flushed 64 docs | 0 chunks | totals → 385216 docs / 0 chunks
  Flushed 64 docs | 0 chunks | totals → 385280 docs / 0 chunks
  Flushed 64 docs | 0 chunks | totals → 385344 docs / 0 chunks
  Flushed 64 docs | 0 chunks | totals → 385408 docs / 0 chunks
  Flushed 64 docs | 0 chunks | totals → 385472 docs / 0 chunks
  Flushed 64 docs | 0 chunks | totals → 385536 docs / 0 chunks
  Flushed 64 docs | 0 chunks | totals → 385600 docs / 0 chunks
  Flushed 64 docs | 0 chunks | totals → 385664 docs / 0 chunks
  Flushed 64 docs | 0 chunks | totals → 385728 docs / 0 chunks
  Flushed 64 docs | 0 chunks | totals → 385792 docs / 0 chunks
  Flushed 64 docs | 0 chunks | totals → 385856 docs / 0 chunks
  Flushed 64 docs | 0 chunks | totals → 385920 docs / 0 chunks
  Flushed 64 docs | 0 chunks | totals → 385984 docs / 0 chunks
  Flushed 64 docs | 0 chunks | totals → 386048 docs / 0 chunks
  Flushed 64 docs | 0 chunks | totals → 386112 docs / 0 chunks
  Flushed 64 docs | 0 chunks | totals → 386176 docs / 0 chunks
  Flushed 64 docs | 0 chunks | totals → 386240 docs / 0 chunks
  Flushed 64 docs | 0 chunks | totals → 386304 docs / 0 chunks
  Flushed 64 docs | 0 chunks | totals → 386368 docs / 0 chunks
  Flushed 64 docs | 0 chunks | totals → 386432 docs / 0 chunks
  Flushed 64 docs | 0 chunks | totals → 386496 docs / 0 chunks
  Flushed 64 docs | 0 chunks | totals → 386560 docs / 0 chunks
  Flushed 64 docs | 0 chunks | totals → 386624 docs / 0 chunks
  Flushed 64 docs | 0 chunks | totals → 386688 docs / 0 chunks
  Flushed 64 docs | 0 chunks | totals → 386752 docs / 0 chunks
  Flushed 64 docs | 0 chunks | totals → 386816 docs / 0 chunks
  Flushed 64 docs | 0 chunks | totals → 386880 docs / 0 chunks
  Flushed 64 docs | 0 chunks | totals → 386944 docs / 0 chunks
  Flushed 64 docs | 0 chunks | totals → 387008 docs / 0 chunks
  Flushed 64 docs | 0 chunks | totals → 387072 docs / 0 chunks
  Flushed 64 docs | 0 chunks | totals → 387136 docs / 0 chunks
  Flushed 64 docs | 0 chunks | totals → 387200 docs / 0 chunks
  Flushed 64 docs | 0 chunks | totals → 387264 docs / 0 chunks
  Flushed 64 docs | 0 chunks | totals → 387328 docs / 0 chunks
  Flushed 64 docs | 0 chunks | totals → 387392 docs / 0 chunks
  Flushed 64 docs | 0 chunks | totals → 387456 docs / 0 chunks
  Flushed 64 docs | 0 chunks | totals → 387520 docs / 0 chunks
  Flushed 64 docs | 0 chunks | totals → 387584 docs / 0 chunks
  Flushed 64 docs | 0 chunks | totals → 387648 docs / 0 chunks
  Flushed 64 docs | 0 chunks | totals → 387712 docs / 0 chunks
  Flushed 64 docs | 0 chunks | totals → 387776 docs / 0 chunks
  Flushed 64 docs | 0 chunks | totals → 387840 docs / 0 chunks
  Flushed 64 docs | 0 chunks | totals → 387904 docs / 0 chunks
  Flushed 64 docs | 0 chunks | totals → 387968 docs / 0 chunks
  Flushed 64 docs | 0 chunks | totals → 388032 docs / 0 chunks
  Flushed 64 docs | 0 chunks | totals → 388096 docs / 0 chunks
  Flushed 64 docs | 0 chunks | totals → 388160 docs / 0 chunks
  Flushed 64 docs | 0 chunks | totals → 388224 docs / 0 chunks
  Flushed 64 docs | 0 chunks | totals → 388288 docs / 0 chunks
  Flushed 64 docs | 0 chunks | totals → 388352 docs / 0 chunks
  Flushed 64 docs | 0 chunks | totals → 388416 docs / 0 chunks
  Flushed 64 docs | 0 chunks | totals → 388480 docs / 0 chunks
  Flushed 64 docs | 0 chunks | totals → 388544 docs / 0 chunks
  Flushed 64 docs | 0 chunks | totals → 388608 docs / 0 chunks
  Flushed 64 docs | 0 chunks | totals → 388672 docs / 0 chunks
  Flushed 64 docs | 0 chunks | totals → 388736 docs / 0 chunks
  Flushed 64 docs | 0 chunks | totals → 388800 docs / 0 chunks
  Flushed 64 docs | 0 chunks | totals → 388864 docs / 0 chunks
  Flushed 64 docs | 0 chunks | totals → 388928 docs / 0 chunks
  Flushed 64 docs | 0 chunks | totals → 388992 docs / 0 chunks
  Flushed 64 docs | 0 chunks | totals → 389056 docs / 0 chunks
  Flushed 64 docs | 0 chunks | totals → 389120 docs / 0 chunks
  Flushed 64 docs | 0 chunks | totals → 389184 docs / 0 chunks
  Flushed 64 docs | 0 chunks | totals → 389248 docs / 0 chunks
  Flushed 64 docs | 0 chunks | totals → 389312 docs / 0 chunks
  Flushed 64 docs | 0 chunks | totals → 389376 docs / 0 chunks
  Flushed 64 docs | 0 chunks | totals → 389440 docs / 0 chunks
  Flushed 64 docs | 0 chunks | totals → 389504 docs / 0 chunks
  Flushed 64 docs | 0 chunks | totals → 389568 docs / 0 chunks
  Flushed 64 docs | 0 chunks | totals → 389632 docs / 0 chunks
  Flushed 64 docs | 0 chunks | totals → 389696 docs / 0 chunks
  Flushed 64 docs | 0 chunks | totals → 389760 docs / 0 chunks
  Flushed 64 docs | 0 chunks | totals → 389824 docs / 0 chunks
  Flushed 64 docs | 0 chunks | totals → 389888 docs / 0 chunks
  Flushed 64 docs | 0 chunks | totals → 389952 docs / 0 chunks
  Flushed 64 docs | 0 chunks | totals → 390016 docs / 0 chunks
  Flushed 64 docs | 0 chunks | totals → 390080 docs / 0 chunks
  Flushed 64 docs | 0 chunks | totals → 390144 docs / 0 chunks
  Flushed 64 docs | 0 chunks | totals → 390208 docs / 0 chunks
  Flushed 64 docs | 0 chunks | totals → 390272 docs / 0 chunks
  Flushed 64 docs | 0 chunks | totals → 390336 docs / 0 chunks
  Flushed 64 docs | 0 chunks | totals → 390400 docs / 0 chunks
  Flushed 64 docs | 0 chunks | totals → 390464 docs / 0 chunks
  Flushed 64 docs | 0 chunks | totals → 390528 docs / 0 chunks
  Flushed 64 docs | 0 chunks | totals → 390592 docs / 0 chunks
  Flushed 64 docs | 0 chunks | totals → 390656 docs / 0 chunks
  Flushed 64 docs | 0 chunks | totals → 390720 docs / 0 chunks
  Flushed 64 docs | 0 chunks | totals → 390784 docs / 0 chunks
  Flushed 64 docs | 0 chunks | totals → 390848 docs / 0 chunks
  Flushed 64 docs | 0 chunks | totals → 390912 docs / 0 chunks
  Flushed 64 docs | 0 chunks | totals → 390976 docs / 0 chunks
  Flushed 64 docs | 0 chunks | totals → 391040 docs / 0 chunks
  Flushed 64 docs | 0 chunks | totals → 391104 docs / 0 chunks
  Flushed 64 docs | 0 chunks | totals → 391168 docs / 0 chunks
  Flushed 64 docs | 0 chunks | totals → 391232 docs / 0 chunks
  Flushed 64 docs | 0 chunks | totals → 391296 docs / 0 chunks
  Flushed 64 docs | 0 chunks | totals → 391360 docs / 0 chunks
  Flushed 64 docs | 0 chunks | totals → 391424 docs / 0 chunks
  Flushed 64 docs | 0 chunks | totals → 391488 docs / 0 chunks
  Flushed 64 docs | 0 chunks | totals → 391552 docs / 0 chunks
  Flushed 64 docs | 0 chunks | totals → 391616 docs / 0 chunks
  Flushed 64 docs | 0 chunks | totals → 391680 docs / 0 chunks
  Flushed 64 docs | 0 chunks | totals → 391744 docs / 0 chunks
  Flushed 64 docs | 0 chunks | totals → 391808 docs / 0 chunks
  Flushed 64 docs | 0 chunks | totals → 391872 docs / 0 chunks
  Flushed 64 docs | 0 chunks | totals → 391936 docs / 0 chunks
  Flushed 64 docs | 0 chunks | totals → 392000 docs / 0 chunks
  Flushed 64 docs | 0 chunks | totals → 392064 docs / 0 chunks
  Flushed 64 docs | 0 chunks | totals → 392128 docs / 0 chunks
  Flushed 64 docs | 0 chunks | totals → 392192 docs / 0 chunks
  Flushed 64 docs | 0 chunks | totals → 392256 docs / 0 chunks
  Flushed 64 docs | 0 chunks | totals → 392320 docs / 0 chunks
  Flushed 64 docs | 0 chunks | totals → 392384 docs / 0 chunks
  Flushed 64 docs | 0 chunks | totals → 392448 docs / 0 chunks
  Flushed 64 docs | 0 chunks | totals → 392512 docs / 0 chunks
  Flushed 64 docs | 0 chunks | totals → 392576 docs / 0 chunks
  Flushed 64 docs | 0 chunks | totals → 392640 docs / 0 chunks
  Flushed 64 docs | 0 chunks | totals → 392704 docs / 0 chunks
  Flushed 64 docs | 0 chunks | totals → 392768 docs / 0 chunks
  Flushed 64 docs | 0 chunks | totals → 392832 docs / 0 chunks
  Flushed 64 docs | 0 chunks | totals → 392896 docs / 0 chunks
  Flushed 64 docs | 0 chunks | totals → 392960 docs / 0 chunks
  Flushed 64 docs | 0 chunks | totals → 393024 docs / 0 chunks
  Flushed 64 docs | 0 chunks | totals → 393088 docs / 0 chunks
  Flushed 64 docs | 0 chunks | totals → 393152 docs / 0 chunks
  Flushed 64 docs | 0 chunks | totals → 393216 docs / 0 chunks
  Flushed 64 docs | 0 chunks | totals → 393280 docs / 0 chunks
  Flushed 64 docs | 0 chunks | totals → 393344 docs / 0 chunks
  Flushed 64 docs | 0 chunks | totals → 393408 docs / 0 chunks
  Flushed 64 docs | 0 chunks | totals → 393472 docs / 0 chunks
  Flushed 64 docs | 0 chunks | totals → 393536 docs / 0 chunks
  Flushed 64 docs | 0 chunks | totals → 393600 docs / 0 chunks
  Flushed 64 docs | 0 chunks | totals → 393664 docs / 0 chunks
  Flushed 64 docs | 0 chunks | totals → 393728 docs / 0 chunks
  Flushed 64 docs | 0 chunks | totals → 393792 docs / 0 chunks
  Flushed 64 docs | 0 chunks | totals → 393856 docs / 0 chunks
  Flushed 64 docs | 0 chunks | totals → 393920 docs / 0 chunks
  Flushed 64 docs | 0 chunks | totals → 393984 docs / 0 chunks
  Flushed 64 docs | 0 chunks | totals → 394048 docs / 0 chunks
  Flushed 64 docs | 0 chunks | totals → 394112 docs / 0 chunks
  Flushed 64 docs | 0 chunks | totals → 394176 docs / 0 chunks
  Flushed 64 docs | 0 chunks | totals → 394240 docs / 0 chunks
  Flushed 64 docs | 0 chunks | totals → 394304 docs / 0 chunks
  Flushed 64 docs | 0 chunks | totals → 394368 docs / 0 chunks
  Flushed 64 docs | 0 chunks | totals → 394432 docs / 0 chunks
  Flushed 64 docs | 0 chunks | totals → 394496 docs / 0 chunks
  Flushed 64 docs | 0 chunks | totals → 394560 docs / 0 chunks
  Flushed 64 docs | 0 chunks | totals → 394624 docs / 0 chunks
  Flushed 64 docs | 0 chunks | totals → 394688 docs / 0 chunks
  Flushed 64 docs | 0 chunks | totals → 394752 docs / 0 chunks
  Flushed 64 docs | 0 chunks | totals → 394816 docs / 0 chunks
  Flushed 64 docs | 0 chunks | totals → 394880 docs / 0 chunks
  Flushed 64 docs | 0 chunks | totals → 394944 docs / 0 chunks
  Flushed 64 docs | 0 chunks | totals → 395008 docs / 0 chunks
  Flushed 64 docs | 0 chunks | totals → 395072 docs / 0 chunks
  Flushed 64 docs | 0 chunks | totals → 395136 docs / 0 chunks
  Flushed 64 docs | 0 chunks | totals → 395200 docs / 0 chunks
  Flushed 64 docs | 0 chunks | totals → 395264 docs / 0 chunks
  Flushed 64 docs | 0 chunks | totals → 395328 docs / 0 chunks
  Flushed 64 docs | 0 chunks | totals → 395392 docs / 0 chunks
  Flushed 64 docs | 0 chunks | totals → 395456 docs / 0 chunks
  Flushed 64 docs | 0 chunks | totals → 395520 docs / 0 chunks
  Flushed 64 docs | 0 chunks | totals → 395584 docs / 0 chunks
  Flushed 64 docs | 0 chunks | totals → 395648 docs / 0 chunks
  Flushed 64 docs | 0 chunks | totals → 395712 docs / 0 chunks
  Flushed 64 docs | 0 chunks | totals → 395776 docs / 0 chunks
  Flushed 64 docs | 0 chunks | totals → 395840 docs / 0 chunks
  Flushed 64 docs | 0 chunks | totals → 395904 docs / 0 chunks
  Flushed 64 docs | 0 chunks | totals → 395968 docs / 0 chunks
  Flushed 64 docs | 0 chunks | totals → 396032 docs / 0 chunks
  Flushed 64 docs | 0 chunks | totals → 396096 docs / 0 chunks
  Flushed 64 docs | 0 chunks | totals → 396160 docs / 0 chunks
  Flushed 64 docs | 0 chunks | totals → 396224 docs / 0 chunks
  Flushed 64 docs | 0 chunks | totals → 396288 docs / 0 chunks
  Flushed 64 docs | 0 chunks | totals → 396352 docs / 0 chunks
  Flushed 64 docs | 0 chunks | totals → 396416 docs / 0 chunks
  Flushed 64 docs | 0 chunks | totals → 396480 docs / 0 chunks
  Flushed 64 docs | 0 chunks | totals → 396544 docs / 0 chunks
  Flushed 64 docs | 0 chunks | totals → 396608 docs / 0 chunks
  Flushed 64 docs | 0 chunks | totals → 396672 docs / 0 chunks
  Flushed 64 docs | 0 chunks | totals → 396736 docs / 0 chunks
  Flushed 64 docs | 0 chunks | totals → 396800 docs / 0 chunks
  Flushed 64 docs | 0 chunks | totals → 396864 docs / 0 chunks
  Flushed 64 docs | 0 chunks | totals → 396928 docs / 0 chunks
  Flushed 64 docs | 0 chunks | totals → 396992 docs / 0 chunks
  Flushed 64 docs | 0 chunks | totals → 397056 docs / 0 chunks
  Flushed 64 docs | 0 chunks | totals → 397120 docs / 0 chunks
  Flushed 64 docs | 0 chunks | totals → 397184 docs / 0 chunks
  Flushed 64 docs | 0 chunks | totals → 397248 docs / 0 chunks
  Flushed 64 docs | 0 chunks | totals → 397312 docs / 0 chunks
  Flushed 64 docs | 0 chunks | totals → 397376 docs / 0 chunks
  Flushed 64 docs | 0 chunks | totals → 397440 docs / 0 chunks
  Flushed 64 docs | 0 chunks | totals → 397504 docs / 0 chunks
  Flushed 64 docs | 0 chunks | totals → 397568 docs / 0 chunks
  Flushed 64 docs | 0 chunks | totals → 397632 docs / 0 chunks
  Flushed 64 docs | 0 chunks | totals → 397696 docs / 0 chunks
  Flushed 64 docs | 0 chunks | totals → 397760 docs / 0 chunks
  Flushed 64 docs | 0 chunks | totals → 397824 docs / 0 chunks
  Flushed 64 docs | 0 chunks | totals → 397888 docs / 0 chunks
  Flushed 64 docs | 0 chunks | totals → 397952 docs / 0 chunks
  Flushed 64 docs | 0 chunks | totals → 398016 docs / 0 chunks
  Flushed 64 docs | 0 chunks | totals → 398080 docs / 0 chunks
  Flushed 64 docs | 0 chunks | totals → 398144 docs / 0 chunks
  Flushed 64 docs | 0 chunks | totals → 398208 docs / 0 chunks
  Flushed 64 docs | 0 chunks | totals → 398272 docs / 0 chunks
  Flushed 64 docs | 0 chunks | totals → 398336 docs / 0 chunks
  Flushed 64 docs | 0 chunks | totals → 398400 docs / 0 chunks
  Flushed 64 docs | 0 chunks | totals → 398464 docs / 0 chunks
  Flushed 64 docs | 0 chunks | totals → 398528 docs / 0 chunks
  Flushed 64 docs | 0 chunks | totals → 398592 docs / 0 chunks
  Flushed 64 docs | 0 chunks | totals → 398656 docs / 0 chunks
  Flushed 64 docs | 0 chunks | totals → 398720 docs / 0 chunks
  Flushed 64 docs | 0 chunks | totals → 398784 docs / 0 chunks
  Flushed 64 docs | 0 chunks | totals → 398848 docs / 0 chunks
  Flushed 64 docs | 0 chunks | totals → 398912 docs / 0 chunks
  Flushed 64 docs | 0 chunks | totals → 398976 docs / 0 chunks
  Flushed 64 docs | 0 chunks | totals → 399040 docs / 0 chunks
  Flushed 64 docs | 0 chunks | totals → 399104 docs / 0 chunks
  Flushed 64 docs | 0 chunks | totals → 399168 docs / 0 chunks
  Flushed 64 docs | 0 chunks | totals → 399232 docs / 0 chunks
  Flushed 64 docs | 0 chunks | totals → 399296 docs / 0 chunks
  Flushed 64 docs | 0 chunks | totals → 399360 docs / 0 chunks
  Flushed 64 docs | 0 chunks | totals → 399424 docs / 0 chunks
  Flushed 64 docs | 0 chunks | totals → 399488 docs / 0 chunks
  Flushed 64 docs | 0 chunks | totals → 399552 docs / 0 chunks
  Flushed 64 docs | 0 chunks | totals → 399616 docs / 0 chunks
  Flushed 64 docs | 0 chunks | totals → 399680 docs / 0 chunks
  Flushed 64 docs | 0 chunks | totals → 399744 docs / 0 chunks
  Flushed 64 docs | 0 chunks | totals → 399808 docs / 0 chunks
  Flushed 64 docs | 0 chunks | totals → 399872 docs / 0 chunks
  Flushed 64 docs | 0 chunks | totals → 399936 docs / 0 chunks
  Flushed 64 docs | 0 chunks | totals → 400000 docs / 0 chunks
  Flushed 64 docs | 0 chunks | totals → 400064 docs / 0 chunks
  Flushed 64 docs | 0 chunks | totals → 400128 docs / 0 chunks
  Flushed 64 docs | 0 chunks | totals → 400192 docs / 0 chunks
  Flushed 64 docs | 0 chunks | totals → 400256 docs / 0 chunks
  Flushed 64 docs | 0 chunks | totals → 400320 docs / 0 chunks
  Flushed 64 docs | 0 chunks | totals → 400384 docs / 0 chunks
  Flushed 64 docs | 0 chunks | totals → 400448 docs / 0 chunks
  Flushed 64 docs | 0 chunks | totals → 400512 docs / 0 chunks
  Flushed 64 docs | 0 chunks | totals → 400576 docs / 0 chunks
  Flushed 64 docs | 0 chunks | totals → 400640 docs / 0 chunks
  Flushed 64 docs | 0 chunks | totals → 400704 docs / 0 chunks
  Flushed 64 docs | 0 chunks | totals → 400768 docs / 0 chunks
  Flushed 64 docs | 0 chunks | totals → 400832 docs / 0 chunks
  Flushed 64 docs | 0 chunks | totals → 400896 docs / 0 chunks
  Flushed 64 docs | 0 chunks | totals → 400960 docs / 0 chunks
  Flushed 64 docs | 0 chunks | totals → 401024 docs / 0 chunks
  Flushed 64 docs | 0 chunks | totals → 401088 docs / 0 chunks
  Flushed 64 docs | 0 chunks | totals → 401152 docs / 0 chunks
  Flushed 64 docs | 0 chunks | totals → 401216 docs / 0 chunks
  Flushed 64 docs | 0 chunks | totals → 401280 docs / 0 chunks
  Flushed 64 docs | 0 chunks | totals → 401344 docs / 0 chunks
  Flushed 64 docs | 0 chunks | totals → 401408 docs / 0 chunks
  Flushed 64 docs | 0 chunks | totals → 401472 docs / 0 chunks
  Flushed 64 docs | 0 chunks | totals → 401536 docs / 0 chunks
  Flushed 64 docs | 0 chunks | totals → 401600 docs / 0 chunks
  Flushed 64 docs | 0 chunks | totals → 401664 docs / 0 chunks
  Flushed 64 docs | 0 chunks | totals → 401728 docs / 0 chunks
  Flushed 64 docs | 0 chunks | totals → 401792 docs / 0 chunks
  Flushed 64 docs | 0 chunks | totals → 401856 docs / 0 chunks
  Flushed 64 docs | 0 chunks | totals → 401920 docs / 0 chunks
  Flushed 64 docs | 0 chunks | totals → 401984 docs / 0 chunks
  Flushed 64 docs | 0 chunks | totals → 402048 docs / 0 chunks
  Flushed 64 docs | 0 chunks | totals → 402112 docs / 0 chunks
  Flushed 64 docs | 0 chunks | totals → 402176 docs / 0 chunks
  Flushed 64 docs | 0 chunks | totals → 402240 docs / 0 chunks
  Flushed 64 docs | 0 chunks | totals → 402304 docs / 0 chunks
  Flushed 64 docs | 0 chunks | totals → 402368 docs / 0 chunks
  Flushed 64 docs | 0 chunks | totals → 402432 docs / 0 chunks
  Flushed 64 docs | 0 chunks | totals → 402496 docs / 0 chunks
  Flushed 64 docs | 0 chunks | totals → 402560 docs / 0 chunks
  Flushed 64 docs | 0 chunks | totals → 402624 docs / 0 chunks
  Flushed 64 docs | 0 chunks | totals → 402688 docs / 0 chunks
  Flushed 64 docs | 0 chunks | totals → 402752 docs / 0 chunks
  Flushed 64 docs | 0 chunks | totals → 402816 docs / 0 chunks
  Flushed 64 docs | 0 chunks | totals → 402880 docs / 0 chunks
  Flushed 64 docs | 0 chunks | totals → 402944 docs / 0 chunks
  Flushed 64 docs | 0 chunks | totals → 403008 docs / 0 chunks
  Flushed 64 docs | 0 chunks | totals → 403072 docs / 0 chunks
  Flushed 64 docs | 0 chunks | totals → 403136 docs / 0 chunks
  Flushed 64 docs | 0 chunks | totals → 403200 docs / 0 chunks
  Flushed 64 docs | 0 chunks | totals → 403264 docs / 0 chunks
  Flushed 64 docs | 0 chunks | totals → 403328 docs / 0 chunks
  Flushed 64 docs | 0 chunks | totals → 403392 docs / 0 chunks
  Flushed 64 docs | 0 chunks | totals → 403456 docs / 0 chunks
  Flushed 64 docs | 0 chunks | totals → 403520 docs / 0 chunks
  Flushed 64 docs | 0 chunks | totals → 403584 docs / 0 chunks
  Flushed 64 docs | 0 chunks | totals → 403648 docs / 0 chunks
  Flushed 64 docs | 0 chunks | totals → 403712 docs / 0 chunks
  Flushed 64 docs | 0 chunks | totals → 403776 docs / 0 chunks
  Flushed 64 docs | 0 chunks | totals → 403840 docs / 0 chunks
  Flushed 64 docs | 0 chunks | totals → 403904 docs / 0 chunks
  Flushed 64 docs | 0 chunks | totals → 403968 docs / 0 chunks
  Flushed 64 docs | 0 chunks | totals → 404032 docs / 0 chunks
  Flushed 64 docs | 0 chunks | totals → 404096 docs / 0 chunks
  Flushed 64 docs | 0 chunks | totals → 404160 docs / 0 chunks
  Flushed 64 docs | 0 chunks | totals → 404224 docs / 0 chunks
  Flushed 64 docs | 0 chunks | totals → 404288 docs / 0 chunks
  Flushed 64 docs | 0 chunks | totals → 404352 docs / 0 chunks
  Flushed 64 docs | 0 chunks | totals → 404416 docs / 0 chunks
  Flushed 64 docs | 0 chunks | totals → 404480 docs / 0 chunks
  Flushed 64 docs | 0 chunks | totals → 404544 docs / 0 chunks
  Flushed 64 docs | 0 chunks | totals → 404608 docs / 0 chunks
  Flushed 64 docs | 0 chunks | totals → 404672 docs / 0 chunks
  Flushed 64 docs | 0 chunks | totals → 404736 docs / 0 chunks
  Flushed 64 docs | 0 chunks | totals → 404800 docs / 0 chunks
  Flushed 64 docs | 0 chunks | totals → 404864 docs / 0 chunks
  Flushed 64 docs | 0 chunks | totals → 404928 docs / 0 chunks
  Flushed 64 docs | 0 chunks | totals → 404992 docs / 0 chunks
  Flushed 64 docs | 0 chunks | totals → 405056 docs / 0 chunks
  Flushed 64 docs | 0 chunks | totals → 405120 docs / 0 chunks
  Flushed 64 docs | 0 chunks | totals → 405184 docs / 0 chunks
  Flushed 64 docs | 0 chunks | totals → 405248 docs / 0 chunks
  Flushed 64 docs | 0 chunks | totals → 405312 docs / 0 chunks
  Flushed 64 docs | 0 chunks | totals → 405376 docs / 0 chunks
  Flushed 64 docs | 0 chunks | totals → 405440 docs / 0 chunks
  Flushed 64 docs | 0 chunks | totals → 405504 docs / 0 chunks
  Flushed 64 docs | 0 chunks | totals → 405568 docs / 0 chunks
  Flushed 64 docs | 0 chunks | totals → 405632 docs / 0 chunks
  Flushed 64 docs | 0 chunks | totals → 405696 docs / 0 chunks
  Flushed 64 docs | 0 chunks | totals → 405760 docs / 0 chunks
  Flushed 64 docs | 0 chunks | totals → 405824 docs / 0 chunks
  Flushed 64 docs | 0 chunks | totals → 405888 docs / 0 chunks
  Flushed 64 docs | 0 chunks | totals → 405952 docs / 0 chunks
  Flushed 64 docs | 0 chunks | totals → 406016 docs / 0 chunks
  Flushed 64 docs | 0 chunks | totals → 406080 docs / 0 chunks
  Flushed 64 docs | 0 chunks | totals → 406144 docs / 0 chunks
  Flushed 64 docs | 0 chunks | totals → 406208 docs / 0 chunks
  Flushed 64 docs | 0 chunks | totals → 406272 docs / 0 chunks
  Flushed 64 docs | 0 chunks | totals → 406336 docs / 0 chunks
  Flushed 64 docs | 0 chunks | totals → 406400 docs / 0 chunks
  Flushed 64 docs | 0 chunks | totals → 406464 docs / 0 chunks
  Flushed 64 docs | 0 chunks | totals → 406528 docs / 0 chunks
  Flushed 64 docs | 0 chunks | totals → 406592 docs / 0 chunks
  Flushed 64 docs | 0 chunks | totals → 406656 docs / 0 chunks
  Flushed 64 docs | 0 chunks | totals → 406720 docs / 0 chunks
  Flushed 64 docs | 0 chunks | totals → 406784 docs / 0 chunks
  Flushed 64 docs | 0 chunks | totals → 406848 docs / 0 chunks
  Flushed 64 docs | 0 chunks | totals → 406912 docs / 0 chunks
  Flushed 64 docs | 0 chunks | totals → 406976 docs / 0 chunks
  Flushed 64 docs | 0 chunks | totals → 407040 docs / 0 chunks
  Flushed 64 docs | 0 chunks | totals → 407104 docs / 0 chunks
  Flushed 64 docs | 0 chunks | totals → 407168 docs / 0 chunks
  Flushed 64 docs | 0 chunks | totals → 407232 docs / 0 chunks
  Flushed 64 docs | 0 chunks | totals → 407296 docs / 0 chunks
  Flushed 64 docs | 0 chunks | totals → 407360 docs / 0 chunks
  Flushed 64 docs | 0 chunks | totals → 407424 docs / 0 chunks
  Flushed 64 docs | 0 chunks | totals → 407488 docs / 0 chunks
  Flushed 64 docs | 0 chunks | totals → 407552 docs / 0 chunks
  Flushed 64 docs | 0 chunks | totals → 407616 docs / 0 chunks
  Flushed 64 docs | 0 chunks | totals → 407680 docs / 0 chunks
  Flushed 64 docs | 0 chunks | totals → 407744 docs / 0 chunks
  Flushed 64 docs | 0 chunks | totals → 407808 docs / 0 chunks
  Flushed 64 docs | 0 chunks | totals → 407872 docs / 0 chunks
  Flushed 64 docs | 0 chunks | totals → 407936 docs / 0 chunks
  Flushed 64 docs | 0 chunks | totals → 408000 docs / 0 chunks
  Flushed 64 docs | 0 chunks | totals → 408064 docs / 0 chunks
  Flushed 64 docs | 0 chunks | totals → 408128 docs / 0 chunks
  Flushed 64 docs | 0 chunks | totals → 408192 docs / 0 chunks
  Flushed 64 docs | 0 chunks | totals → 408256 docs / 0 chunks
  Flushed 64 docs | 0 chunks | totals → 408320 docs / 0 chunks
  Flushed 64 docs | 0 chunks | totals → 408384 docs / 0 chunks
  Flushed 64 docs | 0 chunks | totals → 408448 docs / 0 chunks
  Flushed 64 docs | 0 chunks | totals → 408512 docs / 0 chunks
  Flushed 64 docs | 0 chunks | totals → 408576 docs / 0 chunks
  Flushed 64 docs | 0 chunks | totals → 408640 docs / 0 chunks
  Flushed 64 docs | 0 chunks | totals → 408704 docs / 0 chunks
  Flushed 64 docs | 0 chunks | totals → 408768 docs / 0 chunks
  Flushed 64 docs | 0 chunks | totals → 408832 docs / 0 chunks
  Flushed 64 docs | 0 chunks | totals → 408896 docs / 0 chunks
  Flushed 64 docs | 0 chunks | totals → 408960 docs / 0 chunks
  Flushed 64 docs | 0 chunks | totals → 409024 docs / 0 chunks
  Flushed 64 docs | 0 chunks | totals → 409088 docs / 0 chunks
  Flushed 64 docs | 0 chunks | totals → 409152 docs / 0 chunks
  Flushed 64 docs | 0 chunks | totals → 409216 docs / 0 chunks
  Flushed 64 docs | 0 chunks | totals → 409280 docs / 0 chunks
  Flushed 64 docs | 0 chunks | totals → 409344 docs / 0 chunks
  Flushed 64 docs | 0 chunks | totals → 409408 docs / 0 chunks
  Flushed 64 docs | 0 chunks | totals → 409472 docs / 0 chunks
  Flushed 64 docs | 0 chunks | totals → 409536 docs / 0 chunks
  Flushed 64 docs | 0 chunks | totals → 409600 docs / 0 chunks
  Flushed 64 docs | 0 chunks | totals → 409664 docs / 0 chunks
  Flushed 64 docs | 0 chunks | totals → 409728 docs / 0 chunks
  Flushed 64 docs | 0 chunks | totals → 409792 docs / 0 chunks
  Flushed 64 docs | 0 chunks | totals → 409856 docs / 0 chunks
  Flushed 64 docs | 0 chunks | totals → 409920 docs / 0 chunks
  Flushed 64 docs | 0 chunks | totals → 409984 docs / 0 chunks
  Flushed 64 docs | 0 chunks | totals → 410048 docs / 0 chunks
  Flushed 64 docs | 0 chunks | totals → 410112 docs / 0 chunks
  Flushed 64 docs | 0 chunks | totals → 410176 docs / 0 chunks
  Flushed 64 docs | 0 chunks | totals → 410240 docs / 0 chunks
  Flushed 64 docs | 0 chunks | totals → 410304 docs / 0 chunks
  Flushed 64 docs | 0 chunks | totals → 410368 docs / 0 chunks
  Flushed 64 docs | 0 chunks | totals → 410432 docs / 0 chunks
  Flushed 64 docs | 0 chunks | totals → 410496 docs / 0 chunks
  Flushed 64 docs | 0 chunks | totals → 410560 docs / 0 chunks
  Flushed 64 docs | 0 chunks | totals → 410624 docs / 0 chunks
  Flushed 64 docs | 0 chunks | totals → 410688 docs / 0 chunks
  Flushed 64 docs | 0 chunks | totals → 410752 docs / 0 chunks
  Flushed 64 docs | 0 chunks | totals → 410816 docs / 0 chunks
  Flushed 64 docs | 0 chunks | totals → 410880 docs / 0 chunks
  Flushed 64 docs | 0 chunks | totals → 410944 docs / 0 chunks
  Flushed 64 docs | 0 chunks | totals → 411008 docs / 0 chunks
  Flushed 64 docs | 0 chunks | totals → 411072 docs / 0 chunks
  Flushed 64 docs | 0 chunks | totals → 411136 docs / 0 chunks
  Flushed 64 docs | 0 chunks | totals → 411200 docs / 0 chunks
  Flushed 64 docs | 0 chunks | totals → 411264 docs / 0 chunks
  Flushed 64 docs | 0 chunks | totals → 411328 docs / 0 chunks
  Flushed 64 docs | 0 chunks | totals → 411392 docs / 0 chunks
  Flushed 64 docs | 0 chunks | totals → 411456 docs / 0 chunks
  Flushed 64 docs | 0 chunks | totals → 411520 docs / 0 chunks
  Flushed 64 docs | 0 chunks | totals → 411584 docs / 0 chunks
  Flushed 64 docs | 0 chunks | totals → 411648 docs / 0 chunks
  Flushed 64 docs | 0 chunks | totals → 411712 docs / 0 chunks
  Flushed 64 docs | 0 chunks | totals → 411776 docs / 0 chunks
  Flushed 64 docs | 0 chunks | totals → 411840 docs / 0 chunks
  Flushed 64 docs | 0 chunks | totals → 411904 docs / 0 chunks
  Flushed 64 docs | 0 chunks | totals → 411968 docs / 0 chunks
  Flushed 64 docs | 0 chunks | totals → 412032 docs / 0 chunks
  Flushed 64 docs | 0 chunks | totals → 412096 docs / 0 chunks
  Flushed 64 docs | 0 chunks | totals → 412160 docs / 0 chunks
  Flushed 64 docs | 0 chunks | totals → 412224 docs / 0 chunks
  Flushed 64 docs | 0 chunks | totals → 412288 docs / 0 chunks
  Flushed 64 docs | 0 chunks | totals → 412352 docs / 0 chunks
  Flushed 64 docs | 0 chunks | totals → 412416 docs / 0 chunks
  Flushed 64 docs | 0 chunks | totals → 412480 docs / 0 chunks
  Flushed 64 docs | 0 chunks | totals → 412544 docs / 0 chunks
  Flushed 64 docs | 0 chunks | totals → 412608 docs / 0 chunks
  Flushed 64 docs | 0 chunks | totals → 412672 docs / 0 chunks
  Flushed 64 docs | 0 chunks | totals → 412736 docs / 0 chunks
  Flushed 64 docs | 0 chunks | totals → 412800 docs / 0 chunks
  Flushed 64 docs | 0 chunks | totals → 412864 docs / 0 chunks
  Flushed 64 docs | 0 chunks | totals → 412928 docs / 0 chunks
  Flushed 64 docs | 0 chunks | totals → 412992 docs / 0 chunks
  Flushed 64 docs | 0 chunks | totals → 413056 docs / 0 chunks
  Flushed 64 docs | 0 chunks | totals → 413120 docs / 0 chunks
  Flushed 64 docs | 0 chunks | totals → 413184 docs / 0 chunks
  Flushed 64 docs | 0 chunks | totals → 413248 docs / 0 chunks
  Flushed 64 docs | 0 chunks | totals → 413312 docs / 0 chunks
  Flushed 64 docs | 0 chunks | totals → 413376 docs / 0 chunks
  Flushed 64 docs | 0 chunks | totals → 413440 docs / 0 chunks
  Flushed 64 docs | 0 chunks | totals → 413504 docs / 0 chunks
  Flushed 64 docs | 0 chunks | totals → 413568 docs / 0 chunks
  Flushed 64 docs | 0 chunks | totals → 413632 docs / 0 chunks
  Flushed 64 docs | 0 chunks | totals → 413696 docs / 0 chunks
  Flushed 64 docs | 0 chunks | totals → 413760 docs / 0 chunks
  Flushed 64 docs | 0 chunks | totals → 413824 docs / 0 chunks
  Flushed 64 docs | 0 chunks | totals → 413888 docs / 0 chunks
  Flushed 64 docs | 0 chunks | totals → 413952 docs / 0 chunks
  Flushed 64 docs | 0 chunks | totals → 414016 docs / 0 chunks
  Flushed 64 docs | 0 chunks | totals → 414080 docs / 0 chunks
  Flushed 64 docs | 0 chunks | totals → 414144 docs / 0 chunks
  Flushed 64 docs | 0 chunks | totals → 414208 docs / 0 chunks
  Flushed 64 docs | 0 chunks | totals → 414272 docs / 0 chunks
  Flushed 64 docs | 0 chunks | totals → 414336 docs / 0 chunks
  Flushed 64 docs | 0 chunks | totals → 414400 docs / 0 chunks
  Flushed 64 docs | 0 chunks | totals → 414464 docs / 0 chunks
  Flushed 64 docs | 0 chunks | totals → 414528 docs / 0 chunks
  Flushed 64 docs | 0 chunks | totals → 414592 docs / 0 chunks
  Flushed 64 docs | 0 chunks | totals → 414656 docs / 0 chunks
  Flushed 64 docs | 0 chunks | totals → 414720 docs / 0 chunks
  Flushed 64 docs | 0 chunks | totals → 414784 docs / 0 chunks
  Flushed 64 docs | 0 chunks | totals → 414848 docs / 0 chunks
  Flushed 64 docs | 0 chunks | totals → 414912 docs / 0 chunks
  Flushed 64 docs | 0 chunks | totals → 414976 docs / 0 chunks
  Flushed 64 docs | 0 chunks | totals → 415040 docs / 0 chunks
  Flushed 64 docs | 0 chunks | totals → 415104 docs / 0 chunks
  Flushed 64 docs | 0 chunks | totals → 415168 docs / 0 chunks
  Flushed 64 docs | 0 chunks | totals → 415232 docs / 0 chunks
  Flushed 64 docs | 0 chunks | totals → 415296 docs / 0 chunks
  Flushed 64 docs | 0 chunks | totals → 415360 docs / 0 chunks
  Flushed 64 docs | 0 chunks | totals → 415424 docs / 0 chunks
  Flushed 64 docs | 0 chunks | totals → 415488 docs / 0 chunks
  Flushed 64 docs | 0 chunks | totals → 415552 docs / 0 chunks
  Flushed 64 docs | 0 chunks | totals → 415616 docs / 0 chunks
  Flushed 64 docs | 0 chunks | totals → 415680 docs / 0 chunks
  Flushed 64 docs | 0 chunks | totals → 415744 docs / 0 chunks
  Flushed 64 docs | 0 chunks | totals → 415808 docs / 0 chunks
  Flushed 64 docs | 0 chunks | totals → 415872 docs / 0 chunks
  Flushed 64 docs | 0 chunks | totals → 415936 docs / 0 chunks
  Flushed 64 docs | 0 chunks | totals → 416000 docs / 0 chunks
  Flushed 64 docs | 0 chunks | totals → 416064 docs / 0 chunks
  Flushed 64 docs | 0 chunks | totals → 416128 docs / 0 chunks
  Flushed 64 docs | 0 chunks | totals → 416192 docs / 0 chunks
  Flushed 64 docs | 0 chunks | totals → 416256 docs / 0 chunks
  Flushed 64 docs | 0 chunks | totals → 416320 docs / 0 chunks
  Flushed 64 docs | 0 chunks | totals → 416384 docs / 0 chunks
  Flushed 64 docs | 0 chunks | totals → 416448 docs / 0 chunks
  Flushed 64 docs | 0 chunks | totals → 416512 docs / 0 chunks
  Flushed 64 docs | 0 chunks | totals → 416576 docs / 0 chunks
  Flushed 64 docs | 0 chunks | totals → 416640 docs / 0 chunks
  Flushed 64 docs | 0 chunks | totals → 416704 docs / 0 chunks
  Flushed 64 docs | 0 chunks | totals → 416768 docs / 0 chunks
  Flushed 64 docs | 0 chunks | totals → 416832 docs / 0 chunks
  Flushed 64 docs | 0 chunks | totals → 416896 docs / 0 chunks
  Flushed 64 docs | 0 chunks | totals → 416960 docs / 0 chunks
  Flushed 64 docs | 0 chunks | totals → 417024 docs / 0 chunks
  Flushed 64 docs | 0 chunks | totals → 417088 docs / 0 chunks
  Flushed 64 docs | 0 chunks | totals → 417152 docs / 0 chunks
  Flushed 64 docs | 0 chunks | totals → 417216 docs / 0 chunks
  Flushed 64 docs | 0 chunks | totals → 417280 docs / 0 chunks
  Flushed 64 docs | 0 chunks | totals → 417344 docs / 0 chunks
  Flushed 64 docs | 0 chunks | totals → 417408 docs / 0 chunks
  Flushed 64 docs | 0 chunks | totals → 417472 docs / 0 chunks
  Flushed 64 docs | 0 chunks | totals → 417536 docs / 0 chunks
  Flushed 64 docs | 0 chunks | totals → 417600 docs / 0 chunks
  Flushed 64 docs | 0 chunks | totals → 417664 docs / 0 chunks
  Flushed 64 docs | 0 chunks | totals → 417728 docs / 0 chunks
  Flushed 64 docs | 0 chunks | totals → 417792 docs / 0 chunks
  Flushed 64 docs | 0 chunks | totals → 417856 docs / 0 chunks
  Flushed 64 docs | 0 chunks | totals → 417920 docs / 0 chunks
  Flushed 64 docs | 0 chunks | totals → 417984 docs / 0 chunks
  Flushed 64 docs | 0 chunks | totals → 418048 docs / 0 chunks
  Flushed 64 docs | 0 chunks | totals → 418112 docs / 0 chunks
  Flushed 64 docs | 0 chunks | totals → 418176 docs / 0 chunks
  Flushed 64 docs | 0 chunks | totals → 418240 docs / 0 chunks
  Flushed 64 docs | 0 chunks | totals → 418304 docs / 0 chunks
  Flushed 64 docs | 0 chunks | totals → 418368 docs / 0 chunks
  Flushed 64 docs | 0 chunks | totals → 418432 docs / 0 chunks
  Flushed 64 docs | 0 chunks | totals → 418496 docs / 0 chunks
  Flushed 64 docs | 0 chunks | totals → 418560 docs / 0 chunks
  Flushed 64 docs | 0 chunks | totals → 418624 docs / 0 chunks
  Flushed 64 docs | 0 chunks | totals → 418688 docs / 0 chunks
  Flushed 64 docs | 0 chunks | totals → 418752 docs / 0 chunks
  Flushed 64 docs | 0 chunks | totals → 418816 docs / 0 chunks
  Flushed 64 docs | 0 chunks | totals → 418880 docs / 0 chunks
  Flushed 64 docs | 0 chunks | totals → 418944 docs / 0 chunks
  Flushed 64 docs | 0 chunks | totals → 419008 docs / 0 chunks
  Flushed 64 docs | 0 chunks | totals → 419072 docs / 0 chunks
  Flushed 64 docs | 0 chunks | totals → 419136 docs / 0 chunks
  Flushed 64 docs | 0 chunks | totals → 419200 docs / 0 chunks
  Flushed 64 docs | 0 chunks | totals → 419264 docs / 0 chunks
  Flushed 64 docs | 0 chunks | totals → 419328 docs / 0 chunks
  Flushed 64 docs | 0 chunks | totals → 419392 docs / 0 chunks
  Flushed 64 docs | 0 chunks | totals → 419456 docs / 0 chunks
  Flushed 64 docs | 0 chunks | totals → 419520 docs / 0 chunks
  Flushed 64 docs | 0 chunks | totals → 419584 docs / 0 chunks
  Flushed 64 docs | 0 chunks | totals → 419648 docs / 0 chunks
  Flushed 64 docs | 0 chunks | totals → 419712 docs / 0 chunks
  Flushed 64 docs | 0 chunks | totals → 419776 docs / 0 chunks
  Flushed 64 docs | 0 chunks | totals → 419840 docs / 0 chunks
  Flushed 64 docs | 0 chunks | totals → 419904 docs / 0 chunks
  Flushed 64 docs | 0 chunks | totals → 419968 docs / 0 chunks
  Flushed 64 docs | 0 chunks | totals → 420032 docs / 0 chunks
  Flushed 64 docs | 0 chunks | totals → 420096 docs / 0 chunks
  Flushed 64 docs | 0 chunks | totals → 420160 docs / 0 chunks
  Flushed 64 docs | 0 chunks | totals → 420224 docs / 0 chunks
  Flushed 64 docs | 0 chunks | totals → 420288 docs / 0 chunks
  Flushed 64 docs | 0 chunks | totals → 420352 docs / 0 chunks
  Flushed 64 docs | 0 chunks | totals → 420416 docs / 0 chunks
  Flushed 64 docs | 0 chunks | totals → 420480 docs / 0 chunks
  Flushed 64 docs | 0 chunks | totals → 420544 docs / 0 chunks
  Flushed 64 docs | 0 chunks | totals → 420608 docs / 0 chunks
  Flushed 64 docs | 0 chunks | totals → 420672 docs / 0 chunks
  Flushed 64 docs | 0 chunks | totals → 420736 docs / 0 chunks
  Flushed 64 docs | 0 chunks | totals → 420800 docs / 0 chunks
  Flushed 64 docs | 0 chunks | totals → 420864 docs / 0 chunks
  Flushed 64 docs | 0 chunks | totals → 420928 docs / 0 chunks
  Flushed 64 docs | 0 chunks | totals → 420992 docs / 0 chunks
  Flushed 64 docs | 0 chunks | totals → 421056 docs / 0 chunks
  Flushed 64 docs | 0 chunks | totals → 421120 docs / 0 chunks
  Flushed 64 docs | 0 chunks | totals → 421184 docs / 0 chunks
  Flushed 64 docs | 0 chunks | totals → 421248 docs / 0 chunks
  Flushed 64 docs | 0 chunks | totals → 421312 docs / 0 chunks
  Flushed 64 docs | 0 chunks | totals → 421376 docs / 0 chunks
  Flushed 64 docs | 0 chunks | totals → 421440 docs / 0 chunks
  Flushed 64 docs | 0 chunks | totals → 421504 docs / 0 chunks
  Flushed 64 docs | 0 chunks | totals → 421568 docs / 0 chunks
  Flushed 64 docs | 0 chunks | totals → 421632 docs / 0 chunks
  Flushed 64 docs | 0 chunks | totals → 421696 docs / 0 chunks
  Flushed 64 docs | 0 chunks | totals → 421760 docs / 0 chunks
  Flushed 64 docs | 0 chunks | totals → 421824 docs / 0 chunks
  Flushed 64 docs | 0 chunks | totals → 421888 docs / 0 chunks
  Flushed 64 docs | 0 chunks | totals → 421952 docs / 0 chunks
  Flushed 64 docs | 0 chunks | totals → 422016 docs / 0 chunks
  Flushed 64 docs | 0 chunks | totals → 422080 docs / 0 chunks
  Flushed 64 docs | 0 chunks | totals → 422144 docs / 0 chunks
  Flushed 64 docs | 0 chunks | totals → 422208 docs / 0 chunks
  Flushed 64 docs | 0 chunks | totals → 422272 docs / 0 chunks
  Flushed 64 docs | 0 chunks | totals → 422336 docs / 0 chunks
  Flushed 64 docs | 0 chunks | totals → 422400 docs / 0 chunks
  Flushed 64 docs | 0 chunks | totals → 422464 docs / 0 chunks
  Flushed 64 docs | 0 chunks | totals → 422528 docs / 0 chunks
  Flushed 64 docs | 0 chunks | totals → 422592 docs / 0 chunks
  Flushed 64 docs | 0 chunks | totals → 422656 docs / 0 chunks
  Flushed 64 docs | 0 chunks | totals → 422720 docs / 0 chunks
  Flushed 64 docs | 0 chunks | totals → 422784 docs / 0 chunks
  Flushed 64 docs | 0 chunks | totals → 422848 docs / 0 chunks
  Flushed 64 docs | 0 chunks | totals → 422912 docs / 0 chunks
  Flushed 64 docs | 0 chunks | totals → 422976 docs / 0 chunks
  Flushed 64 docs | 0 chunks | totals → 423040 docs / 0 chunks
  Flushed 64 docs | 0 chunks | totals → 423104 docs / 0 chunks
  Flushed 64 docs | 0 chunks | totals → 423168 docs / 0 chunks
  Flushed 64 docs | 0 chunks | totals → 423232 docs / 0 chunks
  Flushed 64 docs | 0 chunks | totals → 423296 docs / 0 chunks
  Flushed 64 docs | 0 chunks | totals → 423360 docs / 0 chunks
  Flushed 64 docs | 0 chunks | totals → 423424 docs / 0 chunks
  Flushed 64 docs | 0 chunks | totals → 423488 docs / 0 chunks
  Flushed 64 docs | 0 chunks | totals → 423552 docs / 0 chunks
  Flushed 64 docs | 0 chunks | totals → 423616 docs / 0 chunks
  Flushed 64 docs | 0 chunks | totals → 423680 docs / 0 chunks
  Flushed 64 docs | 0 chunks | totals → 423744 docs / 0 chunks
  Flushed 64 docs | 0 chunks | totals → 423808 docs / 0 chunks
  Flushed 64 docs | 0 chunks | totals → 423872 docs / 0 chunks
  Flushed 64 docs | 0 chunks | totals → 423936 docs / 0 chunks
  Flushed 64 docs | 0 chunks | totals → 424000 docs / 0 chunks
  Flushed 64 docs | 0 chunks | totals → 424064 docs / 0 chunks
  Flushed 64 docs | 0 chunks | totals → 424128 docs / 0 chunks
  Flushed 64 docs | 0 chunks | totals → 424192 docs / 0 chunks
  Flushed 64 docs | 0 chunks | totals → 424256 docs / 0 chunks
  Flushed 64 docs | 0 chunks | totals → 424320 docs / 0 chunks
  Flushed 64 docs | 0 chunks | totals → 424384 docs / 0 chunks
  Flushed 64 docs | 0 chunks | totals → 424448 docs / 0 chunks
  Flushed 64 docs | 0 chunks | totals → 424512 docs / 0 chunks
  Flushed 64 docs | 0 chunks | totals → 424576 docs / 0 chunks
  Flushed 64 docs | 0 chunks | totals → 424640 docs / 0 chunks
  Flushed 64 docs | 0 chunks | totals → 424704 docs / 0 chunks
  Flushed 64 docs | 0 chunks | totals → 424768 docs / 0 chunks
  Flushed 64 docs | 0 chunks | totals → 424832 docs / 0 chunks
  Flushed 64 docs | 0 chunks | totals → 424896 docs / 0 chunks
  Flushed 64 docs | 0 chunks | totals → 424960 docs / 0 chunks
  Flushed 64 docs | 0 chunks | totals → 425024 docs / 0 chunks
  Flushed 64 docs | 0 chunks | totals → 425088 docs / 0 chunks
  Flushed 64 docs | 0 chunks | totals → 425152 docs / 0 chunks
  Flushed 64 docs | 0 chunks | totals → 425216 docs / 0 chunks
  Flushed 64 docs | 0 chunks | totals → 425280 docs / 0 chunks
  Flushed 64 docs | 0 chunks | totals → 425344 docs / 0 chunks
  Flushed 64 docs | 0 chunks | totals → 425408 docs / 0 chunks
  Flushed 64 docs | 0 chunks | totals → 425472 docs / 0 chunks
  Flushed 64 docs | 0 chunks | totals → 425536 docs / 0 chunks
  Flushed 64 docs | 0 chunks | totals → 425600 docs / 0 chunks
  Flushed 64 docs | 0 chunks | totals → 425664 docs / 0 chunks
  Flushed 64 docs | 0 chunks | totals → 425728 docs / 0 chunks
  Flushed 64 docs | 0 chunks | totals → 425792 docs / 0 chunks
  Flushed 64 docs | 0 chunks | totals → 425856 docs / 0 chunks
  Flushed 64 docs | 0 chunks | totals → 425920 docs / 0 chunks
  Flushed 64 docs | 0 chunks | totals → 425984 docs / 0 chunks
  Flushed 64 docs | 0 chunks | totals → 426048 docs / 0 chunks
  Flushed 64 docs | 0 chunks | totals → 426112 docs / 0 chunks
  Flushed 64 docs | 0 chunks | totals → 426176 docs / 0 chunks
  Flushed 64 docs | 0 chunks | totals → 426240 docs / 0 chunks
  Flushed 64 docs | 0 chunks | totals → 426304 docs / 0 chunks
  Flushed 64 docs | 0 chunks | totals → 426368 docs / 0 chunks
  Flushed 64 docs | 0 chunks | totals → 426432 docs / 0 chunks
  Flushed 64 docs | 0 chunks | totals → 426496 docs / 0 chunks
  Flushed 64 docs | 0 chunks | totals → 426560 docs / 0 chunks
  Flushed 64 docs | 0 chunks | totals → 426624 docs / 0 chunks
  Flushed 64 docs | 0 chunks | totals → 426688 docs / 0 chunks
  Flushed 64 docs | 0 chunks | totals → 426752 docs / 0 chunks
  Flushed 64 docs | 0 chunks | totals → 426816 docs / 0 chunks
  Flushed 64 docs | 0 chunks | totals → 426880 docs / 0 chunks
  Flushed 64 docs | 0 chunks | totals → 426944 docs / 0 chunks
  Flushed 64 docs | 0 chunks | totals → 427008 docs / 0 chunks
  Flushed 64 docs | 0 chunks | totals → 427072 docs / 0 chunks
  Flushed 64 docs | 0 chunks | totals → 427136 docs / 0 chunks
  Flushed 64 docs | 0 chunks | totals → 427200 docs / 0 chunks
  Flushed 64 docs | 0 chunks | totals → 427264 docs / 0 chunks
  Flushed 64 docs | 0 chunks | totals → 427328 docs / 0 chunks
  Flushed 64 docs | 0 chunks | totals → 427392 docs / 0 chunks
  Flushed 64 docs | 0 chunks | totals → 427456 docs / 0 chunks
  Flushed 64 docs | 0 chunks | totals → 427520 docs / 0 chunks
  Flushed 64 docs | 0 chunks | totals → 427584 docs / 0 chunks
  Flushed 64 docs | 0 chunks | totals → 427648 docs / 0 chunks
  Flushed 64 docs | 0 chunks | totals → 427712 docs / 0 chunks
  Flushed 64 docs | 0 chunks | totals → 427776 docs / 0 chunks
  Flushed 64 docs | 0 chunks | totals → 427840 docs / 0 chunks
  Flushed 64 docs | 0 chunks | totals → 427904 docs / 0 chunks
  Flushed 64 docs | 0 chunks | totals → 427968 docs / 0 chunks
  Flushed 64 docs | 0 chunks | totals → 428032 docs / 0 chunks
  Flushed 64 docs | 0 chunks | totals → 428096 docs / 0 chunks
  Flushed 64 docs | 0 chunks | totals → 428160 docs / 0 chunks
  Flushed 64 docs | 0 chunks | totals → 428224 docs / 0 chunks
  Flushed 64 docs | 0 chunks | totals → 428288 docs / 0 chunks
  Flushed 64 docs | 0 chunks | totals → 428352 docs / 0 chunks
  Flushed 64 docs | 0 chunks | totals → 428416 docs / 0 chunks
  Flushed 64 docs | 0 chunks | totals → 428480 docs / 0 chunks
  Flushed 64 docs | 0 chunks | totals → 428544 docs / 0 chunks
  Flushed 64 docs | 0 chunks | totals → 428608 docs / 0 chunks
  Flushed 64 docs | 0 chunks | totals → 428672 docs / 0 chunks
  Flushed 64 docs | 0 chunks | totals → 428736 docs / 0 chunks
  Flushed 64 docs | 0 chunks | totals → 428800 docs / 0 chunks
  Flushed 64 docs | 0 chunks | totals → 428864 docs / 0 chunks
  Flushed 64 docs | 0 chunks | totals → 428928 docs / 0 chunks
  Flushed 64 docs | 0 chunks | totals → 428992 docs / 0 chunks
  Flushed 64 docs | 0 chunks | totals → 429056 docs / 0 chunks
  Flushed 64 docs | 0 chunks | totals → 429120 docs / 0 chunks
  Flushed 64 docs | 0 chunks | totals → 429184 docs / 0 chunks
  Flushed 64 docs | 0 chunks | totals → 429248 docs / 0 chunks
  Flushed 64 docs | 0 chunks | totals → 429312 docs / 0 chunks
  Flushed 64 docs | 0 chunks | totals → 429376 docs / 0 chunks
  Flushed 64 docs | 0 chunks | totals → 429440 docs / 0 chunks
  Flushed 64 docs | 0 chunks | totals → 429504 docs / 0 chunks
  Flushed 64 docs | 0 chunks | totals → 429568 docs / 0 chunks
  Flushed 64 docs | 0 chunks | totals → 429632 docs / 0 chunks
  Flushed 64 docs | 0 chunks | totals → 429696 docs / 0 chunks
  Flushed 64 docs | 0 chunks | totals → 429760 docs / 0 chunks
  Flushed 64 docs | 0 chunks | totals → 429824 docs / 0 chunks
  Flushed 64 docs | 0 chunks | totals → 429888 docs / 0 chunks
  Flushed 64 docs | 0 chunks | totals → 429952 docs / 0 chunks
  Flushed 64 docs | 0 chunks | totals → 430016 docs / 0 chunks
  Flushed 64 docs | 0 chunks | totals → 430080 docs / 0 chunks
  Flushed 64 docs | 0 chunks | totals → 430144 docs / 0 chunks
  Flushed 64 docs | 0 chunks | totals → 430208 docs / 0 chunks
  Flushed 64 docs | 0 chunks | totals → 430272 docs / 0 chunks
  Flushed 64 docs | 0 chunks | totals → 430336 docs / 0 chunks
  Flushed 64 docs | 0 chunks | totals → 430400 docs / 0 chunks
  Flushed 64 docs | 0 chunks | totals → 430464 docs / 0 chunks
  Flushed 64 docs | 0 chunks | totals → 430528 docs / 0 chunks
  Flushed 64 docs | 0 chunks | totals → 430592 docs / 0 chunks
  Flushed 64 docs | 0 chunks | totals → 430656 docs / 0 chunks
  Flushed 64 docs | 0 chunks | totals → 430720 docs / 0 chunks
  Flushed 64 docs | 0 chunks | totals → 430784 docs / 0 chunks
  Flushed 64 docs | 0 chunks | totals → 430848 docs / 0 chunks
  Flushed 64 docs | 0 chunks | totals → 430912 docs / 0 chunks
  Flushed 64 docs | 0 chunks | totals → 430976 docs / 0 chunks
  Flushed 64 docs | 0 chunks | totals → 431040 docs / 0 chunks
  Flushed 64 docs | 0 chunks | totals → 431104 docs / 0 chunks
  Flushed 64 docs | 0 chunks | totals → 431168 docs / 0 chunks
  Flushed 64 docs | 0 chunks | totals → 431232 docs / 0 chunks
  Flushed 64 docs | 0 chunks | totals → 431296 docs / 0 chunks
  Flushed 64 docs | 0 chunks | totals → 431360 docs / 0 chunks
  Flushed 64 docs | 0 chunks | totals → 431424 docs / 0 chunks
  Flushed 64 docs | 0 chunks | totals → 431488 docs / 0 chunks
  Flushed 64 docs | 0 chunks | totals → 431552 docs / 0 chunks
  Flushed 64 docs | 0 chunks | totals → 431616 docs / 0 chunks
  Flushed 64 docs | 0 chunks | totals → 431680 docs / 0 chunks
  Flushed 64 docs | 0 chunks | totals → 431744 docs / 0 chunks
  Flushed 64 docs | 0 chunks | totals → 431808 docs / 0 chunks
  Flushed 64 docs | 0 chunks | totals → 431872 docs / 0 chunks
  Flushed 64 docs | 0 chunks | totals → 431936 docs / 0 chunks
  Flushed 64 docs | 0 chunks | totals → 432000 docs / 0 chunks
  Flushed 64 docs | 0 chunks | totals → 432064 docs / 0 chunks
  Flushed 64 docs | 0 chunks | totals → 432128 docs / 0 chunks
  Flushed 64 docs | 0 chunks | totals → 432192 docs / 0 chunks
  Flushed 64 docs | 0 chunks | totals → 432256 docs / 0 chunks
  Flushed 64 docs | 0 chunks | totals → 432320 docs / 0 chunks
  Flushed 64 docs | 0 chunks | totals → 432384 docs / 0 chunks
  Flushed 64 docs | 0 chunks | totals → 432448 docs / 0 chunks
  Flushed 64 docs | 0 chunks | totals → 432512 docs / 0 chunks
  Flushed 64 docs | 0 chunks | totals → 432576 docs / 0 chunks
  Flushed 64 docs | 0 chunks | totals → 432640 docs / 0 chunks
  Flushed 64 docs | 0 chunks | totals → 432704 docs / 0 chunks
  Flushed 64 docs | 0 chunks | totals → 432768 docs / 0 chunks
  Flushed 64 docs | 0 chunks | totals → 432832 docs / 0 chunks
  Flushed 64 docs | 0 chunks | totals → 432896 docs / 0 chunks
  Flushed 64 docs | 0 chunks | totals → 432960 docs / 0 chunks
  Flushed 64 docs | 0 chunks | totals → 433024 docs / 0 chunks
  Flushed 64 docs | 0 chunks | totals → 433088 docs / 0 chunks
  Flushed 64 docs | 0 chunks | totals → 433152 docs / 0 chunks
  Flushed 64 docs | 0 chunks | totals → 433216 docs / 0 chunks
  Flushed 64 docs | 0 chunks | totals → 433280 docs / 0 chunks
  Flushed 64 docs | 0 chunks | totals → 433344 docs / 0 chunks
  Flushed 64 docs | 0 chunks | totals → 433408 docs / 0 chunks
  Flushed 64 docs | 0 chunks | totals → 433472 docs / 0 chunks
  Flushed 64 docs | 0 chunks | totals → 433536 docs / 0 chunks
  Flushed 64 docs | 0 chunks | totals → 433600 docs / 0 chunks
  Flushed 64 docs | 0 chunks | totals → 433664 docs / 0 chunks
  Flushed 64 docs | 0 chunks | totals → 433728 docs / 0 chunks
  Flushed 64 docs | 0 chunks | totals → 433792 docs / 0 chunks
  Flushed 64 docs | 0 chunks | totals → 433856 docs / 0 chunks
  Flushed 64 docs | 0 chunks | totals → 433920 docs / 0 chunks
  Flushed 64 docs | 0 chunks | totals → 433984 docs / 0 chunks
  Flushed 64 docs | 0 chunks | totals → 434048 docs / 0 chunks
  Flushed 64 docs | 0 chunks | totals → 434112 docs / 0 chunks
  Flushed 64 docs | 0 chunks | totals → 434176 docs / 0 chunks
  Flushed 64 docs | 0 chunks | totals → 434240 docs / 0 chunks
  Flushed 64 docs | 0 chunks | totals → 434304 docs / 0 chunks
  Flushed 64 docs | 0 chunks | totals → 434368 docs / 0 chunks
  Flushed 64 docs | 0 chunks | totals → 434432 docs / 0 chunks
  Flushed 64 docs | 0 chunks | totals → 434496 docs / 0 chunks
  Flushed 64 docs | 0 chunks | totals → 434560 docs / 0 chunks
  Flushed 64 docs | 0 chunks | totals → 434624 docs / 0 chunks
  Flushed 64 docs | 0 chunks | totals → 434688 docs / 0 chunks
  Flushed 64 docs | 0 chunks | totals → 434752 docs / 0 chunks
  Flushed 64 docs | 0 chunks | totals → 434816 docs / 0 chunks
  Flushed 64 docs | 0 chunks | totals → 434880 docs / 0 chunks
  Flushed 64 docs | 0 chunks | totals → 434944 docs / 0 chunks
  Flushed 64 docs | 0 chunks | totals → 435008 docs / 0 chunks
  Flushed 64 docs | 0 chunks | totals → 435072 docs / 0 chunks
  Flushed 64 docs | 0 chunks | totals → 435136 docs / 0 chunks
  Flushed 64 docs | 0 chunks | totals → 435200 docs / 0 chunks
  Flushed 64 docs | 0 chunks | totals → 435264 docs / 0 chunks
  Flushed 64 docs | 0 chunks | totals → 435328 docs / 0 chunks
  Flushed 64 docs | 0 chunks | totals → 435392 docs / 0 chunks
  Flushed 64 docs | 0 chunks | totals → 435456 docs / 0 chunks
  Flushed 64 docs | 0 chunks | totals → 435520 docs / 0 chunks
  Flushed 64 docs | 0 chunks | totals → 435584 docs / 0 chunks
  Flushed 64 docs | 0 chunks | totals → 435648 docs / 0 chunks
  Flushed 64 docs | 0 chunks | totals → 435712 docs / 0 chunks
  Flushed 64 docs | 0 chunks | totals → 435776 docs / 0 chunks
  Flushed 64 docs | 0 chunks | totals → 435840 docs / 0 chunks
  Flushed 64 docs | 0 chunks | totals → 435904 docs / 0 chunks
  Flushed 64 docs | 0 chunks | totals → 435968 docs / 0 chunks
  Flushed 64 docs | 0 chunks | totals → 436032 docs / 0 chunks
  Flushed 64 docs | 0 chunks | totals → 436096 docs / 0 chunks
  Flushed 64 docs | 0 chunks | totals → 436160 docs / 0 chunks
  Flushed 64 docs | 0 chunks | totals → 436224 docs / 0 chunks
  Flushed 64 docs | 0 chunks | totals → 436288 docs / 0 chunks
  Flushed 64 docs | 0 chunks | totals → 436352 docs / 0 chunks
  Flushed 64 docs | 0 chunks | totals → 436416 docs / 0 chunks
  Flushed 64 docs | 0 chunks | totals → 436480 docs / 0 chunks
  Flushed 64 docs | 0 chunks | totals → 436544 docs / 0 chunks
  Flushed 64 docs | 0 chunks | totals → 436608 docs / 0 chunks
  Flushed 64 docs | 0 chunks | totals → 436672 docs / 0 chunks
  Flushed 64 docs | 0 chunks | totals → 436736 docs / 0 chunks
  Flushed 64 docs | 0 chunks | totals → 436800 docs / 0 chunks
  Flushed 64 docs | 0 chunks | totals → 436864 docs / 0 chunks
  Flushed 64 docs | 0 chunks | totals → 436928 docs / 0 chunks
  Flushed 64 docs | 0 chunks | totals → 436992 docs / 0 chunks
  Flushed 64 docs | 0 chunks | totals → 437056 docs / 0 chunks
  Flushed 64 docs | 0 chunks | totals → 437120 docs / 0 chunks
  Flushed 64 docs | 0 chunks | totals → 437184 docs / 0 chunks
  Flushed 64 docs | 0 chunks | totals → 437248 docs / 0 chunks
  Flushed 64 docs | 0 chunks | totals → 437312 docs / 0 chunks
  Flushed 64 docs | 0 chunks | totals → 437376 docs / 0 chunks
  Flushed 64 docs | 0 chunks | totals → 437440 docs / 0 chunks
  Flushed 64 docs | 0 chunks | totals → 437504 docs / 0 chunks
  Flushed 64 docs | 0 chunks | totals → 437568 docs / 0 chunks
  Flushed 64 docs | 0 chunks | totals → 437632 docs / 0 chunks
  Flushed 64 docs | 0 chunks | totals → 437696 docs / 0 chunks
  Flushed 64 docs | 0 chunks | totals → 437760 docs / 0 chunks
  Flushed 64 docs | 0 chunks | totals → 437824 docs / 0 chunks
  Flushed 64 docs | 0 chunks | totals → 437888 docs / 0 chunks
  Flushed 64 docs | 0 chunks | totals → 437952 docs / 0 chunks
  Flushed 64 docs | 0 chunks | totals → 438016 docs / 0 chunks
  Flushed 64 docs | 0 chunks | totals → 438080 docs / 0 chunks
  Flushed 64 docs | 0 chunks | totals → 438144 docs / 0 chunks
  Flushed 64 docs | 0 chunks | totals → 438208 docs / 0 chunks
  Flushed 64 docs | 0 chunks | totals → 438272 docs / 0 chunks
  Flushed 64 docs | 0 chunks | totals → 438336 docs / 0 chunks
  Flushed 64 docs | 0 chunks | totals → 438400 docs / 0 chunks
  Flushed 64 docs | 0 chunks | totals → 438464 docs / 0 chunks
  Flushed 64 docs | 0 chunks | totals → 438528 docs / 0 chunks
  Flushed 64 docs | 0 chunks | totals → 438592 docs / 0 chunks
  Flushed 64 docs | 0 chunks | totals → 438656 docs / 0 chunks
  Flushed 64 docs | 0 chunks | totals → 438720 docs / 0 chunks
  Flushed 64 docs | 0 chunks | totals → 438784 docs / 0 chunks
  Flushed 64 docs | 0 chunks | totals → 438848 docs / 0 chunks
  Flushed 64 docs | 0 chunks | totals → 438912 docs / 0 chunks
  Flushed 64 docs | 0 chunks | totals → 438976 docs / 0 chunks
  Flushed 64 docs | 0 chunks | totals → 439040 docs / 0 chunks
  Flushed 64 docs | 0 chunks | totals → 439104 docs / 0 chunks
  Flushed 64 docs | 0 chunks | totals → 439168 docs / 0 chunks
  Flushed 64 docs | 0 chunks | totals → 439232 docs / 0 chunks
  Flushed 64 docs | 0 chunks | totals → 439296 docs / 0 chunks
  Flushed 64 docs | 0 chunks | totals → 439360 docs / 0 chunks
  Flushed 64 docs | 0 chunks | totals → 439424 docs / 0 chunks
  Flushed 64 docs | 0 chunks | totals → 439488 docs / 0 chunks
  Flushed 64 docs | 0 chunks | totals → 439552 docs / 0 chunks
  Flushed 64 docs | 0 chunks | totals → 439616 docs / 0 chunks
  Flushed 64 docs | 0 chunks | totals → 439680 docs / 0 chunks
  Flushed 64 docs | 0 chunks | totals → 439744 docs / 0 chunks
  Flushed 64 docs | 0 chunks | totals → 439808 docs / 0 chunks
  Flushed 64 docs | 0 chunks | totals → 439872 docs / 0 chunks
  Flushed 64 docs | 0 chunks | totals → 439936 docs / 0 chunks
  Flushed 64 docs | 0 chunks | totals → 440000 docs / 0 chunks
  Flushed 64 docs | 0 chunks | totals → 440064 docs / 0 chunks
  Flushed 64 docs | 0 chunks | totals → 440128 docs / 0 chunks
  Flushed 64 docs | 0 chunks | totals → 440192 docs / 0 chunks
  Flushed 64 docs | 0 chunks | totals → 440256 docs / 0 chunks
  Flushed 64 docs | 0 chunks | totals → 440320 docs / 0 chunks
  Flushed 64 docs | 0 chunks | totals → 440384 docs / 0 chunks
  Flushed 64 docs | 0 chunks | totals → 440448 docs / 0 chunks
  Flushed 64 docs | 0 chunks | totals → 440512 docs / 0 chunks
  Flushed 64 docs | 0 chunks | totals → 440576 docs / 0 chunks
  Flushed 64 docs | 0 chunks | totals → 440640 docs / 0 chunks
  Flushed 64 docs | 0 chunks | totals → 440704 docs / 0 chunks
  Flushed 64 docs | 0 chunks | totals → 440768 docs / 0 chunks
  Flushed 64 docs | 0 chunks | totals → 440832 docs / 0 chunks
  Flushed 64 docs | 0 chunks | totals → 440896 docs / 0 chunks
  Flushed 64 docs | 0 chunks | totals → 440960 docs / 0 chunks
  Flushed 64 docs | 0 chunks | totals → 441024 docs / 0 chunks
  Flushed 64 docs | 0 chunks | totals → 441088 docs / 0 chunks
  Flushed 64 docs | 0 chunks | totals → 441152 docs / 0 chunks
  Flushed 64 docs | 0 chunks | totals → 441216 docs / 0 chunks
  Flushed 64 docs | 0 chunks | totals → 441280 docs / 0 chunks
  Flushed 64 docs | 0 chunks | totals → 441344 docs / 0 chunks
  Flushed 64 docs | 0 chunks | totals → 441408 docs / 0 chunks
  Flushed 64 docs | 0 chunks | totals → 441472 docs / 0 chunks
  Flushed 64 docs | 0 chunks | totals → 441536 docs / 0 chunks
  Flushed 64 docs | 0 chunks | totals → 441600 docs / 0 chunks
  Flushed 64 docs | 0 chunks | totals → 441664 docs / 0 chunks
  Flushed 64 docs | 0 chunks | totals → 441728 docs / 0 chunks
  Flushed 64 docs | 0 chunks | totals → 441792 docs / 0 chunks
  Flushed 64 docs | 0 chunks | totals → 441856 docs / 0 chunks
  Flushed 64 docs | 0 chunks | totals → 441920 docs / 0 chunks
  Flushed 64 docs | 0 chunks | totals → 441984 docs / 0 chunks
  Flushed 64 docs | 0 chunks | totals → 442048 docs / 0 chunks
  Flushed 64 docs | 0 chunks | totals → 442112 docs / 0 chunks
  Flushed 64 docs | 0 chunks | totals → 442176 docs / 0 chunks
  Flushed 64 docs | 0 chunks | totals → 442240 docs / 0 chunks
  Flushed 64 docs | 0 chunks | totals → 442304 docs / 0 chunks
  Flushed 64 docs | 0 chunks | totals → 442368 docs / 0 chunks
  Flushed 64 docs | 0 chunks | totals → 442432 docs / 0 chunks
  Flushed 64 docs | 0 chunks | totals → 442496 docs / 0 chunks
  Flushed 64 docs | 0 chunks | totals → 442560 docs / 0 chunks
  Flushed 64 docs | 0 chunks | totals → 442624 docs / 0 chunks
  Flushed 64 docs | 0 chunks | totals → 442688 docs / 0 chunks
  Flushed 64 docs | 0 chunks | totals → 442752 docs / 0 chunks
  Flushed 64 docs | 0 chunks | totals → 442816 docs / 0 chunks
  Flushed 64 docs | 0 chunks | totals → 442880 docs / 0 chunks
  Flushed 64 docs | 0 chunks | totals → 442944 docs / 0 chunks
  Flushed 64 docs | 0 chunks | totals → 443008 docs / 0 chunks
  Flushed 64 docs | 0 chunks | totals → 443072 docs / 0 chunks
  Flushed 64 docs | 0 chunks | totals → 443136 docs / 0 chunks
  Flushed 64 docs | 0 chunks | totals → 443200 docs / 0 chunks
  Flushed 64 docs | 0 chunks | totals → 443264 docs / 0 chunks
  Flushed 64 docs | 0 chunks | totals → 443328 docs / 0 chunks
  Flushed 64 docs | 0 chunks | totals → 443392 docs / 0 chunks
  Flushed 64 docs | 0 chunks | totals → 443456 docs / 0 chunks
  Flushed 64 docs | 0 chunks | totals → 443520 docs / 0 chunks
  Flushed 64 docs | 0 chunks | totals → 443584 docs / 0 chunks
  Flushed 64 docs | 0 chunks | totals → 443648 docs / 0 chunks
  Flushed 64 docs | 0 chunks | totals → 443712 docs / 0 chunks
  Flushed 64 docs | 0 chunks | totals → 443776 docs / 0 chunks
  Flushed 64 docs | 0 chunks | totals → 443840 docs / 0 chunks
  Flushed 64 docs | 0 chunks | totals → 443904 docs / 0 chunks
  Flushed 64 docs | 0 chunks | totals → 443968 docs / 0 chunks
  Flushed 64 docs | 0 chunks | totals → 444032 docs / 0 chunks
  Flushed 64 docs | 0 chunks | totals → 444096 docs / 0 chunks
  Flushed 64 docs | 0 chunks | totals → 444160 docs / 0 chunks
  Flushed 64 docs | 0 chunks | totals → 444224 docs / 0 chunks
  Flushed 64 docs | 0 chunks | totals → 444288 docs / 0 chunks
  Flushed 64 docs | 0 chunks | totals → 444352 docs / 0 chunks
  Flushed 64 docs | 0 chunks | totals → 444416 docs / 0 chunks
  Flushed 64 docs | 0 chunks | totals → 444480 docs / 0 chunks
  Flushed 64 docs | 0 chunks | totals → 444544 docs / 0 chunks
  Flushed 64 docs | 0 chunks | totals → 444608 docs / 0 chunks
  Flushed 64 docs | 0 chunks | totals → 444672 docs / 0 chunks
  Flushed 64 docs | 0 chunks | totals → 444736 docs / 0 chunks
  Flushed 64 docs | 0 chunks | totals → 444800 docs / 0 chunks
  Flushed 64 docs | 0 chunks | totals → 444864 docs / 0 chunks
  Flushed 64 docs | 0 chunks | totals → 444928 docs / 0 chunks
  Flushed 64 docs | 0 chunks | totals → 444992 docs / 0 chunks
  Flushed 64 docs | 0 chunks | totals → 445056 docs / 0 chunks
  Flushed 64 docs | 0 chunks | totals → 445120 docs / 0 chunks
  Flushed 64 docs | 0 chunks | totals → 445184 docs / 0 chunks
  Flushed 64 docs | 0 chunks | totals → 445248 docs / 0 chunks
  Flushed 64 docs | 0 chunks | totals → 445312 docs / 0 chunks
  Flushed 64 docs | 0 chunks | totals → 445376 docs / 0 chunks
  Flushed 64 docs | 0 chunks | totals → 445440 docs / 0 chunks
  Flushed 64 docs | 0 chunks | totals → 445504 docs / 0 chunks
  Flushed 64 docs | 0 chunks | totals → 445568 docs / 0 chunks
  Flushed 64 docs | 0 chunks | totals → 445632 docs / 0 chunks
  Flushed 64 docs | 0 chunks | totals → 445696 docs / 0 chunks
  Flushed 64 docs | 0 chunks | totals → 445760 docs / 0 chunks
  Flushed 64 docs | 0 chunks | totals → 445824 docs / 0 chunks
  Flushed 64 docs | 0 chunks | totals → 445888 docs / 0 chunks
  Flushed 64 docs | 0 chunks | totals → 445952 docs / 0 chunks
  Flushed 64 docs | 0 chunks | totals → 446016 docs / 0 chunks
  Flushed 64 docs | 0 chunks | totals → 446080 docs / 0 chunks
  Flushed 64 docs | 0 chunks | totals → 446144 docs / 0 chunks
  Flushed 64 docs | 0 chunks | totals → 446208 docs / 0 chunks
  Flushed 64 docs | 0 chunks | totals → 446272 docs / 0 chunks
  Flushed 64 docs | 0 chunks | totals → 446336 docs / 0 chunks
  Flushed 64 docs | 0 chunks | totals → 446400 docs / 0 chunks
  Flushed 64 docs | 0 chunks | totals → 446464 docs / 0 chunks
  Flushed 64 docs | 0 chunks | totals → 446528 docs / 0 chunks
  Flushed 64 docs | 0 chunks | totals → 446592 docs / 0 chunks
  Flushed 64 docs | 0 chunks | totals → 446656 docs / 0 chunks
  Flushed 64 docs | 0 chunks | totals → 446720 docs / 0 chunks
  Flushed 64 docs | 0 chunks | totals → 446784 docs / 0 chunks
  Flushed 64 docs | 0 chunks | totals → 446848 docs / 0 chunks
  Flushed 64 docs | 0 chunks | totals → 446912 docs / 0 chunks
  Flushed 64 docs | 0 chunks | totals → 446976 docs / 0 chunks
  Flushed 64 docs | 0 chunks | totals → 447040 docs / 0 chunks
  Flushed 64 docs | 0 chunks | totals → 447104 docs / 0 chunks
  Flushed 64 docs | 0 chunks | totals → 447168 docs / 0 chunks
  Flushed 64 docs | 0 chunks | totals → 447232 docs / 0 chunks
  Flushed 64 docs | 0 chunks | totals → 447296 docs / 0 chunks
  Flushed 64 docs | 0 chunks | totals → 447360 docs / 0 chunks
  Flushed 64 docs | 0 chunks | totals → 447424 docs / 0 chunks
  Flushed 64 docs | 0 chunks | totals → 447488 docs / 0 chunks
  Flushed 64 docs | 0 chunks | totals → 447552 docs / 0 chunks
  Flushed 64 docs | 0 chunks | totals → 447616 docs / 0 chunks
  Flushed 64 docs | 0 chunks | totals → 447680 docs / 0 chunks
  Flushed 64 docs | 0 chunks | totals → 447744 docs / 0 chunks
  Flushed 64 docs | 0 chunks | totals → 447808 docs / 0 chunks
  Flushed 64 docs | 0 chunks | totals → 447872 docs / 0 chunks
  Flushed 64 docs | 0 chunks | totals → 447936 docs / 0 chunks
  Flushed 64 docs | 0 chunks | totals → 448000 docs / 0 chunks
  Flushed 64 docs | 0 chunks | totals → 448064 docs / 0 chunks
  Flushed 64 docs | 0 chunks | totals → 448128 docs / 0 chunks
  Flushed 64 docs | 0 chunks | totals → 448192 docs / 0 chunks
  Flushed 64 docs | 0 chunks | totals → 448256 docs / 0 chunks
  Flushed 64 docs | 0 chunks | totals → 448320 docs / 0 chunks
  Flushed 64 docs | 0 chunks | totals → 448384 docs / 0 chunks
  Flushed 64 docs | 0 chunks | totals → 448448 docs / 0 chunks
  Flushed 64 docs | 0 chunks | totals → 448512 docs / 0 chunks
  Flushed 64 docs | 0 chunks | totals → 448576 docs / 0 chunks
  Flushed 64 docs | 0 chunks | totals → 448640 docs / 0 chunks
  Flushed 64 docs | 0 chunks | totals → 448704 docs / 0 chunks
  Flushed 64 docs | 0 chunks | totals → 448768 docs / 0 chunks
  Flushed 64 docs | 0 chunks | totals → 448832 docs / 0 chunks
  Flushed 64 docs | 0 chunks | totals → 448896 docs / 0 chunks
  Flushed 64 docs | 0 chunks | totals → 448960 docs / 0 chunks
  Flushed 64 docs | 0 chunks | totals → 449024 docs / 0 chunks
  Flushed 64 docs | 0 chunks | totals → 449088 docs / 0 chunks
  Flushed 64 docs | 0 chunks | totals → 449152 docs / 0 chunks
  Flushed 64 docs | 0 chunks | totals → 449216 docs / 0 chunks
  Flushed 64 docs | 0 chunks | totals → 449280 docs / 0 chunks
  Flushed 64 docs | 0 chunks | totals → 449344 docs / 0 chunks
  Flushed 64 docs | 0 chunks | totals → 449408 docs / 0 chunks
  Flushed 64 docs | 0 chunks | totals → 449472 docs / 0 chunks
  Flushed 64 docs | 0 chunks | totals → 449536 docs / 0 chunks
  Flushed 64 docs | 0 chunks | totals → 449600 docs / 0 chunks
  Flushed 64 docs | 0 chunks | totals → 449664 docs / 0 chunks
  Flushed 64 docs | 0 chunks | totals → 449728 docs / 0 chunks
  Flushed 64 docs | 0 chunks | totals → 449792 docs / 0 chunks
  Flushed 64 docs | 0 chunks | totals → 449856 docs / 0 chunks
  Flushed 64 docs | 0 chunks | totals → 449920 docs / 0 chunks
  Flushed 64 docs | 0 chunks | totals → 449984 docs / 0 chunks
  Flushed 64 docs | 0 chunks | totals → 450048 docs / 0 chunks
  Flushed 64 docs | 0 chunks | totals → 450112 docs / 0 chunks
  Flushed 64 docs | 0 chunks | totals → 450176 docs / 0 chunks
  Flushed 64 docs | 0 chunks | totals → 450240 docs / 0 chunks
  Flushed 64 docs | 0 chunks | totals → 450304 docs / 0 chunks
  Flushed 64 docs | 0 chunks | totals → 450368 docs / 0 chunks
  Flushed 64 docs | 0 chunks | totals → 450432 docs / 0 chunks
  Flushed 64 docs | 0 chunks | totals → 450496 docs / 0 chunks
  Flushed 64 docs | 0 chunks | totals → 450560 docs / 0 chunks
  Flushed 64 docs | 0 chunks | totals → 450624 docs / 0 chunks
  Flushed 64 docs | 0 chunks | totals → 450688 docs / 0 chunks
  Flushed 64 docs | 0 chunks | totals → 450752 docs / 0 chunks
  Flushed 64 docs | 0 chunks | totals → 450816 docs / 0 chunks
  Flushed 64 docs | 0 chunks | totals → 450880 docs / 0 chunks
  Flushed 64 docs | 0 chunks | totals → 450944 docs / 0 chunks
  Flushed 64 docs | 0 chunks | totals → 451008 docs / 0 chunks
  Flushed 64 docs | 0 chunks | totals → 451072 docs / 0 chunks
  Flushed 64 docs | 0 chunks | totals → 451136 docs / 0 chunks
  Flushed 64 docs | 0 chunks | totals → 451200 docs / 0 chunks
  Flushed 64 docs | 0 chunks | totals → 451264 docs / 0 chunks
  Flushed 64 docs | 0 chunks | totals → 451328 docs / 0 chunks
  Flushed 64 docs | 0 chunks | totals → 451392 docs / 0 chunks
  Flushed 64 docs | 0 chunks | totals → 451456 docs / 0 chunks
  Flushed 64 docs | 0 chunks | totals → 451520 docs / 0 chunks
  Flushed 64 docs | 0 chunks | totals → 451584 docs / 0 chunks
  Flushed 64 docs | 0 chunks | totals → 451648 docs / 0 chunks
  Flushed 64 docs | 0 chunks | totals → 451712 docs / 0 chunks
  Flushed 64 docs | 0 chunks | totals → 451776 docs / 0 chunks
  Flushed 64 docs | 0 chunks | totals → 451840 docs / 0 chunks
  Flushed 64 docs | 0 chunks | totals → 451904 docs / 0 chunks
  Flushed 64 docs | 0 chunks | totals → 451968 docs / 0 chunks
  Flushed 64 docs | 0 chunks | totals → 452032 docs / 0 chunks
  Flushed 64 docs | 0 chunks | totals → 452096 docs / 0 chunks
  Flushed 64 docs | 0 chunks | totals → 452160 docs / 0 chunks
  Flushed 64 docs | 0 chunks | totals → 452224 docs / 0 chunks
  Flushed 64 docs | 0 chunks | totals → 452288 docs / 0 chunks
  Flushed 64 docs | 0 chunks | totals → 452352 docs / 0 chunks
  Flushed 64 docs | 0 chunks | totals → 452416 docs / 0 chunks
  Flushed 64 docs | 0 chunks | totals → 452480 docs / 0 chunks
  Flushed 64 docs | 0 chunks | totals → 452544 docs / 0 chunks
  Flushed 64 docs | 0 chunks | totals → 452608 docs / 0 chunks
  Flushed 64 docs | 0 chunks | totals → 452672 docs / 0 chunks
  Flushed 64 docs | 0 chunks | totals → 452736 docs / 0 chunks
  Flushed 64 docs | 0 chunks | totals → 452800 docs / 0 chunks
  Flushed 64 docs | 0 chunks | totals → 452864 docs / 0 chunks
  Flushed 64 docs | 0 chunks | totals → 452928 docs / 0 chunks
  Flushed 64 docs | 0 chunks | totals → 452992 docs / 0 chunks
  Flushed 64 docs | 0 chunks | totals → 453056 docs / 0 chunks
  Flushed 64 docs | 0 chunks | totals → 453120 docs / 0 chunks
  Flushed 64 docs | 0 chunks | totals → 453184 docs / 0 chunks
  Flushed 64 docs | 0 chunks | totals → 453248 docs / 0 chunks
  Flushed 64 docs | 0 chunks | totals → 453312 docs / 0 chunks
  Flushed 64 docs | 0 chunks | totals → 453376 docs / 0 chunks
  Flushed 64 docs | 0 chunks | totals → 453440 docs / 0 chunks
  Flushed 64 docs | 0 chunks | totals → 453504 docs / 0 chunks
  Flushed 64 docs | 0 chunks | totals → 453568 docs / 0 chunks
  Flushed 64 docs | 0 chunks | totals → 453632 docs / 0 chunks
  Flushed 64 docs | 0 chunks | totals → 453696 docs / 0 chunks
  Flushed 64 docs | 0 chunks | totals → 453760 docs / 0 chunks
  Flushed 64 docs | 0 chunks | totals → 453824 docs / 0 chunks
  Flushed 64 docs | 0 chunks | totals → 453888 docs / 0 chunks
  Flushed 64 docs | 0 chunks | totals → 453952 docs / 0 chunks
  Flushed 64 docs | 0 chunks | totals → 454016 docs / 0 chunks
  Flushed 64 docs | 0 chunks | totals → 454080 docs / 0 chunks
  Flushed 64 docs | 0 chunks | totals → 454144 docs / 0 chunks
  Flushed 64 docs | 0 chunks | totals → 454208 docs / 0 chunks
  Flushed 64 docs | 0 chunks | totals → 454272 docs / 0 chunks
  Flushed 64 docs | 0 chunks | totals → 454336 docs / 0 chunks
  Flushed 64 docs | 0 chunks | totals → 454400 docs / 0 chunks
  Flushed 64 docs | 0 chunks | totals → 454464 docs / 0 chunks
  Flushed 64 docs | 0 chunks | totals → 454528 docs / 0 chunks
  Flushed 64 docs | 0 chunks | totals → 454592 docs / 0 chunks
  Flushed 64 docs | 0 chunks | totals → 454656 docs / 0 chunks
  Flushed 64 docs | 0 chunks | totals → 454720 docs / 0 chunks
  Flushed 64 docs | 0 chunks | totals → 454784 docs / 0 chunks
  Flushed 64 docs | 0 chunks | totals → 454848 docs / 0 chunks
  Flushed 64 docs | 0 chunks | totals → 454912 docs / 0 chunks
  Flushed 64 docs | 0 chunks | totals → 454976 docs / 0 chunks
  Flushed 64 docs | 0 chunks | totals → 455040 docs / 0 chunks
  Flushed 64 docs | 0 chunks | totals → 455104 docs / 0 chunks
  Flushed 64 docs | 0 chunks | totals → 455168 docs / 0 chunks
  Flushed 64 docs | 0 chunks | totals → 455232 docs / 0 chunks
  Flushed 64 docs | 0 chunks | totals → 455296 docs / 0 chunks
  Flushed 64 docs | 0 chunks | totals → 455360 docs / 0 chunks
  Flushed 64 docs | 0 chunks | totals → 455424 docs / 0 chunks
  Flushed 64 docs | 0 chunks | totals → 455488 docs / 0 chunks
  Flushed 64 docs | 0 chunks | totals → 455552 docs / 0 chunks
  Flushed 64 docs | 0 chunks | totals → 455616 docs / 0 chunks
  Flushed 64 docs | 0 chunks | totals → 455680 docs / 0 chunks
  Flushed 64 docs | 0 chunks | totals → 455744 docs / 0 chunks
  Flushed 64 docs | 0 chunks | totals → 455808 docs / 0 chunks
  Flushed 64 docs | 0 chunks | totals → 455872 docs / 0 chunks
  Flushed 64 docs | 0 chunks | totals → 455936 docs / 0 chunks
  Flushed 64 docs | 0 chunks | totals → 456000 docs / 0 chunks
  Flushed 64 docs | 0 chunks | totals → 456064 docs / 0 chunks
  Flushed 64 docs | 0 chunks | totals → 456128 docs / 0 chunks
  Flushed 64 docs | 0 chunks | totals → 456192 docs / 0 chunks
  Flushed 64 docs | 0 chunks | totals → 456256 docs / 0 chunks
  Flushed 64 docs | 0 chunks | totals → 456320 docs / 0 chunks
  Flushed 64 docs | 0 chunks | totals → 456384 docs / 0 chunks
  Flushed 64 docs | 0 chunks | totals → 456448 docs / 0 chunks
  Flushed 64 docs | 0 chunks | totals → 456512 docs / 0 chunks
  Flushed 64 docs | 0 chunks | totals → 456576 docs / 0 chunks
  Flushed 64 docs | 0 chunks | totals → 456640 docs / 0 chunks
  Flushed 64 docs | 0 chunks | totals → 456704 docs / 0 chunks
  Flushed 64 docs | 0 chunks | totals → 456768 docs / 0 chunks
  Flushed 64 docs | 0 chunks | totals → 456832 docs / 0 chunks
  Flushed 64 docs | 0 chunks | totals → 456896 docs / 0 chunks
  Flushed 64 docs | 0 chunks | totals → 456960 docs / 0 chunks
  Flushed 64 docs | 0 chunks | totals → 457024 docs / 0 chunks
  Flushed 64 docs | 0 chunks | totals → 457088 docs / 0 chunks
  Flushed 64 docs | 0 chunks | totals → 457152 docs / 0 chunks
  Flushed 64 docs | 0 chunks | totals → 457216 docs / 0 chunks
  Flushed 64 docs | 0 chunks | totals → 457280 docs / 0 chunks
  Flushed 64 docs | 0 chunks | totals → 457344 docs / 0 chunks
  Flushed 64 docs | 0 chunks | totals → 457408 docs / 0 chunks
  Flushed 64 docs | 0 chunks | totals → 457472 docs / 0 chunks
  Flushed 64 docs | 0 chunks | totals → 457536 docs / 0 chunks
  Flushed 64 docs | 0 chunks | totals → 457600 docs / 0 chunks
  Flushed 64 docs | 0 chunks | totals → 457664 docs / 0 chunks
  Flushed 64 docs | 0 chunks | totals → 457728 docs / 0 chunks
  Flushed 64 docs | 0 chunks | totals → 457792 docs / 0 chunks
  Flushed 64 docs | 0 chunks | totals → 457856 docs / 0 chunks
  Flushed 64 docs | 0 chunks | totals → 457920 docs / 0 chunks
  Flushed 64 docs | 0 chunks | totals → 457984 docs / 0 chunks
  Flushed 64 docs | 0 chunks | totals → 458048 docs / 0 chunks
  Flushed 64 docs | 0 chunks | totals → 458112 docs / 0 chunks
  Flushed 64 docs | 0 chunks | totals → 458176 docs / 0 chunks
  Flushed 64 docs | 0 chunks | totals → 458240 docs / 0 chunks
  Flushed 64 docs | 0 chunks | totals → 458304 docs / 0 chunks
  Flushed 64 docs | 0 chunks | totals → 458368 docs / 0 chunks
  Flushed 64 docs | 0 chunks | totals → 458432 docs / 0 chunks
  Flushed 64 docs | 0 chunks | totals → 458496 docs / 0 chunks
  Flushed 64 docs | 0 chunks | totals → 458560 docs / 0 chunks
  Flushed 64 docs | 0 chunks | totals → 458624 docs / 0 chunks
  Flushed 64 docs | 0 chunks | totals → 458688 docs / 0 chunks
  Flushed 64 docs | 0 chunks | totals → 458752 docs / 0 chunks
  Flushed 64 docs | 0 chunks | totals → 458816 docs / 0 chunks
  Flushed 64 docs | 0 chunks | totals → 458880 docs / 0 chunks
  Flushed 64 docs | 0 chunks | totals → 458944 docs / 0 chunks
  Flushed 64 docs | 0 chunks | totals → 459008 docs / 0 chunks
  Flushed 64 docs | 0 chunks | totals → 459072 docs / 0 chunks
  Flushed 64 docs | 0 chunks | totals → 459136 docs / 0 chunks
  Flushed 64 docs | 0 chunks | totals → 459200 docs / 0 chunks
  Flushed 64 docs | 0 chunks | totals → 459264 docs / 0 chunks
  Flushed 64 docs | 0 chunks | totals → 459328 docs / 0 chunks
  Flushed 64 docs | 0 chunks | totals → 459392 docs / 0 chunks
  Flushed 64 docs | 0 chunks | totals → 459456 docs / 0 chunks
  Flushed 64 docs | 0 chunks | totals → 459520 docs / 0 chunks
  Flushed 64 docs | 0 chunks | totals → 459584 docs / 0 chunks
  Flushed 64 docs | 0 chunks | totals → 459648 docs / 0 chunks
  Flushed 64 docs | 0 chunks | totals → 459712 docs / 0 chunks
  Flushed 64 docs | 0 chunks | totals → 459776 docs / 0 chunks
  Flushed 64 docs | 0 chunks | totals → 459840 docs / 0 chunks
  Flushed 64 docs | 0 chunks | totals → 459904 docs / 0 chunks
  Flushed 64 docs | 0 chunks | totals → 459968 docs / 0 chunks
  Flushed 64 docs | 0 chunks | totals → 460032 docs / 0 chunks
  Flushed 64 docs | 0 chunks | totals → 460096 docs / 0 chunks
  Flushed 64 docs | 0 chunks | totals → 460160 docs / 0 chunks
  Flushed 64 docs | 0 chunks | totals → 460224 docs / 0 chunks
  Flushed 64 docs | 0 chunks | totals → 460288 docs / 0 chunks
  Flushed 64 docs | 0 chunks | totals → 460352 docs / 0 chunks
  Flushed 64 docs | 0 chunks | totals → 460416 docs / 0 chunks
  Flushed 64 docs | 0 chunks | totals → 460480 docs / 0 chunks
  Flushed 64 docs | 0 chunks | totals → 460544 docs / 0 chunks
  Flushed 64 docs | 0 chunks | totals → 460608 docs / 0 chunks
  Flushed 64 docs | 0 chunks | totals → 460672 docs / 0 chunks
  Flushed 64 docs | 0 chunks | totals → 460736 docs / 0 chunks
  Flushed 64 docs | 0 chunks | totals → 460800 docs / 0 chunks
  Flushed 64 docs | 0 chunks | totals → 460864 docs / 0 chunks
  Flushed 64 docs | 0 chunks | totals → 460928 docs / 0 chunks
  Flushed 64 docs | 0 chunks | totals → 460992 docs / 0 chunks
  Flushed 64 docs | 0 chunks | totals → 461056 docs / 0 chunks
  Flushed 64 docs | 0 chunks | totals → 461120 docs / 0 chunks
  Flushed 64 docs | 0 chunks | totals → 461184 docs / 0 chunks
  Flushed 64 docs | 0 chunks | totals → 461248 docs / 0 chunks
  Flushed 64 docs | 0 chunks | totals → 461312 docs / 0 chunks
  Flushed 64 docs | 0 chunks | totals → 461376 docs / 0 chunks
  Flushed 64 docs | 0 chunks | totals → 461440 docs / 0 chunks
  Flushed 64 docs | 0 chunks | totals → 461504 docs / 0 chunks
  Flushed 64 docs | 0 chunks | totals → 461568 docs / 0 chunks
  Flushed 64 docs | 0 chunks | totals → 461632 docs / 0 chunks
  Flushed 64 docs | 0 chunks | totals → 461696 docs / 0 chunks
  Flushed 64 docs | 0 chunks | totals → 461760 docs / 0 chunks
  Flushed 64 docs | 0 chunks | totals → 461824 docs / 0 chunks
  Flushed 64 docs | 0 chunks | totals → 461888 docs / 0 chunks
  Flushed 64 docs | 0 chunks | totals → 461952 docs / 0 chunks
  Flushed 64 docs | 0 chunks | totals → 462016 docs / 0 chunks
  Flushed 64 docs | 0 chunks | totals → 462080 docs / 0 chunks
  Flushed 64 docs | 0 chunks | totals → 462144 docs / 0 chunks
  Flushed 64 docs | 0 chunks | totals → 462208 docs / 0 chunks
  Flushed 64 docs | 0 chunks | totals → 462272 docs / 0 chunks
  Flushed 64 docs | 0 chunks | totals → 462336 docs / 0 chunks
  Flushed 64 docs | 0 chunks | totals → 462400 docs / 0 chunks
  Flushed 64 docs | 0 chunks | totals → 462464 docs / 0 chunks
  Flushed 64 docs | 0 chunks | totals → 462528 docs / 0 chunks
  Flushed 64 docs | 0 chunks | totals → 462592 docs / 0 chunks
  Flushed 64 docs | 0 chunks | totals → 462656 docs / 0 chunks
  Flushed 64 docs | 0 chunks | totals → 462720 docs / 0 chunks
  Flushed 64 docs | 0 chunks | totals → 462784 docs / 0 chunks
  Flushed 64 docs | 0 chunks | totals → 462848 docs / 0 chunks
  Flushed 64 docs | 0 chunks | totals → 462912 docs / 0 chunks
  Flushed 64 docs | 0 chunks | totals → 462976 docs / 0 chunks
  Flushed 64 docs | 0 chunks | totals → 463040 docs / 0 chunks
  Flushed 64 docs | 0 chunks | totals → 463104 docs / 0 chunks
  Flushed 64 docs | 0 chunks | totals → 463168 docs / 0 chunks
  Flushed 64 docs | 0 chunks | totals → 463232 docs / 0 chunks
  Flushed 64 docs | 0 chunks | totals → 463296 docs / 0 chunks
  Flushed 64 docs | 0 chunks | totals → 463360 docs / 0 chunks
  Flushed 64 docs | 0 chunks | totals → 463424 docs / 0 chunks
  Flushed 64 docs | 0 chunks | totals → 463488 docs / 0 chunks
  Flushed 64 docs | 0 chunks | totals → 463552 docs / 0 chunks
  Flushed 64 docs | 0 chunks | totals → 463616 docs / 0 chunks
  Flushed 64 docs | 0 chunks | totals → 463680 docs / 0 chunks
  Flushed 64 docs | 0 chunks | totals → 463744 docs / 0 chunks
  Flushed 64 docs | 0 chunks | totals → 463808 docs / 0 chunks
  Flushed 64 docs | 0 chunks | totals → 463872 docs / 0 chunks
  Flushed 64 docs | 0 chunks | totals → 463936 docs / 0 chunks
  Flushed 64 docs | 0 chunks | totals → 464000 docs / 0 chunks
  Flushed 64 docs | 0 chunks | totals → 464064 docs / 0 chunks
  Flushed 64 docs | 0 chunks | totals → 464128 docs / 0 chunks
  Flushed 64 docs | 0 chunks | totals → 464192 docs / 0 chunks
  Flushed 64 docs | 0 chunks | totals → 464256 docs / 0 chunks
  Flushed 64 docs | 0 chunks | totals → 464320 docs / 0 chunks
  Flushed 64 docs | 0 chunks | totals → 464384 docs / 0 chunks
  Flushed 64 docs | 0 chunks | totals → 464448 docs / 0 chunks
  Flushed 64 docs | 0 chunks | totals → 464512 docs / 0 chunks
  Flushed 64 docs | 0 chunks | totals → 464576 docs / 0 chunks
  Flushed 64 docs | 0 chunks | totals → 464640 docs / 0 chunks
  Flushed 64 docs | 0 chunks | totals → 464704 docs / 0 chunks
  Flushed 64 docs | 0 chunks | totals → 464768 docs / 0 chunks
  Flushed 64 docs | 0 chunks | totals → 464832 docs / 0 chunks
  Flushed 64 docs | 0 chunks | totals → 464896 docs / 0 chunks
  Flushed 64 docs | 0 chunks | totals → 464960 docs / 0 chunks
  Flushed 64 docs | 0 chunks | totals → 465024 docs / 0 chunks
  Flushed 64 docs | 0 chunks | totals → 465088 docs / 0 chunks
  Flushed 64 docs | 0 chunks | totals → 465152 docs / 0 chunks
  Flushed 64 docs | 0 chunks | totals → 465216 docs / 0 chunks
  Flushed 64 docs | 0 chunks | totals → 465280 docs / 0 chunks
  Flushed 64 docs | 0 chunks | totals → 465344 docs / 0 chunks
  Flushed 64 docs | 0 chunks | totals → 465408 docs / 0 chunks
  Flushed 64 docs | 0 chunks | totals → 465472 docs / 0 chunks
  Flushed 64 docs | 0 chunks | totals → 465536 docs / 0 chunks
  Flushed 64 docs | 0 chunks | totals → 465600 docs / 0 chunks
  Flushed 64 docs | 0 chunks | totals → 465664 docs / 0 chunks
  Flushed 64 docs | 0 chunks | totals → 465728 docs / 0 chunks
  Flushed 64 docs | 0 chunks | totals → 465792 docs / 0 chunks
  Flushed 64 docs | 0 chunks | totals → 465856 docs / 0 chunks
  Flushed 64 docs | 0 chunks | totals → 465920 docs / 0 chunks
  Flushed 64 docs | 0 chunks | totals → 465984 docs / 0 chunks
  Flushed 64 docs | 0 chunks | totals → 466048 docs / 0 chunks
  Flushed 64 docs | 0 chunks | totals → 466112 docs / 0 chunks
  Flushed 64 docs | 0 chunks | totals → 466176 docs / 0 chunks
  Flushed 64 docs | 0 chunks | totals → 466240 docs / 0 chunks
  Flushed 64 docs | 0 chunks | totals → 466304 docs / 0 chunks
  Flushed 64 docs | 0 chunks | totals → 466368 docs / 0 chunks
  Flushed 64 docs | 0 chunks | totals → 466432 docs / 0 chunks
  Flushed 64 docs | 0 chunks | totals → 466496 docs / 0 chunks
  Flushed 64 docs | 0 chunks | totals → 466560 docs / 0 chunks
  Flushed 64 docs | 0 chunks | totals → 466624 docs / 0 chunks
  Flushed 64 docs | 0 chunks | totals → 466688 docs / 0 chunks
  Flushed 64 docs | 0 chunks | totals → 466752 docs / 0 chunks
  Flushed 64 docs | 0 chunks | totals → 466816 docs / 0 chunks
  Flushed 64 docs | 0 chunks | totals → 466880 docs / 0 chunks
  Flushed 64 docs | 0 chunks | totals → 466944 docs / 0 chunks
  Flushed 64 docs | 0 chunks | totals → 467008 docs / 0 chunks
  Flushed 64 docs | 0 chunks | totals → 467072 docs / 0 chunks
  Flushed 64 docs | 0 chunks | totals → 467136 docs / 0 chunks
  Flushed 64 docs | 0 chunks | totals → 467200 docs / 0 chunks
  Flushed 64 docs | 0 chunks | totals → 467264 docs / 0 chunks
  Flushed 64 docs | 0 chunks | totals → 467328 docs / 0 chunks
  Flushed 64 docs | 0 chunks | totals → 467392 docs / 0 chunks
  Flushed 64 docs | 0 chunks | totals → 467456 docs / 0 chunks
  Flushed 64 docs | 0 chunks | totals → 467520 docs / 0 chunks
  Flushed 64 docs | 0 chunks | totals → 467584 docs / 0 chunks
  Flushed 64 docs | 0 chunks | totals → 467648 docs / 0 chunks
  Flushed 64 docs | 0 chunks | totals → 467712 docs / 0 chunks
  Flushed 64 docs | 0 chunks | totals → 467776 docs / 0 chunks
  Flushed 64 docs | 0 chunks | totals → 467840 docs / 0 chunks
  Flushed 64 docs | 0 chunks | totals → 467904 docs / 0 chunks
  Flushed 64 docs | 0 chunks | totals → 467968 docs / 0 chunks
  Flushed 64 docs | 0 chunks | totals → 468032 docs / 0 chunks
  Flushed 64 docs | 0 chunks | totals → 468096 docs / 0 chunks
  Flushed 64 docs | 0 chunks | totals → 468160 docs / 0 chunks
  Flushed 64 docs | 0 chunks | totals → 468224 docs / 0 chunks
  Flushed 64 docs | 0 chunks | totals → 468288 docs / 0 chunks
  Flushed 64 docs | 0 chunks | totals → 468352 docs / 0 chunks
  Flushed 64 docs | 0 chunks | totals → 468416 docs / 0 chunks
  Flushed 64 docs | 0 chunks | totals → 468480 docs / 0 chunks
  Flushed 64 docs | 0 chunks | totals → 468544 docs / 0 chunks
  Flushed 64 docs | 0 chunks | totals → 468608 docs / 0 chunks
  Flushed 64 docs | 0 chunks | totals → 468672 docs / 0 chunks
  Flushed 64 docs | 0 chunks | totals → 468736 docs / 0 chunks
  Flushed 64 docs | 0 chunks | totals → 468800 docs / 0 chunks
  Flushed 64 docs | 0 chunks | totals → 468864 docs / 0 chunks
  Flushed 64 docs | 0 chunks | totals → 468928 docs / 0 chunks
  Flushed 64 docs | 0 chunks | totals → 468992 docs / 0 chunks
  Flushed 64 docs | 0 chunks | totals → 469056 docs / 0 chunks
  Flushed 64 docs | 0 chunks | totals → 469120 docs / 0 chunks
  Flushed 64 docs | 0 chunks | totals → 469184 docs / 0 chunks
  Flushed 64 docs | 0 chunks | totals → 469248 docs / 0 chunks
  Flushed 64 docs | 0 chunks | totals → 469312 docs / 0 chunks
  Flushed 64 docs | 0 chunks | totals → 469376 docs / 0 chunks
  Flushed 64 docs | 0 chunks | totals → 469440 docs / 0 chunks
  Flushed 64 docs | 0 chunks | totals → 469504 docs / 0 chunks
  Flushed 64 docs | 0 chunks | totals → 469568 docs / 0 chunks
  Flushed 64 docs | 0 chunks | totals → 469632 docs / 0 chunks
  Flushed 64 docs | 0 chunks | totals → 469696 docs / 0 chunks
  Flushed 64 docs | 0 chunks | totals → 469760 docs / 0 chunks
  Flushed 64 docs | 0 chunks | totals → 469824 docs / 0 chunks
  Flushed 64 docs | 0 chunks | totals → 469888 docs / 0 chunks
  Flushed 64 docs | 0 chunks | totals → 469952 docs / 0 chunks
  Flushed 2 docs | 0 chunks | totals → 469954 docs / 0 chunks

✓ Ingestion complete.
  Documents ingested : 469954
  Chunks created     : 0
  Records skipped    : 0
