{
  "answer_relevancy": 0.6429869127785794,
  "contextual_recall": 0.47777777777777775,
  "contextual_precision": 0.16666666666666666
}