{
  "answer_relevancy": 0.6096747872403243,
  "contextual_recall": 0.4759259259259259,
  "contextual_precision": 0.19444444444444445
}