{
  "faithfulness": 0.6,
  "answer_relevancy": 0.5108954282433009,
  "context_precision": 0.06666666666,
  "context_recall": 0.1,
  "nv_context_relevance": 0.2
}